t,handIndex,x_raw,y_raw,x_refined,y_refined,tapScore,tapSpeed,tapDist,tapLabel
9622.399999976158,0,0.46318355202674866,1.1609442234039307,681.1533519024737,865.2794799839152,,,,
9670.100000023842,0,0.49867773056030273,1.2074023485183716,633.8896352456553,898.2971765925928,,,,
9716.799999952316,0,0.4984833300113678,1.2278668880462646,635.1509489304411,913.2855663052636,,,,
9773.399999976158,0,0.4990731477737427,1.1244109869003296,630.6333759996683,837.658543986368,,,,
9829.899999976158,0,0.4749918580055237,0.9342585802078247,659.3185938199466,699.849214808056,,,,
9829.899999976158,1,0.861433207988739,1.024038553237915,184.3926334972482,766.4731369044592,,,,
9898.5,0,0.3917415738105774,0.6794722676277161,765.7127467233131,516.3248447783658,,,,
9898.5,1,0.7250774502754211,0.6788829565048218,361.99174789580866,517.0477030407878,,,,
9958.5,0,0.3494057059288025,0.5592233538627625,819.694931246154,429.6461064969551,,,,
9958.5,1,0.6837287545204163,0.6188406944274902,416.0891751136835,473.37119479828544,,,,
10014.399999976158,0,0.3510134518146515,0.5438662767410278,820.3413358122441,419.73759002802916,,,,
10014.399999976158,1,0.6551623344421387,0.5575217008590698,455.05126540704384,428.1257398873919,,,,
10073.5,0,0.33670783042907715,0.4956907629966736,836.5515071380064,384.1863003025054,,,,
10073.5,1,0.6316544413566589,0.5064926147460938,484.07446574233006,391.9040370215991,,,,
10127.399999976158,0,0.32650119066238403,0.45350000262260437,851.3881846617132,354.5506578229058,,,,
10127.399999976158,1,0.5889744758605957,0.29491671919822693,542.8882932976094,237.21127609347303,,,,
10185.699999928474,0,0.3470335304737091,0.42348700761795044,827.4239984245025,333.7184827569272,,,,
10185.699999928474,1,0.5736892223358154,0.22304365038871765,556.389299917967,188.61398475103312,,,,
10242.899999976158,0,0.3365015387535095,0.46601632237434387,842.0689795189452,364.6526996466379,,,,
10242.899999976158,1,0.8203591108322144,0.44121670722961426,242.59069932801913,344.8783886926944,,,,
10300.699999928474,0,0.33478009700775146,0.4534788131713867,841.6898767213086,354.8618360762844,,,,
10300.699999928474,1,0.6955534219741821,0.39457598328590393,402.89975217669814,311.0306549707223,,,,
10354.5,0,0.22410623729228973,0.4631936848163605,975.298398080673,357.61446730348337,,,,
10399.899999976158,0,0.17981663346290588,0.46322935819625854,1032.7001358850205,358.1504581718734,,,,
10442.399999976158,0,0.2155647873878479,0.4541189670562744,984.243579743486,349.4741564352684,,,,
10484,0,0.16642475128173828,0.4185057282447815,1048.439288075551,324.91180137864336,,,,
10526.5,0,0.35820621252059937,0.3873078227043152,805.2990027444841,304.11347833596307,,,,
14422.5,0,0.22602057456970215,0.70771723985672,981.8303570641276,538.2172183449186,,,,
14478.299999952316,0,0.40703797340393066,0.6147251725196838,748.4635630452348,470.6942009348983,,,,
14478.299999952316,1,0.5651999115943909,0.5990450382232666,569.8856388515184,458.1825539104932,,,,
14534,0,0.4193112254142761,0.6452869176864624,731.4079106959327,492.15680314689376,,,,
14534,1,0.5436094403266907,0.6313128471374512,596.5973364381696,481.85472959611985,,,,
14591.600000023842,0,0.4299094080924988,0.6581530570983887,718.4609129337005,501.678904220175,,,,
14591.600000023842,1,0.5341112613677979,0.6227709650993347,609.8107941587341,475.19943495050524,,,,
14646.299999952316,0,0.4279978275299072,0.6545527577400208,722.2904606934468,499.60707480049035,,,,
14646.299999952316,1,0.535444974899292,0.6326903104782104,607.5714397137866,482.60232093207486,,,,
14702.799999952316,0,0.4313286542892456,0.6671770811080933,719.4765968211051,509.1608603407052,,,,
14702.799999952316,1,0.548424243927002,0.6718500852584839,590.790475839569,510.87681210672605,,,,
14758.199999928474,0,0.43526679277420044,0.6695760488510132,713.9149284680635,510.7306144118561,,,,
14758.199999928474,1,0.5484533905982971,0.6756483912467957,591.2958540602137,513.3495308611865,,,,
14814.5,0,0.43640565872192383,0.6712833642959595,711.8779510645136,511.77250503364723,,,,
14814.5,1,0.5441828370094299,0.6741924285888672,596.9699164919605,512.1973243993755,,,,
14868.5,0,0.4416404366493225,0.6677395105361938,704.9680916859476,509.1499962469156,,,,
14868.5,1,0.5446048974990845,0.6790250539779663,596.077115915128,515.8519741003302,,,,
14925.799999952316,0,0.44840991497039795,0.6669939756393433,696.153222985278,508.56134655094695,,,,
14925.799999952316,1,0.5436204075813293,0.6783557534217834,597.1452193631236,515.4630776959917,,,,
14980.100000023842,0,0.44895023107528687,0.6662789583206177,694.8562685256413,507.8280322131966,,,,
14980.100000023842,1,0.5446217656135559,0.6818786859512329,595.719843975506,518.0680499511307,,,,
15036.899999976158,0,0.4498049020767212,0.6652517318725586,694.3994619885483,507.3180130282247,,,,
15036.899999976158,1,0.5461573004722595,0.684377133846283,593.5937543077334,519.942377981258,,,,
15090.100000023842,0,0.45164191722869873,0.6640983819961548,692.2358256371432,506.55216777456036,,,,
15090.100000023842,1,0.5479867458343506,0.6846854090690613,591.427869172602,520.0816901627869,,,,
15148.799999952316,0,0.4504455327987671,0.6636064648628235,693.7665785706187,506.1977767922457,,,,
15148.799999952316,1,0.5520487427711487,0.6837989091873169,585.8429965977404,519.6228330221941,,,,
15204.299999952316,0,0.4498900771141052,0.6624916195869446,694.475246699519,505.3943003873067,,,,
15204.299999952316,1,0.5550442337989807,0.6777142286300659,581.9909952867398,515.2499749029929,,,,
15260.399999976158,0,0.4469074010848999,0.6624430418014526,698.1006736718169,505.29311678948113,,,,
15260.399999976158,1,0.5583725571632385,0.6707280278205872,578.5311210996136,509.8405439728605,,,,
15314.299999952316,0,0.446309894323349,0.6624963283538818,698.5817025151105,505.2311532750082,,,,
15314.299999952316,1,0.5600439310073853,0.6674842834472656,576.3235977410365,507.5384910606202,,,,
15371.399999976158,0,0.4416808485984802,0.6565589904785156,703.7451877684609,500.67095220121683,,,,
15371.399999976158,1,0.5675876140594482,0.6593598127365112,566.7839138375219,501.6317183101498,,,,
15425.799999952316,0,0.4357687830924988,0.653664767742157,711.9004706273231,498.80937517951963,,,,
15425.799999952316,1,0.5745850205421448,0.6488912105560303,557.4111644872331,494.29605916449907,,,,
15482.299999952316,0,0.43576478958129883,0.6514686346054077,711.031150817397,496.8923899453115,,,,
15482.299999952316,1,0.5792735815048218,0.6451390981674194,551.54851683611,491.52816244698903,,,,
15535.699999928474,0,0.43063366413116455,0.6441725492477417,717.9377157928992,491.7729963566909,,,,
15535.699999928474,1,0.582575261592865,0.6328094005584717,547.4571449798037,482.5854457294686,,,,
15592.799999952316,0,0.4249209761619568,0.6408405303955078,725.3659442019978,489.4186669494048,,,,
15592.799999952316,1,0.5886353254318237,0.6230517625808716,539.6052350709623,475.6060980071393,,,,
15649.799999952316,0,0.4217138886451721,0.6407947540283203,729.9680716143573,489.5711637624681,,,,
15649.799999952316,1,0.5937963724136353,0.619398832321167,532.8366693192602,473.05391827232023,,,,
15708,0,0.41519683599472046,0.6367404460906982,738.7363743452271,486.8032714897155,,,,
15708,1,0.6021320223808289,0.6137790679931641,521.6104591351057,469.26572788323466,,,,
15763,0,0.41255617141723633,0.6353945732116699,741.8405389181885,485.73725359042373,,,,
15763,1,0.602783203125,0.6147318482398987,521.5488053270876,469.5901416724926,,,,
15819.600000023842,0,0.40885746479034424,0.6308630704879761,746.4289325194799,482.4220352286824,,,,
15819.600000023842,1,0.6078177690505981,0.613495945930481,514.3718954632405,469.0441605976484,,,,
15875.100000023842,0,0.40768682956695557,0.6306664943695068,748.1330615853897,482.35430425101003,,,,
15875.100000023842,1,0.6075776815414429,0.609978199005127,515.0660471170895,466.3328305621076,,,,
15932.100000023842,0,0.40490293502807617,0.6279846429824829,751.3388097492611,480.2939739970548,,,,
15932.100000023842,1,0.6121300458908081,0.6021061539649963,509.21616893138855,460.6756915226136,,,,
15988,0,0.40235990285873413,0.6299153566360474,754.7893408075488,481.7554391752717,,,,
15988,1,0.6179130673408508,0.5967957377433777,501.59484288801866,456.95389626069016,,,,
16045.299999952316,0,0.40212345123291016,0.6253112554550171,754.7496273059894,478.31448476719646,,,,
16045.299999952316,1,0.6214148998260498,0.5936533212661743,496.9915086433541,454.74661357805934,,,,
16101.199999928474,0,0.4011651277542114,0.6239904761314392,756.3834929746358,477.512857209526,,,,
16101.199999928474,1,0.6214965581893921,0.5910292267799377,497.2396315954121,452.6943894418969,,,,
16158.799999952316,0,0.40216702222824097,0.618790328502655,754.5531974463456,473.56627550846406,,,,
16158.799999952316,1,0.6240785121917725,0.5831004977226257,493.783259087581,447.05634351378023,,,,
16214,0,0.3997393846511841,0.617192804813385,758.3016000505801,472.6517610330727,,,,
16214,1,0.6258241534233093,0.581376314163208,491.51744677695604,445.8294425694362,,,,
16270.100000023842,0,0.40243619680404663,0.6168819665908813,754.7672479369243,472.3985728204187,,,,
16270.100000023842,1,0.6279768943786621,0.5726036429405212,488.7539948934083,439.5167843154583,,,,
16326.5,0,0.39992690086364746,0.6113484501838684,757.8791878449599,468.3784444776487,,,,
16326.5,1,0.6284048557281494,0.562436580657959,488.36047808740636,432.1248153919955,,,,
16384.299999952316,0,0.40279126167297363,0.6147260665893555,754.2841797809646,470.8360717527461,,,,
16384.299999952316,1,0.6269921064376831,0.5675567984580994,489.87975395277965,435.94481028816415,,,,
16439.799999952316,0,0.4029848575592041,0.6130690574645996,753.7268858406657,469.5299154929973,,,,
16439.799999952316,1,0.6283277273178101,0.5651816129684448,487.91455385426696,434.34959852441733,,,,
16494.399999976158,0,0.4042310118675232,0.6136431097984314,752.7132930063626,470.1525841620716,,,,
16494.399999976158,1,0.6234766840934753,0.5656006336212158,494.79708111846276,434.34238995269493,,,,
16550,0,0.4081457555294037,0.6147723197937012,746.7978327648219,470.6340423431145,,,,
16550,1,0.6273791193962097,0.5638152360916138,489.4949135573888,433.20029502055297,,,,
16604.899999976158,0,0.40766799449920654,0.6151812076568604,747.4812508574157,470.9560017979995,,,,
16604.899999976158,1,0.6225823163986206,0.5651271939277649,495.91566713634836,434.0139160909346,,,,
16660.299999952316,0,0.41012340784072876,0.6183372735977173,744.3880747556307,473.2473207252649,,,,
16660.299999952316,1,0.6214159727096558,0.5635367631912231,497.3024576825096,432.9187209324798,,,,
16716.199999928474,0,0.4101455807685852,0.6176413297653198,744.2862591441412,472.71823371689163,,,,
16716.199999928474,1,0.6194654107093811,0.5625838041305542,499.9052215944994,432.18271553407084,,,,
16772.299999952316,0,0.40955373644828796,0.6181488037109375,744.909412860453,473.03178069199737,,,,
16772.299999952316,1,0.6145891547203064,0.5637630224227905,506.8846722758859,432.67052718684033,,,,
16826.299999952316,0,0.4101100564002991,0.6158058643341064,744.5162202041167,471.4666442938884,,,,
16826.299999952316,1,0.6139795184135437,0.5646485090255737,507.86435207987483,433.2061407302301,,,,
16882.799999952316,0,0.41092953085899353,0.6145403385162354,743.1717038018717,470.44272760267927,,,,
16882.799999952316,1,0.6158245801925659,0.5649188160896301,505.25138853318094,433.5289508034046,,,,
16937.899999976158,0,0.4121153950691223,0.6117646098136902,741.7966665168418,468.4991391902518,,,,
16937.899999976158,1,0.6177809834480286,0.564106285572052,502.3724179518481,433.12963369807363,,,,
16996.699999928474,0,0.4110458195209503,0.6065105199813843,743.7446844801939,464.93032670042555,,,,
16996.699999928474,1,0.6186352968215942,0.5620667934417725,501.33277509665163,431.634901664314,,,,
17051.699999928474,0,0.4138932526111603,0.6008588075637817,739.229941577957,460.53415293734156,,,,
17051.699999928474,1,0.6207626461982727,0.5626294016838074,498.0786681124871,432.293438304683,,,,
17108.399999976158,0,0.41205084323883057,0.5933458209037781,741.6585106693035,455.1523622331587,,,,
17108.399999976158,1,0.6175843477249146,0.5619176626205444,502.71434356415375,431.50970804282434,,,,
17161.5,0,0.4136096239089966,0.5823243856430054,739.2880778430286,447.06743629102846,,,,
17161.5,1,0.6186749935150146,0.562935471534729,501.094583269597,432.35123631483094,,,,
17218.299999952316,0,0.4104738235473633,0.575768768787384,743.9919959557989,442.6178679246998,,,,
17218.299999952316,1,0.6167935729026794,0.5633562803268433,503.77538082158026,432.5214743138528,,,,
17273.299999952316,0,0.4081418514251709,0.5605258941650391,746.7903134756973,431.5717954267776,,,,
17273.299999952316,1,0.6154215335845947,0.5615289211273193,505.6650444157717,431.1395359293695,,,,
17328.399999976158,0,0.4060131311416626,0.5435497760772705,750.2397195024153,419.61758887182157,,,,
17328.399999976158,1,0.6157602071762085,0.5601431131362915,505.1253066869896,430.19455137370977,,,,
17383.5,0,0.40250277519226074,0.539710283279419,755.9557755215944,417.25919973415364,,,,
17383.5,1,0.6156595945358276,0.5610812902450562,505.1842520283634,430.9044628277013,,,,
17439,0,0.40196362137794495,0.5252509117126465,756.7716163780152,406.88692189653057,,,,
17439,1,0.6164596080780029,0.55758136510849,503.9716916672335,428.47633001985884,,,,
17493.600000023842,0,0.40057891607284546,0.519672155380249,758.4350538136208,402.83690420853117,,,,
17493.600000023842,1,0.6155606508255005,0.5603319406509399,505.28530143693786,430.3774924151818,,,,
17548.799999952316,0,0.39880967140197754,0.5186352133750916,761.2099008314833,402.2423785826942,,,,
17548.799999952316,1,0.6153744459152222,0.5584976077079773,505.74420674480314,428.9475472831938,,,,
17605.899999976158,0,0.3998151421546936,0.5121216177940369,759.741789633528,397.4997369631231,,,,
17605.899999976158,1,0.6162154078483582,0.553026556968689,504.31840537604967,425.18036528794596,,,,
17658.899999976158,0,0.39850765466690063,0.5088361501693726,761.7537760719005,395.23195565301944,,,,
17658.899999976158,1,0.6167709231376648,0.548236072063446,503.89792174585796,421.588577658206,,,,
17713.899999976158,0,0.3973901867866516,0.508377194404602,763.419591118566,394.9669949072411,,,,
17713.899999976158,1,0.6158337593078613,0.5474814772605896,504.8691702682978,421.1576751614726,,,,
17770.299999952316,0,0.3979496657848358,0.5071792602539062,762.4457194232479,394.03269032524855,,,,
17770.299999952316,1,0.6151398420333862,0.546944797039032,505.7366183307581,420.7813697352956,,,,
17825.299999952316,0,0.3974255919456482,0.506123423576355,763.6844072496989,393.4273968070899,,,,
17825.299999952316,1,0.6133292317390442,0.5450993776321411,508.4112382496296,419.27617035172113,,,,
17879.199999928474,0,0.39687904715538025,0.5049983263015747,764.4568767629622,392.6363467823864,,,,
17879.199999928474,1,0.6143379211425781,0.5459433794021606,506.9370691904304,419.9750750876598,,,,
17934.600000023842,0,0.3967190980911255,0.5053403377532959,764.4253995714362,392.82024837625136,,,,
17934.600000023842,1,0.6119360327720642,0.5417674779891968,510.38354048390477,416.7813650976349,,,,
17989,0,0.3965193033218384,0.5044243931770325,765.0099192184863,392.246988171173,,,,
17989,1,0.6114275455474854,0.5403380990028381,510.9318889265452,415.80440148993546,,,,
18047.199999928474,0,0.39690300822257996,0.5038219690322876,764.3546472243247,391.77069906513765,,,,
18047.199999928474,1,0.6113764047622681,0.5386000871658325,511.04059639540344,414.53107665498493,,,,
18102.399999976158,0,0.3969854414463043,0.503905177116394,764.2942491055243,391.8424021080276,,,,
18102.399999976158,1,0.6114523410797119,0.5373959541320801,510.756672444458,413.75827211163516,,,,
18156.799999952316,0,0.3966580033302307,0.5033432245254517,764.587413829445,391.4046843376301,,,,
18156.799999952316,1,0.6113896369934082,0.529304027557373,510.91136279100704,407.8947437747219,,,,
18211.600000023842,0,0.39640623331069946,0.5021138191223145,764.9289974505264,390.5246288192321,,,,
18211.600000023842,1,0.6117398738861084,0.5260050296783447,510.426698283631,405.53774012252234,,,,
18268.100000023842,0,0.39668411016464233,0.5035138726234436,764.6408297093298,391.55044050158705,,,,
18268.100000023842,1,0.6144721508026123,0.5195654034614563,506.3373110666406,401.1901825065098,,,,
18323.899999976158,0,0.39695411920547485,0.504143238067627,764.239279458802,391.9888697543322,,,,
18323.899999976158,1,0.6144196391105652,0.5083322525024414,506.80696699020643,392.9076501686594,,,,
18380,0,0.3968738913536072,0.5023749470710754,764.2915238160249,390.70233183937086,,,,
18380,1,0.617974579334259,0.5000250935554504,502.0205377561891,387.0415984788198,,,,
18434.399999976158,0,0.3971104025840759,0.5030338764190674,763.9809012546048,391.1746621278696,,,,
18434.399999976158,1,0.6225869655609131,0.4927542209625244,495.7012337212618,382.0029507680753,,,,
18490.199999928474,0,0.3965298533439636,0.5023313760757446,764.5350399392046,390.6178951810904,,,,
18490.199999928474,1,0.6242272257804871,0.48456233739852905,493.6650798787797,376.07533763231277,,,,
18547.100000023842,0,0.396664559841156,0.5004224181175232,764.4455435915811,389.26597530202235,,,,
18547.100000023842,1,0.6241933107376099,0.48145627975463867,494.4239958472763,373.4938097690938,,,,
18602.699999928474,0,0.3959582448005676,0.500273585319519,765.3743280668081,389.16547723572256,,,,
18602.699999928474,1,0.6264647245407104,0.4775471091270447,491.36679358120546,370.753408607581,,,,
18658.600000023842,0,0.3955523669719696,0.49320417642593384,766.0105648920263,384.1066733612727,,,,
18658.600000023842,1,0.6275975704193115,0.4747907519340515,490.0228104514912,368.7164009452017,,,,
18713.199999928474,0,0.39467233419418335,0.4923318326473236,767.4715863202218,383.5651611742286,,,,
18713.199999928474,1,0.6286637783050537,0.4741421937942505,488.4661195585909,368.34394643029236,,,,
18771.299999952316,0,0.3949909210205078,0.4865871071815491,766.8697544647863,379.3792501550598,,,,
18771.299999952316,1,0.6289898753166199,0.4708631932735443,488.209385519986,365.90407344917844,,,,
18826.199999928474,0,0.3947632312774658,0.48483896255493164,767.14479000017,378.1163194800982,,,,
18826.199999928474,1,0.6287041902542114,0.464022159576416,489.15837124032805,360.6816159445904,,,,
18881.399999976158,0,0.39441969990730286,0.4840269386768341,767.4256622811748,377.48984307646015,,,,
18881.399999976158,1,0.6315065026283264,0.4643767476081848,484.66882853814445,361.3896391914367,,,,
18938,0,0.3934594392776489,0.48087644577026367,768.5873832304578,375.2034592642402,,,,
18938,1,0.6298865079879761,0.45795145630836487,487.44920560979824,356.4121642094462,,,,
18992.100000023842,0,0.3933374285697937,0.479963481426239,768.9392561469867,374.597999538817,,,,
18992.100000023842,1,0.6307253837585449,0.4540461301803589,486.3656773609317,353.6053426656557,,,,
19048.299999952316,0,0.3947334289550781,0.4774278700351715,767.1335746901427,372.76743703751794,,,,
19048.299999952316,1,0.628402590751648,0.45259061455726624,489.8991005375591,352.26243181176864,,,,
19103.699999928474,0,0.39615949988365173,0.4756995439529419,764.8785109065961,371.40698181382027,,,,
19103.699999928474,1,0.6297200322151184,0.4469793736934662,487.99579745769074,348.33835925608395,,,,
19158.899999976158,0,0.39779049158096313,0.46970152854919434,762.8975211664125,367.11786393474694,,,,
19158.899999976158,1,0.6290850043296814,0.43906456232070923,489.1739584627247,342.443026988454,,,,
19212.899999976158,0,0.39889952540397644,0.4664173126220703,761.164508730184,364.6654791415412,,,,
19212.899999976158,1,0.6333906650543213,0.44257235527038574,482.6796392831319,345.4832699298281,,,,
19267.199999928474,0,0.39998435974121094,0.4628300070762634,759.8081155113849,362.09180119129263,,,,
19267.199999928474,1,0.626836359500885,0.4342293441295624,492.43836010840243,338.74663019781485,,,,
19321.799999952316,0,0.40085914731025696,0.45614975690841675,758.7829170529861,357.30875697104455,,,,
19321.799999952316,1,0.6287223100662231,0.42875802516937256,489.83813741443737,334.91190945039926,,,,
19377.699999928474,0,0.4009517431259155,0.4543681740760803,758.7339318346466,356.04547149479225,,,,
19377.699999928474,1,0.6329179406166077,0.4256185293197632,483.4444326345847,333.196041798854,,,,
19432.899999976158,0,0.40147754549980164,0.4489710032939911,757.9419708378779,352.1261252071159,,,,
19432.899999976158,1,0.6273939609527588,0.4079001247882843,491.26827684750333,320.04293950193113,,,,
19487.899999976158,0,0.4019773006439209,0.4428159296512604,757.0638862188079,347.62596123311437,,,,
19487.899999976158,1,0.6294379234313965,0.41346704959869385,487.7073090532266,324.54335086620085,,,,
19544.799999952316,0,0.4029804468154907,0.43933558464050293,755.7199040953263,345.10254649940146,,,,
19544.799999952316,1,0.6254188418388367,0.4114242196083069,492.34356892812457,323.31997033630176,,,,
19599.399999976158,0,0.4027971029281616,0.4338834583759308,755.9704389419228,341.18167406376875,,,,
19599.399999976158,1,0.6265835762023926,0.4084662199020386,490.69855274387623,321.26295421458383,,,,
19655,0,0.4018003046512604,0.4291015863418579,757.1736048234189,337.71727655220445,,,,
19655,1,0.635240912437439,0.3842381238937378,477.8739015113325,304.56900207152273,,,,
19710.5,0,0.40370628237724304,0.425439715385437,753.8283478043589,334.79676634621063,,,,
19710.5,1,0.7840569615364075,0.46092188358306885,291.0535053091629,358.0454768286819,,,,
19767.699999928474,0,0.4006248116493225,0.4368174374103546,758.8139653264514,343.312554290349,,,,
19767.699999928474,1,0.6248047947883606,0.3116946518421173,496.7090263298602,249.5019341840158,,,,
19822.399999976158,0,0.40082043409347534,0.44035786390304565,758.3809079084365,345.8078503240638,,,,
19822.399999976158,1,0.6238030791282654,0.3473331928253174,499.36729913920897,274.202589377365,,,,
19878,0,0.40132537484169006,0.43577396869659424,758.3793218735483,342.6917884036812,,,,
19878,1,0.600135087966919,0.2638753652572632,531.273737664242,212.83381335708305,,,,
19933.299999952316,0,0.3999517560005188,0.4370555877685547,760.0588880919524,343.59289513922573,,,,
19933.299999952316,1,0.6188616752624512,0.3837953209877014,501.457673423503,303.0725487729777,,,,
19987.600000023842,0,0.39808353781700134,0.4295915365219116,762.5285504965573,338.240348840474,,,,
19987.600000023842,1,0.7702265381813049,0.44852399826049805,306.07903156165014,350.44624144369817,,,,
20043.299999952316,0,0.3979019224643707,0.4309440851211548,762.6158318024087,339.17402829662507,,,,
20085.299999952316,0,0.397165983915329,0.427568256855011,763.8143931457108,336.81386014289296,,,,
20127.799999952316,0,0.39597585797309875,0.42367786169052124,765.5010743906184,334.05633752375024,,,,
20170,0,0.39643216133117676,0.4247080385684967,764.6349785005791,334.72222071800223,,,,
20213.600000023842,0,0.3983836770057678,0.41623204946517944,761.3376897112779,328.38840104732816,,,,
20255.600000023842,0,0.3969437777996063,0.4243629574775696,763.8703713674929,334.443453548591,,,,
20299,0,0.3971734046936035,0.4234876036643982,763.3899263017529,333.7606519694962,,,,
20341.799999952316,0,0.3973831534385681,0.42260652780532837,763.3983993750734,333.2038323956871,,,,
20384.600000023842,0,0.3975965976715088,0.4234185814857483,762.776203117309,333.6903134237058,,,,
20427.100000023842,0,0.398468017578125,0.4191964268684387,761.7679518005593,330.6810008925195,,,,
20469.799999952316,0,0.39705222845077515,0.42426663637161255,763.9307737856069,334.42879384850414,,,,
20513.899999976158,0,0.3985442519187927,0.41887277364730835,761.7918374137951,330.4821777199861,,,,
20555.5,0,0.398212730884552,0.4217292070388794,761.9589863702316,332.46572397376667,,,,
20596.799999952316,0,0.39864861965179443,0.41929638385772705,761.5093291065627,330.74516241323136,,,,
20640.5,0,0.3971361517906189,0.42462432384490967,763.6618154327845,334.64209555570005,,,,
20683.399999976158,0,0.39795953035354614,0.421658992767334,762.4419330526628,332.4606012266524,,,,
20726.600000023842,0,0.3975905179977417,0.42553526163101196,763.4019562051225,335.3851142144978,,,,
20769.899999976158,0,0.39896807074546814,0.4207918643951416,761.2125232802597,331.85361034291054,,,,
20812,0,0.3983156681060791,0.4244188666343689,761.7931771890264,334.3924173121384,,,,
20852.899999976158,0,0.40010207891464233,0.41740864515304565,759.3797977618939,329.30795714516546,,,,
20894.199999928474,0,0.3982769250869751,0.42326778173446655,761.9662025611099,333.5991784672073,,,,
20938.100000023842,0,0.3991679251194,0.4214843809604645,761.0988089606265,332.39173668517196,,,,
20979.799999952316,0,0.3986741900444031,0.42253661155700684,761.7208536572758,333.1466041543944,,,,
21021,0,0.39801016449928284,0.4253479838371277,762.6882007205189,335.2029133757689,,,,
21065.799999952316,0,0.3985034227371216,0.42191773653030396,761.7273283074817,332.6416763380134,,,,
21109.600000023842,0,0.3988572955131531,0.419831246137619,761.444310592952,331.1870780357203,,,,
21150.5,0,0.39862939715385437,0.4209862947463989,762.0669063928374,332.1084576522754,,,,
21193.799999952316,0,0.39791521430015564,0.4211461842060089,763.0424458732593,332.239781860079,,,,
21235.199999928474,0,0.3979518711566925,0.41944408416748047,762.5440093467605,330.8918234220845,,,,
21278.600000023842,0,0.3979654014110565,0.4205198585987091,762.5335575285546,331.66829997018067,,,,
21321,0,0.39786994457244873,0.4194468855857849,763.083902029907,331.0119479062742,,,,
21362.699999928474,0,0.3994129002094269,0.4210565388202667,760.9540333020892,332.12965174242714,,,,
21404.600000023842,0,0.3989964723587036,0.41899919509887695,762.0381967071517,330.791116843596,,,,
21447.199999928474,0,0.3977574408054352,0.4194873571395874,763.1497923343821,331.02039605479524,,,,
21493.199999928474,0,0.39907658100128174,0.42077913880348206,760.9802188066624,331.81806180274486,,,,
21537.399999976158,0,0.40141576528549194,0.4133741855621338,757.3474065007123,326.2972890313885,,,,
21580.399999976158,0,0.3993576765060425,0.4167952537536621,760.8906400437348,329.025103642822,,,,
21622.5,0,0.39861205220222473,0.4173758625984192,761.3689075698991,329.30838416054206,,,,
21665.899999976158,0,0.4013354778289795,0.41476956009864807,757.5626922694012,327.33641470074997,,,,
21708.399999976158,0,0.4014126658439636,0.41336876153945923,757.1188767690123,326.22065277177035,,,,
21750.399999976158,0,0.39897429943084717,0.4203028678894043,761.6179114669634,331.61439571419373,,,,
21793.5,0,0.398797869682312,0.41918373107910156,761.7195249504045,330.77536774498844,,,,
21838.299999952316,0,0.3982628881931305,0.4202347695827484,762.433867802281,331.54008140079367,,,,
21880,0,0.3980366587638855,0.4207422733306885,762.2674100015549,331.77900265272643,,,,
21921.5,0,0.3979082703590393,0.41739270091056824,762.1569661099255,329.2873404074645,,,,
21964.199999928474,0,0.39832615852355957,0.4197169244289398,762.4577430455191,331.19522432958934,,,,
22010.399999976158,0,0.3968640863895416,0.42142778635025024,764.1746701268603,332.38565432548916,,,,
22051.799999952316,0,0.39975541830062866,0.40880781412124634,759.31488297993,322.9603740081556,,,,
22093.600000023842,0,0.39399540424346924,0.27342861890792847,761.4940271214109,223.29948223505647,,,,
22135.399999976158,0,0.3588463068008423,0.2096761018037796,806.8565311007982,177.59388809248222,,,,
22180.100000023842,0,0.3353564739227295,0.18124018609523773,843,153,,,,
22222,0,0.33875763416290283,0.15080243349075317,838,131,,,,
22264.699999928474,0,0.38157033920288086,0.17256149649620056,774.5582659160325,148.94086020383918,,,,
22307.799999952316,0,0.39336875081062317,0.2593724727630615,763.8699261582657,213.96553218397656,,,,
22349.899999976158,0,0.3928580582141876,0.38461804389953613,769.2469822684818,305.86758411611,,,,
22392,0,0.38778817653656006,0.4172086715698242,777.3036404322843,329.7153662875669,,,,
22434.100000023842,0,0.38945308327674866,0.42072534561157227,774.9757667491273,332.2042174152428,,,,
22476.100000023842,0,0.39010587334632874,0.4240727424621582,773.0257672417908,334.3435799089659,,,,
22518.5,0,0.392929345369339,0.4261469841003418,769.9292390758753,335.96838380945087,,,,
22560.5,0,0.39171692728996277,0.42521044611930847,771.4744626286384,335.29244540174034,,,,
22601.899999976158,0,0.3913838267326355,0.4254479706287384,771.5712569011084,335.3808683959583,,,,
22646.399999976158,0,0.39271607995033264,0.4268602132797241,770.3581414576431,336.5195682174845,,,,
22687.600000023842,0,0.3916948735713959,0.42356234788894653,771.2254532381262,334.0366012443411,,,,
22730.699999928474,0,0.39215344190597534,0.4239025115966797,770.5783128915252,334.2661256075001,0.6325160287795982,0.0010754439549223315,0.0061348676681518555,
22779.699999928474,0,0.3907843828201294,0.4222199320793152,772.6262449585709,333.1290008698281,0.6325160287795982,0.0010754439549223315,0.0061348676681518555,
22821.399999976158,0,0.39134812355041504,0.4214473366737366,772.0780586190531,332.6148639200275,0.6325160287795982,0.0010754439549223315,0.0061348676681518555,
22864.199999928474,0,0.391047865152359,0.42207691073417664,772.3905453214433,333.05083368290525,0.6325160287795982,0.0010754439549223315,0.0061348676681518555,
22908.5,0,0.3908020257949829,0.4221143126487732,772.6197369186226,333.05690660805203,0.6325160287795982,0.0010754439549223315,0.0061348676681518555,
22950.299999952316,0,0.3900739550590515,0.42469972372055054,773.9404307197938,335.0111176837261,0.6325160287795982,0.0010754439549223315,0.0061348676681518555,
22994,0,0.3922015428543091,0.4236752986907959,770.4751238842537,334.09180738115117,0.6325160287795982,0.0010754439549223315,0.0061348676681518555,
23037.299999952316,0,0.3894886374473572,0.4251689910888672,775.0913699938433,335.43907482812324,0.6325160287795982,0.0010754439549223315,0.0061348676681518555,
23079.699999928474,0,0.39151227474212646,0.42268311977386475,771.6554942130973,333.4528573353396,0.6325160287795982,0.0010754439549223315,0.0061348676681518555,
23121.399999976158,0,0.3920198976993561,0.4241955280303955,770.5015414695108,334.41232711118306,0.6325160287795982,0.0010754439549223315,0.0061348676681518555,
23163.799999952316,0,0.38977915048599243,0.4252835512161255,774.1027453190924,335.3808669172733,0.6325160287795982,0.0010754439549223315,0.0061348676681518555,
23208.100000023842,0,0.39088174700737,0.4234963059425354,772.3243942454587,334.00379826022754,0.6325160287795982,0.0010754439549223315,0.0061348676681518555,
23249.899999976158,0,0.39013421535491943,0.42415907979011536,773.7907923965164,334.60497732638436,0.6325160287795982,0.0010754439549223315,0.0061348676681518555,
23291.699999928474,0,0.39224469661712646,0.4229264259338379,770.612443717785,333.6017059607249,0.6325160287795982,0.0010754439549223315,0.0061348676681518555,
23333.399999976158,0,0.38988369703292847,0.42173266410827637,773.7459938478473,332.7699941320301,0.6325160287795982,0.0010754439549223315,0.0061348676681518555,
23378.699999928474,0,0.39314666390419006,0.4262148141860962,769.6573303361047,336.0187501881963,0.6325160287795982,0.0010754439549223315,0.0061348676681518555,
23419.600000023842,0,0.39250248670578003,0.4244471788406372,770.1031566409898,334.6509800078981,0.6325160287795982,0.0010754439549223315,0.0061348676681518555,
23460.899999976158,0,0.3928717374801636,0.42338675260543823,769.7008959780653,333.9055379816917,0.6325160287795982,0.0010754439549223315,0.0061348676681518555,
23503.399999976158,0,0.39346179366111755,0.4260784685611725,769.4218216041688,335.96104883575265,0.6325160287795982,0.0010754439549223315,0.0061348676681518555,
23547.299999952316,0,0.3960307240486145,0.42924290895462036,765.1190411175875,337.9791474938841,0.6325160287795982,0.0010754439549223315,0.0061348676681518555,
23588.199999928474,0,0.39865994453430176,0.4384292960166931,761.0586227411485,344.3929933022632,0.6325160287795982,0.0010754439549223315,0.0061348676681518555,
23630.600000023842,0,0.4004882574081421,0.43568509817123413,758.9891004839548,342.49737069476566,0.6325160287795982,0.0010754439549223315,0.0061348676681518555,
23672.199999928474,0,0.3995439410209656,0.43899083137512207,760.3274899602658,344.9149325203468,0.6325160287795982,0.0010754439549223315,0.0061348676681518555,
23717.299999952316,0,0.3998849391937256,0.4346083402633667,760.1595002652907,341.83504857198693,0.6325160287795982,0.0010754439549223315,0.0061348676681518555,
23760.799999952316,0,0.3999265432357788,0.43942826986312866,760.4226274445426,345.39093461407725,0.6325160287795982,0.0010754439549223315,0.0061348676681518555,
23803.5,0,0.4005178213119507,0.4404945969581604,759.6127654942063,346.14461245864914,0.6325160287795982,0.0010754439549223315,0.0061348676681518555,
23847.299999952316,0,0.4020683765411377,0.4365270137786865,757.2845261411503,343.19422717125906,0.6325160287795982,0.0010754439549223315,0.0061348676681518555,
23891.399999976158,0,0.4031696319580078,0.43489301204681396,755.5738365428181,341.9319822056774,0.6325160287795982,0.0010754439549223315,0.0061348676681518555,
23934.699999928474,0,0.4008311629295349,0.4399891793727875,759.238579021518,345.7878639006188,0.6325160287795982,0.0010754439549223315,0.0061348676681518555,
23979.899999976158,0,0.40239787101745605,0.43798404932022095,756.6299784228296,344.17727900538057,0.6325160287795982,0.0010754439549223315,0.0061348676681518555,
24021.600000023842,0,0.3998984098434448,0.4510902464389801,759.6110966990329,353.55002016856497,0.6325160287795982,0.0010754439549223315,0.0061348676681518555,
24063.899999976158,0,0.39759260416030884,0.45786333084106445,763.3905074216678,358.65899715386155,0.6325160287795982,0.0010754439549223315,0.0061348676681518555,
24106.399999976158,0,0.399913489818573,0.4501103460788727,759.6553132442588,352.86322718123455,0.6325160287795982,0.0010754439549223315,0.0061348676681518555,
24150.100000023842,0,0.3984113931655884,0.455464243888855,762.2390232822272,356.9040231257944,0.6325160287795982,0.0010754439549223315,0.0061348676681518555,
24194.399999976158,0,0.39875733852386475,0.45390045642852783,761.6359637430228,355.7345045872596,0.6325160287795982,0.0010754439549223315,0.0061348676681518555,
24237,0,0.3986986577510834,0.45604565739631653,761.4325803217589,357.20101785279815,0.6325160287795982,0.0010754439549223315,0.0061348676681518555,
24281,0,0.4001791477203369,0.45134347677230835,759.9180935923047,353.9213481617248,0.6325160287795982,0.0010754439549223315,0.0061348676681518555,
24323.100000023842,0,0.3996315002441406,0.4568940997123718,760.3893724860621,357.85451693164345,0.6325160287795982,0.0010754439549223315,0.0061348676681518555,
24364.199999928474,0,0.3995850682258606,0.45363539457321167,760.7866874716366,355.6006495225449,0.6325160287795982,0.0010754439549223315,0.0061348676681518555,
24407.100000023842,0,0.399838924407959,0.4531095027923584,760.5136157397359,355.23581607647895,0.6325160287795982,0.0010754439549223315,0.0061348676681518555,
24451,0,0.3999612331390381,0.45280617475509644,760.2834988635265,354.99780488071815,0.6325160287795982,0.0010754439549223315,0.0061348676681518555,
24494.100000023842,0,0.3977334499359131,0.4358977973461151,763.5595732923086,342.9342251277157,0.6325160287795982,0.0010754439549223315,0.0061348676681518555,
24536.100000023842,0,0.38816994428634644,0.34808507561683655,772.3101455907306,278.5973284974332,0.6325160287795982,0.0010754439549223315,0.0061348676681518555,
24581.199999928474,0,0.3394039273262024,0.288650780916214,835.6418976045368,236.1406138022921,0.6325160287795982,0.0010754439549223315,0.0061348676681518555,
24623.399999976158,0,0.32612454891204834,0.2529451847076416,856.7226380369991,211.54702554435093,0.6325160287795982,0.0010754439549223315,0.0061348676681518555,
24665.299999952316,0,0.33397066593170166,0.24796804785728455,844.2438753222186,207.3735397932774,0.6325160287795982,0.0010754439549223315,0.0061348676681518555,
24710,0,0.38076284527778625,0.28433048725128174,781.0072350232884,232.37768761411039,0.6325160287795982,0.0010754439549223315,0.0061348676681518555,
24752.899999976158,0,0.395121306180954,0.423382043838501,766.5592099858112,333.83391311808464,0.6325160287795982,0.0010754439549223315,0.0061348676681518555,
24796.299999952316,0,0.39418554306030273,0.45239007472991943,768.4206974804515,354.88751663837473,0.6325160287795982,0.0010754439549223315,0.0061348676681518555,
24838.199999928474,0,0.39412569999694824,0.4592188596725464,768.7422479983875,359.862127252966,0.6325160287795982,0.0010754439549223315,0.0061348676681518555,
24880.799999952316,0,0.39333146810531616,0.45975393056869507,769.5318631823732,360.1938083632813,0.6325160287795982,0.0010754439549223315,0.0061348676681518555,
24921.600000023842,0,0.39529818296432495,0.4574899971485138,766.4804867773652,358.4303767506707,0.6325160287795982,0.0010754439549223315,0.0061348676681518555,
24966,0,0.39543417096138,0.45828768610954285,766.3497142550035,359.01591653011315,0.6325160287795982,0.0010754439549223315,0.0061348676681518555,
25008.199999928474,0,0.39561277627944946,0.4554385542869568,766.0885014037623,356.9561118525979,0.6325160287795982,0.0010754439549223315,0.0061348676681518555,
25050.199999928474,0,0.3997011184692383,0.4525957405567169,760.1275269847945,354.71081753428365,0.6325160287795982,0.0010754439549223315,0.0061348676681518555,
25091.799999952316,0,0.39906758069992065,0.4520187973976135,761.0153203783289,354.31730782246655,0.6325160287795982,0.0010754439549223315,0.0061348676681518555,
25136.199999928474,0,0.39776289463043213,0.4530167579650879,763.1854327964367,355.17288232246506,0.6325160287795982,0.0010754439549223315,0.0061348676681518555,
25179,0,0.39687126874923706,0.45724087953567505,764.5647911244629,358.27623810343783,0.6325160287795982,0.0010754439549223315,0.0061348676681518555,
25219.5,0,0.3965208828449249,0.45803773403167725,765.1949485520055,358.89587459497324,0.6325160287795982,0.0010754439549223315,0.0061348676681518555,
25261.299999952316,0,0.39595234394073486,0.4568071961402893,766.1168567654408,358.0576193404172,0.6325160287795982,0.0010754439549223315,0.0061348676681518555,
25306,0,0.39333587884902954,0.448154091835022,769.931287488799,351.93621568114634,0.6325160287795982,0.0010754439549223315,0.0061348676681518555,
25347.899999976158,0,0.39235183596611023,0.38888677954673767,769.0505906646054,308.6974157934642,0.6325160287795982,0.0010754439549223315,0.0061348676681518555,
25390.100000023842,0,0.36320042610168457,0.2731512486934662,803.1722965219925,224.19429582591735,0.6325160287795982,0.0010754439549223315,0.0061348676681518555,
25433.5,0,0.35575902462005615,0.2512769401073456,812.9687730129972,208.56088684900712,0.6325160287795982,0.0010754439549223315,0.0061348676681518555,
25479.600000023842,0,0.3597736060619354,0.250273734331131,805.7042265832489,206.84213328719795,0.6325160287795982,0.0010754439549223315,0.0061348676681518555,
25521.399999976158,0,0.39934641122817993,0.42556965351104736,761.1973138483397,335.42120711762607,0.6325160287795982,0.0010754439549223315,0.0061348676681518555,
25563.899999976158,0,0.39816606044769287,0.44997256994247437,762.5147184612762,352.93967770347945,0.6325160287795982,0.0010754439549223315,0.0061348676681518555,
25605.899999976158,0,0.39861592650413513,0.4528382420539856,762.2826945800427,355.09376809552657,0.6325160287795982,0.0010754439549223315,0.0061348676681518555,
25647.5,0,0.39819657802581787,0.4573098123073578,762.9886983154804,358.35640186788373,0.6325160287795982,0.0010754439549223315,0.0061348676681518555,
25690.199999928474,0,0.399170458316803,0.44939303398132324,761.3263303412206,352.5485378087159,0.6325160287795982,0.0010754439549223315,0.0061348676681518555,
25733.399999976158,0,0.3994686007499695,0.44904273748397827,760.6163768121556,352.20670322984023,0.6325160287795982,0.0010754439549223315,0.0061348676681518555,
25776.699999928474,0,0.40264517068862915,0.4470662772655487,756.193843177955,350.6817798212729,0.6325160287795982,0.0010754439549223315,0.0061348676681518555,
25819.600000023842,0,0.40189480781555176,0.4473875164985657,757.3360397856309,350.96559517246885,0.6325160287795982,0.0010754439549223315,0.0061348676681518555,
25861.799999952316,0,0.40210700035095215,0.4484332203865051,757.7210535297905,351.89800156897877,0.6325160287795982,0.0010754439549223315,0.0061348676681518555,
25905.199999928474,0,0.4014716148376465,0.45281505584716797,758.4416393602204,355.0285483909562,0.6325160287795982,0.0010754439549223315,0.0061348676681518555,
25948.899999976158,0,0.4013054370880127,0.4500267505645752,758.7442553585585,353.0446119796168,0.6325160287795982,0.0010754439549223315,0.0061348676681518555,
25991,0,0.40072891116142273,0.45339006185531616,759.3016436664702,355.41841066290215,0.6325160287795982,0.0010754439549223315,0.0061348676681518555,
26033.5,0,0.39973896741867065,0.45498228073120117,760.7444646457933,356.61132016069826,0.6325160287795982,0.0010754439549223315,0.0061348676681518555,
26076.199999928474,0,0.40025049448013306,0.45461225509643555,760.3917382649363,356.42220622192104,0.6325160287795982,0.0010754439549223315,0.0061348676681518555,
26120.299999952316,0,0.3996216356754303,0.378689169883728,760.0029788781353,301.43235710739225,0.6325160287795982,0.0010754439549223315,0.0061348676681518555,
26163.899999976158,0,0.3703305423259735,0.288654625415802,795.0343603201295,235.76447723850688,0.6325160287795982,0.0010754439549223315,0.0061348676681518555,
26207.799999952316,0,0.3324308693408966,0.24141207337379456,845.5757472536,202.462164825064,0.6325160287795982,0.0010754439549223315,0.0061348676681518555,
26251.100000023842,0,0.2946721911430359,0.18946310877799988,903,158,0.6325160287795982,0.0010754439549223315,0.0061348676681518555,
26294.100000023842,0,0.2798463702201843,0.14770041406154633,921,131,0.6325160287795982,0.0010754439549223315,0.0061348676681518555,
26336.399999976158,0,0.2713911533355713,0.13440193235874176,933.0361104932747,126.76649597181797,0.6325160287795982,0.0010754439549223315,0.0061348676681518555,
26380.600000023842,0,0.34028542041778564,0.21550269424915314,831.0829735701328,182.02701792870633,0.6325160287795982,0.0010754439549223315,0.0061348676681518555,
26421.899999976158,0,0.38832753896713257,0.33825966715812683,772.9918793211743,271.84925654668837,0.6325160287795982,0.0010754439549223315,0.0061348676681518555,
26463.699999928474,0,0.39079731702804565,0.43110987544059753,770.9362558499793,339.0661331238836,0.6325160287795982,0.0010754439549223315,0.0061348676681518555,
26506.100000023842,0,0.39414501190185547,0.4437273442745209,766.1592180730631,347.994294023826,0.6325160287795982,0.0010754439549223315,0.0061348676681518555,
26551.100000023842,0,0.39372962713241577,0.4466317892074585,766.9243010086104,350.1608580201322,0.6325160287795982,0.0010754439549223315,0.0061348676681518555,
26594.399999976158,0,0.39558741450309753,0.43848657608032227,762.738272632015,343.65627296050263,0.6325160287795982,0.0010754439549223315,0.0061348676681518555,
26637.100000023842,0,0.3962864875793457,0.43935173749923706,762.5315249203318,344.5381335212971,0.6325160287795982,0.0010754439549223315,0.0061348676681518555,
26681.799999952316,0,0.3935503363609314,0.44155770540237427,766.2511492127439,346.2042559558787,0.6325160287795982,0.0010754439549223315,0.0061348676681518555,
26723.799999952316,0,0.39761054515838623,0.4420340359210968,760.5338873815747,346.3577876754191,0.6325160287795982,0.0010754439549223315,0.0061348676681518555,
26766.100000023842,0,0.39919161796569824,0.43752411007881165,757.6298432753766,342.7649462062285,0.6325160287795982,0.0010754439549223315,0.0061348676681518555,
26810.699999928474,0,0.3985971212387085,0.4376526474952698,758.4283635429717,342.8729032810397,0.6325160287795982,0.0010754439549223315,0.0061348676681518555,
26852.600000023842,0,0.396981805562973,0.43476444482803345,760.4144726725315,340.75989012835174,0.6325160287795982,0.0010754439549223315,0.0061348676681518555,
26895.199999928474,0,0.39989137649536133,0.44344982504844666,757.0694191913013,347.1669071827928,0.6325160287795982,0.0010754439549223315,0.0061348676681518555,
26938.799999952316,0,0.3966290354728699,0.44054415822029114,761.4409739344256,345.15175018360327,0.6325160287795982,0.0010754439549223315,0.0061348676681518555,
26981.600000023842,0,0.3991687297821045,0.4340016841888428,758.0801552248706,340.39813553837024,0.6325160287795982,0.0010754439549223315,0.0061348676681518555,
27024.199999928474,0,0.39361125230789185,0.40159550309181213,766.0633670051436,317.3923871825917,0.6325160287795982,0.0010754439549223315,0.0061348676681518555,
27066.899999976158,0,0.3723891079425812,0.32519763708114624,791.689031361979,261.7866412940235,0.6325160287795982,0.0010754439549223315,0.0061348676681518555,
27109.5,0,0.3579426109790802,0.251949667930603,806.3898616685008,207.1233125000912,0.6325160287795982,0.0010754439549223315,0.0061348676681518555,
27153.799999952316,0,0.3475814759731293,0.1882949322462082,819.6021847385643,161.26185591465153,0.6325160287795982,0.0010754439549223315,0.0061348676681518555,
27197.600000023842,0,0.3335738182067871,0.2677691578865051,839.9134730604455,219.77664780110916,0.6325160287795982,0.0010754439549223315,0.0061348676681518555,
27241.5,0,0.364141047000885,0.20820163190364838,799.9198080022227,176.44889992637115,0.6325160287795982,0.0010754439549223315,0.0061348676681518555,
27283.899999976158,0,0.3997093439102173,0.28385722637176514,754.8521554927299,231.15803061594525,0.6325160287795982,0.0010754439549223315,0.0061348676681518555,
27331,0,0.3884347379207611,0.43969470262527466,773.7556699704529,345.18326492126124,0.6325160287795982,0.0010754439549223315,0.0061348676681518555,
27374.799999952316,0,0.39792025089263916,0.4461745321750641,760.3510072946815,349.41802201702,0.6325160287795982,0.0010754439549223315,0.0061348676681518555,
27417.299999952316,0,0.3966480493545532,0.44369369745254517,762.1570744550125,347.69620686219736,0.6325160287795982,0.0010754439549223315,0.0061348676681518555,
27462.299999952316,0,0.39859074354171753,0.43969911336898804,758.1057784159703,344.20862473337326,0.6325160287795982,0.0010754439549223315,0.0061348676681518555,
27505.199999928474,0,0.3953353762626648,0.44124090671539307,764.1898232266152,346.0542372023105,0.6325160287795982,0.0010754439549223315,0.0061348676681518555,
27547.899999976158,0,0.39750033617019653,0.44172078371047974,761.1497378080245,346.30556786836706,0.6325160287795982,0.0010754439549223315,0.0061348676681518555,
27589.799999952316,0,0.39655399322509766,0.4423030614852905,763.0476030515836,346.95958813743994,0.6325160287795982,0.0010754439549223315,0.0061348676681518555,
27631.5,0,0.39870786666870117,0.4416889250278473,758.8920110994269,346.0192595348482,0.6325160287795982,0.0010754439549223315,0.0061348676681518555,
27675.199999928474,0,0.3969801068305969,0.44146379828453064,761.0406705673615,345.83292443979315,0.6325160287795982,0.0010754439549223315,0.0061348676681518555,
27719,0,0.398019939661026,0.44324883818626404,759.8229847045426,347.16172454398213,0.6325160287795982,0.0010754439549223315,0.0061348676681518555,
27761.5,0,0.39827752113342285,0.4416140019893646,759.5162689643347,345.99341894172863,0.6325160287795982,0.0010754439549223315,0.0061348676681518555,
27805.399999976158,0,0.3957180082798004,0.44054460525512695,762.7937550120047,345.2239526138662,0.6325160287795982,0.0010754439549223315,0.0061348676681518555,
27847.899999976158,0,0.397672176361084,0.43958479166030884,760.0838405109909,344.4524741891566,0.6325160287795982,0.0010754439549223315,0.0061348676681518555,
27893.600000023842,0,0.4023127555847168,0.4304235577583313,754.0200870416627,337.8078060391767,0.6325160287795982,0.0010754439549223315,0.0061348676681518555,
27936.5,0,0.39767947793006897,0.39121872186660767,760.0740155194479,309.6287172200081,0.6325160287795982,0.0010754439549223315,0.0061348676681518555,
27981,0,0.37664738297462463,0.3060842752456665,786.2272616961006,248.02030641026775,0.6325160287795982,0.0010754439549223315,0.0061348676681518555,
28022,0,0.322119802236557,0.16016362607479095,854.4359767979522,142.23285445860532,0.6325160287795982,0.0010754439549223315,0.0061348676681518555,
28064.699999928474,0,0.33950042724609375,0.1620275229215622,825.9252863022416,139.4457176973234,0.6325160287795982,0.0010754439549223315,0.0061348676681518555,
28111,0,0.3726503252983093,0.17829865217208862,783.0870046062637,150.80649255298752,0.6325160287795982,0.0010754439549223315,0.0061348676681518555,
28152.899999976158,0,0.36560484766960144,0.20285025238990784,791.7759052154672,168.186814412658,0.6325160287795982,0.0010754439549223315,0.0061348676681518555,
28194.5,0,0.39493685960769653,0.4104401171207428,762.5599022797272,323.0467177410297,0.6325160287795982,0.0010754439549223315,0.0061348676681518555,
28238.600000023842,0,0.3925110101699829,0.44545668363571167,770.1472655189802,349.7919609318206,0.6325160287795982,0.0010754439549223315,0.0061348676681518555,
28281.299999952316,0,0.3982796370983124,0.44144532084465027,761.9627382800438,346.68700865262554,0.6325160287795982,0.0010754439549223315,0.0061348676681518555,
28323.299999952316,0,0.3935656249523163,0.45789968967437744,768.9544765902037,358.7906873468419,0.6325160287795982,0.0010754439549223315,0.0061348676681518555,
28365.899999976158,0,0.39253705739974976,0.4568229019641876,769.4477502323759,357.7969480868126,0.6325160287795982,0.0010754439549223315,0.0061348676681518555,
28410.899999976158,0,0.3948758840560913,0.4579463601112366,766.7234942592889,358.6800897476945,0.6325160287795982,0.0010754439549223315,0.0061348676681518555,
28452.5,0,0.3935895264148712,0.4548231363296509,768.5572244826388,356.48136920398116,0.6325160287795982,0.0010754439549223315,0.0061348676681518555,
28494.799999952316,0,0.396003782749176,0.4478646516799927,764.8012832898247,351.2875294516652,0.6325160287795982,0.0010754439549223315,0.0061348676681518555,
28537.899999976158,0,0.39562955498695374,0.4494591951370239,765.552426766115,352.5127029828845,0.6325160287795982,0.0010754439549223315,0.0061348676681518555,
28583.199999928474,0,0.39500001072883606,0.45049354434013367,766.5817127425161,353.31868389991166,0.6325160287795982,0.0010754439549223315,0.0061348676681518555,
28625.100000023842,0,0.3969995677471161,0.4475460648536682,763.9488861556503,351.17658718946507,0.6325160287795982,0.0010754439549223315,0.0061348676681518555,
28667.5,0,0.39415132999420166,0.453050822019577,767.6197852717656,355.1468592738097,0.6325160287795982,0.0010754439549223315,0.0061348676681518555,
28711.199999928474,0,0.39641979336738586,0.45001357793807983,764.8791218483999,353.00383465803895,0.6325160287795982,0.0010754439549223315,0.0061348676681518555,
28753.600000023842,0,0.3969554901123047,0.44814950227737427,763.8156281347558,351.5586760747192,0.6325160287795982,0.0010754439549223315,0.0061348676681518555,
28795.399999976158,0,0.3957240581512451,0.45172494649887085,765.646007715116,354.20288297344814,0.6325160287795982,0.0010754439549223315,0.0061348676681518555,
28839,0,0.3954799771308899,0.4501476287841797,765.8006651237528,353.02411331233424,0.6325160287795982,0.0010754439549223315,0.0061348676681518555,
28881.199999928474,0,0.3940468430519104,0.4491099715232849,768.4330315478467,352.48557468505965,0.6325160287795982,0.0010754439549223315,0.0061348676681518555,
28923.100000023842,0,0.3952457308769226,0.45221269130706787,766.3080034051054,354.5674556669138,0.6325160287795982,0.0010754439549223315,0.0061348676681518555,
28964.899999976158,0,0.39490920305252075,0.4486026465892792,766.4481513447043,351.8886501646515,0.6325160287795982,0.0010754439549223315,0.0061348676681518555,
29008.699999928474,0,0.39446526765823364,0.4509611427783966,767.9533080841298,353.8321447883676,0.6325160287795982,0.0010754439549223315,0.0061348676681518555,
29050.5,0,0.3962123692035675,0.4514366388320923,764.718301007337,353.9117979898353,0.6325160287795982,0.0010754439549223315,0.0061348676681518555,
29094.100000023842,0,0.3942127823829651,0.44677460193634033,768.1774328240622,350.7934157755853,0.6325160287795982,0.0010754439549223315,0.0061348676681518555,
29138.100000023842,0,0.3949953019618988,0.4542734622955322,766.7387388570938,356.0805633053735,0.6325160287795982,0.0010754439549223315,0.0061348676681518555,
29181,0,0.3969818353652954,0.4502289891242981,763.5011813774689,352.9759081818104,0.6325160287795982,0.0010754439549223315,0.0061348676681518555,
29222.199999928474,0,0.39661556482315063,0.44963890314102173,765.6804147558147,352.99330732423454,0.6325160287795982,0.0010754439549223315,0.0061348676681518555,
29264.600000023842,0,0.3965984582901001,0.4443439245223999,765.9015794549257,349.2255199921336,0.6325160287795982,0.0010754439549223315,0.0061348676681518555,
29310.5,0,0.39601677656173706,0.43735620379447937,765.3922948288024,343.88981081512486,0.6325160287795982,0.0010754439549223315,0.0061348676681518555,
29352.100000023842,0,0.39957475662231445,0.43346723914146423,760.1649868329542,340.902434429493,0.6325160287795982,0.0010754439549223315,0.0061348676681518555,
29395.5,0,0.3990359306335449,0.4429808259010315,761.6478608020932,347.9711900616588,0.6325160287795982,0.0010754439549223315,0.0061348676681518555,
29438.899999976158,0,0.3976742625236511,0.4426952600479126,763.1970552583177,347.71425340980346,0.6325160287795982,0.0010754439549223315,0.0061348676681518555,
29480.799999952316,0,0.3954068720340729,0.44062724709510803,766.9067841684675,346.43012651553664,0.6325160287795982,0.0010754439549223315,0.0061348676681518555,
29522.100000023842,0,0.3941023647785187,0.4424663782119751,769.1967152360636,347.8955607332582,0.6325160287795982,0.0010754439549223315,0.0061348676681518555,
29563.299999952316,0,0.39424896240234375,0.44173097610473633,769.7582988061758,347.5184262759535,0.6325160287795982,0.0010754439549223315,0.0061348676681518555,
29607.5,0,0.39443016052246094,0.4442724585533142,769.6999464502014,349.3807646062887,0.6325160287795982,0.0010754439549223315,0.0061348676681518555,
29649.799999952316,0,0.39673447608947754,0.4356730282306671,765.6987472163282,342.9761326853312,0.6325160287795982,0.0010754439549223315,0.0061348676681518555,
29694.199999928474,0,0.39462947845458984,0.4413495659828186,769.3448733251619,347.2577146933202,0.6325160287795982,0.0010754439549223315,0.0061348676681518555,
29738.299999952316,0,0.39505523443222046,0.442465215921402,768.8142065023656,348.06366083547056,0.6325160287795982,0.0010754439549223315,0.0061348676681518555,
29780.899999976158,0,0.39771154522895813,0.43807458877563477,764.5990249365155,344.73824319503615,0.6325160287795982,0.0010754439549223315,0.0061348676681518555,
29822.600000023842,0,0.3976784944534302,0.4367392063140869,765.0914002372913,343.8703200560119,0.6325160287795982,0.0010754439549223315,0.0061348676681518555,
29865.299999952316,0,0.39570826292037964,0.4424627125263214,768.168479618459,348.0967871628716,0.6325160287795982,0.0010754439549223315,0.0061348676681518555,
29910.199999928474,0,0.397451251745224,0.4410673677921295,765.4569510710875,347.0014249622858,0.6325160287795982,0.0010754439549223315,0.0061348676681518555,
29952.699999928474,0,0.39820218086242676,0.4385031461715698,764.1829413756512,345.09175293812433,0.6325160287795982,0.0010754439549223315,0.0061348676681518555,
29994.5,0,0.40008896589279175,0.44119346141815186,761.7083431248268,347.0163191089117,0.6325160287795982,0.0010754439549223315,0.0061348676681518555,
30039.299999952316,0,0.40063390135765076,0.44351884722709656,760.9928757180775,348.6868138280775,0.6325160287795982,0.0010754439549223315,0.0061348676681518555,
30082,0,0.40311089158058167,0.4286709427833557,756.5790266944612,337.7061275373666,0.6325160287795982,0.0010754439549223315,0.0061348676681518555,
30124.199999928474,0,0.3935549557209015,0.37049663066864014,768.0381052248679,295.6118705161799,0.6325160287795982,0.0010754439549223315,0.0061348676681518555,
30167.5,0,0.39185094833374023,0.3561013638973236,770.0556556920271,285.20022397922673,0.6325160287795982,0.0010754439549223315,0.0061348676681518555,
30210.100000023842,0,0.39665311574935913,0.3518483638763428,763.3728786693582,281.97679388232467,0.6325160287795982,0.0010754439549223315,0.0061348676681518555,
30251.899999976158,0,0.40467506647109985,0.38005930185317993,753.2338397001173,302.3284979137601,0.6325160287795982,0.0010754439549223315,0.0061348676681518555,
30293.899999976158,0,0.3954662084579468,0.45511889457702637,768.0133100333017,357.121577978269,0.6325160287795982,0.0010754439549223315,0.0061348676681518555,
30337.600000023842,0,0.39820533990859985,0.45363572239875793,763.9299497937794,355.9342439929178,0.6325160287795982,0.0010754439549223315,0.0061348676681518555,
30380.899999976158,0,0.39773714542388916,0.4539491832256317,764.7943254500781,356.21625701618535,0.6325160287795982,0.0010754439549223315,0.0061348676681518555,
30423.899999976158,0,0.3975256681442261,0.45654457807540894,765.1109252541853,358.09444134042366,0.6325160287795982,0.0010754439549223315,0.0061348676681518555,
30467.5,0,0.3986737132072449,0.45370981097221375,763.2174413192243,355.9628192776961,0.6325160287795982,0.0010754439549223315,0.0061348676681518555,
30510.899999976158,0,0.3980734050273895,0.4545469880104065,764.2446529169284,356.6216476966572,0.6325160287795982,0.0010754439549223315,0.0061348676681518555,
30553.199999928474,0,0.3975193202495575,0.4551546573638916,765.0973894839666,357.08922537357097,0.6325160287795982,0.0010754439549223315,0.0061348676681518555,
30595.199999928474,0,0.39641451835632324,0.45240339636802673,766.6869690592624,355.1440666201012,0.6325160287795982,0.0010754439549223315,0.0061348676681518555,
30639.5,0,0.3960837721824646,0.45209014415740967,767.0484024948411,354.9060313414502,0.5171917500659824,0.0003957321177362314,0.002908855676651001,
30688.299999952316,0,0.39603161811828613,0.451854944229126,767.1751682737571,354.7487971145176,0.5171917500659824,0.0003957321177362314,0.002908855676651001,
30730.799999952316,0,0.39750200510025024,0.452696293592453,765.0725800193051,355.30944624242534,0.5171917500659824,0.0003957321177362314,0.002908855676651001,
30774.199999928474,0,0.4021005630493164,0.4357626438140869,757.9583320176603,342.8340509641643,0.5171917500659824,0.0003957321177362314,0.002908855676651001,
30818.299999952316,0,0.39849767088890076,0.40139633417129517,762.2734278210287,318.0137099557269,0.5171917500659824,0.0003957321177362314,0.002908855676651001,
30861.100000023842,0,0.380302369594574,0.33373433351516724,784.8294094951857,269.0935107901584,0.5171917500659824,0.0003957321177362314,0.002908855676651001,
30904.199999928474,0,0.3754566013813019,0.3144746720790863,791.4513688450663,255.34531511108383,0.5171917500659824,0.0003957321177362314,0.002908855676651001,
30948.699999928474,0,0.3753766715526581,0.3115316331386566,791.3126741450868,253.15888298320357,0.5171917500659824,0.0003957321177362314,0.002908855676651001,
30991.600000023842,0,0.3992077112197876,0.35003453493118286,759.07870416625,280.33188408007317,0.5171917500659824,0.0003957321177362314,0.002908855676651001,
31033.399999976158,0,0.3993802070617676,0.41665685176849365,761.1271925705536,328.9969030162723,0.5171917500659824,0.0003957321177362314,0.002908855676651001,
31076.399999976158,0,0.39994052052497864,0.44455939531326294,759.8736204701418,348.9396316809698,0.5171917500659824,0.0003957321177362314,0.002908855676651001,
31120.299999952316,0,0.3957298994064331,0.45000019669532776,767.0090084650734,353.29708280971084,0.5171917500659824,0.0003957321177362314,0.002908855676651001,
31162.699999928474,0,0.39562422037124634,0.45355769991874695,767.4379242149632,355.92166183034595,0.5171917500659824,0.0003957321177362314,0.002908855676651001,
31205.199999928474,0,0.395882785320282,0.45407015085220337,767.4360292652927,356.3577813301878,0.5171917500659824,0.0003957321177362314,0.002908855676651001,
31249.299999952316,0,0.39530056715011597,0.45167994499206543,767.9782647552408,354.5958585415688,0.5171917500659824,0.0003957321177362314,0.002908855676651001,
31294.399999976158,0,0.39571237564086914,0.4525638222694397,767.5337095149453,355.2490901180523,0.5171917500659824,0.0003957321177362314,0.002908855676651001,
31338.399999976158,0,0.3961651921272278,0.45303773880004883,766.4169186882227,355.47639640472414,0.5171917500659824,0.0003957321177362314,0.002908855676651001,
31381.600000023842,0,0.3954218029975891,0.4510343074798584,767.9283729269987,354.15243347935785,0.5956927748626171,0.0005557057220801043,0.00406995415687561,
31432.299999952316,0,0.3955736458301544,0.45124006271362305,767.4939348574443,354.2511302454618,0.5956927748626171,0.0005557057220801043,0.00406995415687561,
31477,0,0.39481329917907715,0.45103538036346436,768.5597710105164,354.123071685887,0.5956927748626171,0.0005557057220801043,0.00406995415687561,
31519.5,0,0.39548295736312866,0.4522687494754791,767.835669549901,355.03831826382225,0.5956927748626171,0.0005557057220801043,0.00406995415687561,
31562.799999952316,0,0.39993083477020264,0.41590616106987,760.4658168534942,328.4678494863546,0.5956927748626171,0.0005557057220801043,0.00406995415687561,
31607.799999952316,0,0.4012598395347595,0.35605841875076294,757.3035590132129,284.9537339752904,0.5956927748626171,0.0005557057220801043,0.00406995415687561,
31651.699999928474,0,0.383663535118103,0.33812469244003296,780.0448586208825,272.1098081985734,0.5956927748626171,0.0005557057220801043,0.00406995415687561,
31695.5,0,0.37321388721466064,0.2799467146396637,793.0854234649362,230.115885761577,0.5956927748626171,0.0005557057220801043,0.00406995415687561,
31740.299999952316,0,0.38992106914520264,0.2599068582057953,767.6770581479145,214.06111142473887,0.5956927748626171,0.0005557057220801043,0.00406995415687561,
31785.199999928474,0,0.395908385515213,0.2737117111682892,760.8154138005615,224.37989575544606,0.5956927748626171,0.0005557057220801043,0.00406995415687561,
31829.399999976158,0,0.41298025846481323,0.40062496066093445,741.8816322940093,316.90486380751867,0.5956927748626171,0.0005557057220801043,0.00406995415687561,
31873,0,0.41297805309295654,0.4258382320404053,742.5848729747221,335.28284599529445,0.5956927748626171,0.0005557057220801043,0.00406995415687561,
31916.699999928474,0,0.404549241065979,0.4423924684524536,754.6509550994181,347.5632225628317,0.5956927748626171,0.0005557057220801043,0.00406995415687561,
31960.100000023842,0,0.4077700674533844,0.4357173442840576,750.1017171736329,342.6432265380632,0.5956927748626171,0.0005557057220801043,0.00406995415687561,
32002.5,0,0.407498300075531,0.43160977959632874,750.5319540912873,339.7083005162759,0.5956927748626171,0.0005557057220801043,0.00406995415687561,
32048.699999928474,0,0.4092382788658142,0.42980706691741943,748.6350814760427,338.4981262979545,0.5956927748626171,0.0005557057220801043,0.00406995415687561,
32091.199999928474,0,0.41027921438217163,0.4286072850227356,746.8681290322093,337.517959654574,0.5956927748626171,0.0005557057220801043,0.00406995415687561,
32133.699999928474,0,0.41212207078933716,0.4305182099342346,744.4384259224069,338.87419712372366,0.5956927748626171,0.0005557057220801043,0.00406995415687561,
32177,0,0.41005969047546387,0.43178480863571167,747.1321028058098,339.8010791195606,0.7453396329273387,0.000799865723480671,0.01655423641204834,
32226,0,0.4100620150566101,0.4283682703971863,747.5668182294394,337.4585848625775,0.7453396329273387,0.000799865723480671,0.01655423641204834,
32268.699999928474,0,0.4130846858024597,0.4255887567996979,742.8621701110648,335.2269851074658,0.7453396329273387,0.000799865723480671,0.01655423641204834,
32314.199999928474,0,0.41284188628196716,0.4197024405002594,743.2162377772718,331.0014094554964,0.7453396329273387,0.000799865723480671,0.01655423641204834,
32355.899999976158,0,0.4101838767528534,0.42116954922676086,746.8667050167427,332.1284647182332,0.7453396329273387,0.000799865723480671,0.01655423641204834,
32398.699999928474,0,0.4103381931781769,0.41888725757598877,746.5106687065309,330.4403082885641,0.7453396329273387,0.000799865723480671,0.01655423641204834,
32441.899999976158,0,0.4104909300804138,0.42220839858055115,746.3706756693589,332.8473629369265,0.7453396329273387,0.000799865723480671,0.01655423641204834,
32486.100000023842,0,0.40899813175201416,0.4162597060203552,748.3262750680105,328.57700335151367,0.7453396329273387,0.000799865723480671,0.01655423641204834,
32531.100000023842,0,0.4039345383644104,0.38024431467056274,754.0113136628077,302.4089844873483,0.7453396329273387,0.000799865723480671,0.01655423641204834,
32575.399999976158,0,0.37415486574172974,0.31855136156082153,792.5489885746773,258.1179192786722,0.7453396329273387,0.000799865723480671,0.01655423641204834,
32618.600000023842,0,0.3911493122577667,0.30620041489601135,768.7330437755286,248.530795623272,0.7453396329273387,0.000799865723480671,0.01655423641204834,
32662.799999952316,0,0.36189258098602295,0.25917306542396545,808.9429374998266,215.5635381596451,0.7453396329273387,0.000799865723480671,0.01655423641204834,
32705.699999928474,0,0.35135847330093384,0.23548103868961334,824.3732122196877,198.9628761957593,0.7453396329273387,0.000799865723480671,0.01655423641204834,
32747.699999928474,0,0.3528779447078705,0.22757704555988312,823.0812310270305,193.39518806325344,0.7453396329273387,0.000799865723480671,0.01655423641204834,
32789.39999997616,0,0.3955783247947693,0.31138524413108826,761.7145916736052,251.7167022491241,0.7453396329273387,0.000799865723480671,0.01655423641204834,
32831.60000002384,0,0.40616708993911743,0.3964250087738037,751.6823852470702,314.21907163904365,0.7453396329273387,0.000799865723480671,0.01655423641204834,
32876.89999997616,0,0.4031673073768616,0.4403322637081146,756.3869933457937,346.07134550274304,0.7453396329273387,0.000799865723480671,0.01655423641204834,
32918.5,0,0.399783194065094,0.4488620162010193,761.9983426100146,352.5161597877732,0.7453396329273387,0.000799865723480671,0.01655423641204834,
32961.89999997616,0,0.4017978310585022,0.4519366919994354,759.1768120801609,354.6769041899193,0.7453396329273387,0.000799865723480671,0.01655423641204834,
33008.199999928474,0,0.4016299843788147,0.44891685247421265,759.6440815494591,352.55770163697315,0.7453396329273387,0.000799865723480671,0.01655423641204834,
33050.5,0,0.4023595452308655,0.45085597038269043,758.4954576207231,353.9071425689655,0.7453396329273387,0.000799865723480671,0.01655423641204834,
33094,0,0.4014967083930969,0.451255202293396,759.6598612535045,354.20780170731507,0.7453396329273387,0.000799865723480671,0.01655423641204834,
33137.699999928474,0,0.40151798725128174,0.44973206520080566,759.5407052356815,353.0908403101761,0.7453396329273387,0.000799865723480671,0.01655423641204834,
33181.799999952316,0,0.40153414011001587,0.45147407054901123,759.4534232222368,354.330183260839,0.6120793444697967,0.0008448698410208257,0.0030746757984161377,
33230.199999928474,0,0.40141141414642334,0.4503582715988159,759.7717022399061,353.56259558803447,0.6120793444697967,0.0008448698410208257,0.0030746757984161377,
33275,0,0.4024817645549774,0.4508155286312103,758.2383355220147,353.8555542964321,0.6120793444697967,0.0008448698410208257,0.0030746757984161377,
33319.60000002384,0,0.4012826085090637,0.44920459389686584,760.1872279223884,352.7857535696762,0.6120793444697967,0.0008448698410208257,0.0030746757984161377,
33363.299999952316,0,0.4020930528640747,0.44908177852630615,758.9698060164112,352.65890275221193,0.6120793444697967,0.0008448698410208257,0.0030746757984161377,
33408.5,0,0.40185707807540894,0.4493540823459625,759.0492337105475,352.80585291995635,0.6120793444697967,0.0008448698410208257,0.0030746757984161377,
33451.799999952316,0,0.40332430601119995,0.44526761770248413,756.9214244701996,349.8063860054049,0.6120793444697967,0.0008448698410208257,0.0030746757984161377,
33495,0,0.40001633763313293,0.37422460317611694,759.5852365709318,298.2435069575308,0.6120793444697967,0.0008448698410208257,0.0030746757984161377,
33539,0,0.38891202211380005,0.3402326703071594,772.8119693787248,273.4631986044784,0.6120793444697967,0.0008448698410208257,0.0030746757984161377,
33580.89999997616,0,0.39049777388572693,0.2957206964492798,769.524794026445,240.969423315815,0.6120793444697967,0.0008448698410208257,0.0030746757984161377,
33623,0,0.4006420969963074,0.2966446280479431,756.0287364408272,241.43536805413402,0.6120793444697967,0.0008448698410208257,0.0030746757984161377,
33665.10000002384,0,0.4067089557647705,0.3887674808502197,750.7230041966635,308.62655539520176,0.6120793444697967,0.0008448698410208257,0.0030746757984161377,
33711.199999928474,0,0.40746498107910156,0.4373810887336731,750.5420030483457,343.8547608303062,0.6120793444697967,0.0008448698410208257,0.0030746757984161377,
33753.699999928474,0,0.3981948792934418,0.4534253180027008,763.9236857042297,355.7784773733081,0.6120793444697967,0.0008448698410208257,0.0030746757984161377,
33795.299999952316,0,0.3989751935005188,0.45064276456832886,763.5586782143697,353.90599239290907,0.6120793444697967,0.0008448698410208257,0.0030746757984161377,
33838.10000002384,0,0.39869722723960876,0.4520123600959778,764.0587964721689,354.9199340929144,0.6120793444697967,0.0008448698410208257,0.0030746757984161377,
33883.60000002384,0,0.39962100982666016,0.45164597034454346,762.5381769421407,354.58975844663394,0.6120793444697967,0.0008448698410208257,0.0030746757984161377,
33925.5,0,0.39985978603363037,0.45219534635543823,761.8696445554762,354.90957799483766,0.6120793444697967,0.0008448698410208257,0.0030746757984161377,
33968.199999928474,0,0.400343656539917,0.45096248388290405,761.0391003601094,353.97568478273797,0.6120793444697967,0.0008448698410208257,0.0030746757984161377,
34011.199999928474,0,0.4002116918563843,0.4504634737968445,761.3624350932035,353.6503587359052,0.6120793444697967,0.0008448698410208257,0.0030746757984161377,
34055.10000002384,0,0.400316059589386,0.4514918923377991,761.2496476988307,354.39533014050375,0.6120793444697967,0.0008448698410208257,0.0030746757984161377,
34097.5,0,0.3995508849620819,0.4526017904281616,762.3603194625067,355.22255478589034,0.6120793444697967,0.0008448698410208257,0.0030746757984161377,
34140.199999928474,0,0.39958029985427856,0.4485717713832855,762.1229178990046,352.2779337289349,0.6120793444697967,0.0008448698410208257,0.0030746757984161377,
34182.60000002384,0,0.39964550733566284,0.45065566897392273,762.292858122544,353.8326573325847,0.6120793444697967,0.0008448698410208257,0.0030746757984161377,
34227.5,0,0.39965498447418213,0.45057106018066406,762.1729872346765,353.748924745107,0.6120793444697967,0.0008448698410208257,0.0030746757984161377,
34270.10000002384,0,0.39938026666641235,0.4509957432746887,762.8260630424584,354.1174891725992,0.6120793444697967,0.0008448698410208257,0.0030746757984161377,
34315.299999952316,0,0.40061575174331665,0.4527263939380646,760.5973966055009,355.2247391974079,0.6120793444697967,0.0008448698410208257,0.0030746757984161377,
34360.39999997616,0,0.3998569846153259,0.4091868996620178,760.4789993010137,323.6084887313354,0.6120793444697967,0.0008448698410208257,0.0030746757984161377,
34403.89999997616,0,0.3882944881916046,0.382729172706604,775.4126222997846,304.5941026295172,0.6120793444697967,0.0008448698410208257,0.0030746757984161377,
34447.199999928474,0,0.38529014587402344,0.3436114192008972,777.4927113710257,275.9105872295767,0.6120793444697967,0.0008448698410208257,0.0030746757984161377,
34490,0,0.37901943922042847,0.33137619495391846,786.272137907584,267.3368593267333,0.6120793444697967,0.0008448698410208257,0.0030746757984161377,
34531.5,0,0.39682453870773315,0.33962464332580566,761.6644486934681,272.6693425406747,0.6120793444697967,0.0008448698410208257,0.0030746757984161377,
34573.89999997616,0,0.407684862613678,0.3960411846637726,749.6098657107523,313.9044345467397,0.6120793444697967,0.0008448698410208257,0.0030746757984161377,
34616.5,0,0.40647268295288086,0.4357367157936096,751.7472205404878,342.6530050213424,0.6120793444697967,0.0008448698410208257,0.0030746757984161377,
34662.39999997616,0,0.4066546857357025,0.4431741535663605,752.5798936127853,348.2806110027326,0.6120793444697967,0.0008448698410208257,0.0030746757984161377,
34704.89999997616,0,0.40740084648132324,0.44395044445991516,751.5447865948076,348.8205065668297,0.6120793444697967,0.0008448698410208257,0.0030746757984161377,
34748.699999928474,0,0.40698355436325073,0.4432911276817322,752.5633253133117,348.4574860172738,0.6120793444697967,0.0008448698410208257,0.0030746757984161377,
34791.799999952316,0,0.4076765179634094,0.4432470500469208,751.5199562559022,348.3906185239568,0.6120793444697967,0.0008448698410208257,0.0030746757984161377,
34833.799999952316,0,0.4073329567909241,0.4431203007698059,752.040670449789,348.3176562808912,0.6120793444697967,0.0008448698410208257,0.0030746757984161377,
34876.799999952316,0,0.40710458159446716,0.4427146911621094,752.3431756303825,348.0279026438696,0.6120793444697967,0.0008448698410208257,0.0030746757984161377,
34921.39999997616,0,0.4076104760169983,0.4423762559890747,751.6731630787413,347.7791830976776,0.6120793444697967,0.0008448698410208257,0.0030746757984161377,
34963.89999997616,0,0.4071657359600067,0.4432376027107239,752.1812333112034,348.38551601834143,0.6120793444697967,0.0008448698410208257,0.0030746757984161377,
35006.299999952316,0,0.4069574177265167,0.4437630772590637,752.4204149088431,348.75760390061225,0.6120793444697967,0.0008448698410208257,0.0030746757984161377,
35048.39999997616,0,0.40667054057121277,0.4417564868927002,753.2016376159231,347.4042601632212,0.6120793444697967,0.0008448698410208257,0.0030746757984161377,
35092.699999928474,0,0.40752315521240234,0.4442480802536011,751.6446611766187,349.09498139833727,0.6120793444697967,0.0008448698410208257,0.0030746757984161377,
35135.39999997616,0,0.40697693824768066,0.4428141117095947,752.6722078159079,348.1361315851779,0.6120793444697967,0.0008448698410208257,0.0030746757984161377,
35178.60000002384,0,0.40755704045295715,0.4455162286758423,751.3574425531422,349.95087985817094,0.6120793444697967,0.0008448698410208257,0.0030746757984161377,
35220.39999997616,0,0.40447741746902466,0.4123576581478119,754.0768226527863,325.75734367078,0.6120793444697967,0.0008448698410208257,0.0030746757984161377,
35264,0,0.39027532935142517,0.38898929953575134,772.5571180563643,309.0160451652324,0.6120793444697967,0.0008448698410208257,0.0030746757984161377,
35306.89999997616,0,0.38652536273002625,0.34742438793182373,776.1389456749566,278.7293587024264,0.6120793444697967,0.0008448698410208257,0.0030746757984161377,
35348.60000002384,0,0.3854826092720032,0.34005096554756165,777.7772387259204,273.5154608239114,0.6120793444697967,0.0008448698410208257,0.0030746757984161377,
35390.60000002384,0,0.40043285489082336,0.34920352697372437,757.3269085672662,279.6684424501263,0.6120793444697967,0.0008448698410208257,0.0030746757984161377,
35436.199999928474,0,0.40480685234069824,0.4060744643211365,753.7505445757175,321.2603535053593,0.6120793444697967,0.0008448698410208257,0.0030746757984161377,
35478.5,0,0.40428292751312256,0.43734052777290344,755.6162842532007,344.08052811610844,0.6120793444697967,0.0008448698410208257,0.0030746757984161377,
35520.5,0,0.40426328778266907,0.43628647923469543,756.7795093067848,343.56743132030317,0.6120793444697967,0.0008448698410208257,0.0030746757984161377,
35565.299999952316,0,0.40337079763412476,0.4344731271266937,757.7495528657544,342.22755493446476,0.6120793444697967,0.0008448698410208257,0.0030746757984161377,
35608.699999928474,0,0.40327566862106323,0.4334627091884613,758.3686330059284,341.5960758329012,0.6120793444697967,0.0008448698410208257,0.0030746757984161377,
35650.699999928474,0,0.40430569648742676,0.434822142124176,756.5397388764134,342.47618964954944,0.6120793444697967,0.0008448698410208257,0.0030746757984161377,
35692.39999997616,0,0.4050416946411133,0.43399494886398315,755.5075457199138,341.86223479885575,0.6120793444697967,0.0008448698410208257,0.0030746757984161377,
35736.89999997616,0,0.40403056144714355,0.4328560531139374,756.4359159160948,340.9646577119888,0.6120793444697967,0.0008448698410208257,0.0030746757984161377,
35779.699999928474,0,0.4051409363746643,0.435701847076416,755.1885346139546,343.0510928976065,0.6120793444697967,0.0008448698410208257,0.0030746757984161377,
35821.199999928474,0,0.40507322549819946,0.43354910612106323,755.1158484768437,341.46683019039546,0.6120793444697967,0.0008448698410208257,0.0030746757984161377,
35863,0,0.4047929048538208,0.43437910079956055,755.5191703466388,342.0740952544692,0.6120793444697967,0.0008448698410208257,0.0030746757984161377,
35907.799999952316,0,0.4044376611709595,0.4334167242050171,756.1893549882734,341.4269908978483,0.6120793444697967,0.0008448698410208257,0.0030746757984161377,
35950.199999928474,0,0.4045564830303192,0.4326048493385315,755.7900248142952,340.7897412543983,0.6120793444697967,0.0008448698410208257,0.0030746757984161377,
35992,0,0.40529119968414307,0.4350634217262268,754.8772733164747,342.5659230753061,0.6120793444697967,0.0008448698410208257,0.0030746757984161377,
36034.89999997616,0,0.4046630263328552,0.433158814907074,755.4616762962095,341.1461710511512,0.6120793444697967,0.0008448698410208257,0.0030746757984161377,
36079.89999997616,0,0.40483275055885315,0.4345012307167053,755.6858708043159,342.2083010656168,0.6120793444697967,0.0008448698410208257,0.0030746757984161377,
36121.299999952316,0,0.4047749936580658,0.43497031927108765,755.2262454244789,342.4296284533433,0.6120793444697967,0.0008448698410208257,0.0030746757984161377,
36163.699999928474,0,0.4045485258102417,0.431280255317688,756.0611163799502,339.89158324302616,0.6120793444697967,0.0008448698410208257,0.0030746757984161377,
36206.5,0,0.4047655463218689,0.432157039642334,755.3597389310911,340.43145080357965,0.6120793444697967,0.0008448698410208257,0.0030746757984161377,
36251,0,0.404682457447052,0.4313771426677704,755.612221069638,339.9021854849882,0.6120793444697967,0.0008448698410208257,0.0030746757984161377,
36294.199999928474,0,0.4041517972946167,0.43067288398742676,756.3343879344229,339.4044498997953,0.6120793444697967,0.0008448698410208257,0.0030746757984161377,
36337,0,0.4045414328575134,0.43046820163726807,755.644813234553,339.2150873146878,0.6120793444697967,0.0008448698410208257,0.0030746757984161377,
36380.199999928474,0,0.40485820174217224,0.43156763911247253,754.9980057273204,339.9517079021195,0.6120793444697967,0.0008448698410208257,0.0030746757984161377,
36423.699999928474,0,0.4041382372379303,0.42992761731147766,756.2718129361676,338.8504288646943,0.6120793444697967,0.0008448698410208257,0.0030746757984161377,
36466.799999952316,0,0.40467679500579834,0.4296976923942566,755.6292197610551,338.6951067576529,0.6120793444697967,0.0008448698410208257,0.0030746757984161377,
36509.39999997616,0,0.4059640169143677,0.43204307556152344,753.7227704048447,340.32621437426707,0.6120793444697967,0.0008448698410208257,0.0030746757984161377,
36550.799999952316,0,0.4049355089664459,0.4308290481567383,755.016387419897,339.4469111882044,0.6120793444697967,0.0008448698410208257,0.0030746757984161377,
36595.199999928474,0,0.4046717882156372,0.43008434772491455,755.2757982270573,338.8928059654239,0.6120793444697967,0.0008448698410208257,0.0030746757984161377,
36638.199999928474,0,0.4038907289505005,0.429882287979126,756.4207727006683,338.780447757339,0.6120793444697967,0.0008448698410208257,0.0030746757984161377,
36680.89999997616,0,0.40372440218925476,0.42973601818084717,756.7688874811358,338.7052959462083,0.6120793444697967,0.0008448698410208257,0.0030746757984161377,
36724.799999952316,0,0.4040810167789459,0.4288219213485718,756.2811613837229,338.04023149549073,0.6120793444697967,0.0008448698410208257,0.0030746757984161377,
36767.10000002384,0,0.4043428301811218,0.42885899543762207,755.8000725226755,338.03417233886734,0.6120793444697967,0.0008448698410208257,0.0030746757984161377,
36810.199999928474,0,0.4039841890335083,0.4296363592147827,756.3521427614118,338.61483227300164,0.6120793444697967,0.0008448698410208257,0.0030746757984161377,
36852.199999928474,0,0.4036750793457031,0.4282108247280121,756.739730900349,337.5866408101704,0.6120793444697967,0.0008448698410208257,0.0030746757984161377,
36896.199999928474,0,0.4038658142089844,0.4298189580440521,756.5021076512359,338.74595561682213,0.6120793444697967,0.0008448698410208257,0.0030746757984161377,
36938.60000002384,0,0.40371888875961304,0.42885348200798035,756.5873477356689,338.02761937596034,0.6120793444697967,0.0008448698410208257,0.0030746757984161377,
36981.10000002384,0,0.40372151136398315,0.42825180292129517,756.6785205566822,337.61574700886126,0.6120793444697967,0.0008448698410208257,0.0030746757984161377,
37023.5,0,0.40331244468688965,0.4284655749797821,757.2554235163657,337.7815514776142,0.6120793444697967,0.0008448698410208257,0.0030746757984161377,
37067.89999997616,0,0.40363532304763794,0.42824745178222656,756.7273588099662,337.5987732240738,0.6120793444697967,0.0008448698410208257,0.0030746757984161377,
37111.39999997616,0,0.40360257029533386,0.427691251039505,756.8183485094195,337.20936536790725,0.6120793444697967,0.0008448698410208257,0.0030746757984161377,
37153.699999928474,0,0.4035608768463135,0.428505539894104,756.8712506048445,337.795548848169,0.6120793444697967,0.0008448698410208257,0.0030746757984161377,
37196,0,0.40368205308914185,0.42825114727020264,756.7288462506502,337.6152344154799,0.6120793444697967,0.0008448698410208257,0.0030746757984161377,
37241.60000002384,0,0.40369272232055664,0.42811936140060425,756.6654196610273,337.5091545484648,0.6120793444697967,0.0008448698410208257,0.0030746757984161377,
37283.60000002384,0,0.4044535458087921,0.4278407692909241,755.4996842688209,337.26457755207707,0.6120793444697967,0.0008448698410208257,0.0030746757984161377,
37325.10000002384,0,0.404676616191864,0.4285038709640503,755.184931621619,337.7351947960179,0.6120793444697967,0.0008448698410208257,0.0030746757984161377,
37366.799999952316,0,0.40413618087768555,0.42931804060935974,756.1522006612469,338.38443624565093,0.6120793444697967,0.0008448698410208257,0.0030746757984161377,
37411.5,0,0.4047558307647705,0.4288630783557892,755.1211941256677,338.00260166094944,0.6120793444697967,0.0008448698410208257,0.0030746757984161377,
37453.199999928474,0,0.40408146381378174,0.42968201637268066,756.1923570646312,338.63979363469355,0.6120793444697967,0.0008448698410208257,0.0030746757984161377,
37495.699999928474,0,0.4047844409942627,0.42817044258117676,755.0998071586499,337.5074403059791,0.6120793444697967,0.0008448698410208257,0.0030746757984161377,
37538.39999997616,0,0.40427058935165405,0.42873862385749817,755.9034036706142,337.949968578864,0.6120793444697967,0.0008448698410208257,0.0030746757984161377,
37582.799999952316,0,0.4045082926750183,0.42934638261795044,755.5960900311828,338.3868627859184,0.6120793444697967,0.0008448698410208257,0.0030746757984161377,
37624.299999952316,0,0.40486156940460205,0.4280611276626587,754.9333188467326,337.4129388356236,0.6120793444697967,0.0008448698410208257,0.0030746757984161377,
37667.10000002384,0,0.40486544370651245,0.4270761013031006,755.1361827281931,336.75163571600615,0.6120793444697967,0.0008448698410208257,0.0030746757984161377,
37710.199999928474,0,0.40470296144485474,0.4291762709617615,755.4907336528321,338.2966181494858,0.6120793444697967,0.0008448698410208257,0.0030746757984161377,
37754.799999952316,0,0.40631330013275146,0.4291215240955353,753.0195918586728,338.1633617959141,0.6120793444697967,0.0008448698410208257,0.0030746757984161377,
37797,0,0.40588951110839844,0.42709171772003174,753.6099932222588,336.7131912225194,0.6120793444697967,0.0008448698410208257,0.0030746757984161377,
37840.199999928474,0,0.4054505228996277,0.42821770906448364,754.2772992888296,337.54842958109384,0.6120793444697967,0.0008448698410208257,0.0030746757984161377,
37882.10000002384,0,0.4059673845767975,0.4283418357372284,753.6960103217856,337.6562148015754,0.6120793444697967,0.0008448698410208257,0.0030746757984161377,
37925.89999997616,0,0.40645831823349,0.4295383095741272,752.8540674057799,338.4681896400727,0.6120793444697967,0.0008448698410208257,0.0030746757984161377,
37968.5,0,0.4060916304588318,0.4294707179069519,753.5332825728649,338.46816812458843,0.6120793444697967,0.0008448698410208257,0.0030746757984161377,
38011.60000002384,0,0.4060835838317871,0.42750880122184753,753.3869048057904,337.01942043967995,0.6120793444697967,0.0008448698410208257,0.0030746757984161377,
38055.10000002384,0,0.4065260887145996,0.42890268564224243,752.8302820699917,338.0253015705961,0.6120793444697967,0.0008448698410208257,0.0030746757984161377,
38097.10000002384,0,0.40682435035705566,0.4274980127811432,751.908896261423,336.8827610621553,0.6120793444697967,0.0008448698410208257,0.0030746757984161377,
38139.89999997616,0,0.40577149391174316,0.427334189414978,753.606164484666,336.8510026240764,0.6120793444697967,0.0008448698410208257,0.0030746757984161377,
38182.299999952316,0,0.40583550930023193,0.42663341760635376,753.7442875489718,336.39842655943704,0.6120793444697967,0.0008448698410208257,0.0030746757984161377,
38226.10000002384,0,0.40688419342041016,0.4293266236782074,752.3111565776541,338.31629621547245,0.6120793444697967,0.0008448698410208257,0.0030746757984161377,
38269,0,0.4070386588573456,0.42952167987823486,752.1898478113318,338.4746256349747,0.6120793444697967,0.0008448698410208257,0.0030746757984161377,
38312.60000002384,0,0.406840443611145,0.4304649233818054,752.1993650466494,339.09584644484187,0.6120793444697967,0.0008448698410208257,0.0030746757984161377,
38355.89999997616,0,0.4068487286567688,0.42973124980926514,752.0017001994707,338.5217747219773,0.6120793444697967,0.0008448698410208257,0.0030746757984161377,
38396.89999997616,0,0.4058881103992462,0.42755842208862305,753.4081821126522,337.00070685760346,0.6120793444697967,0.0008448698410208257,0.0030746757984161377,
38439.39999997616,0,0.40631771087646484,0.42980116605758667,752.7084309593405,338.5788145749833,0.6120793444697967,0.0008448698410208257,0.0030746757984161377,
38483.5,0,0.40554100275039673,0.42898765206336975,753.987963027359,338.06220025015693,0.6120793444697967,0.0008448698410208257,0.0030746757984161377,
38525.10000002384,0,0.40551483631134033,0.42839813232421875,753.9990984015028,337.63243725717535,0.6120793444697967,0.0008448698410208257,0.0030746757984161377,
38567.699999928474,0,0.40577349066734314,0.4287325143814087,753.7067073363127,337.8823669394588,0.6120793444697967,0.0008448698410208257,0.0030746757984161377,
38612.5,0,0.4060305058956146,0.43084561824798584,753.2258436643132,339.3674706200628,0.6120793444697967,0.0008448698410208257,0.0030746757984161377,
38654.60000002384,0,0.4052984118461609,0.4307766258716583,754.2020906635252,339.32724487701375,0.6120793444697967,0.0008448698410208257,0.0030746757984161377,
38696.60000002384,0,0.40478241443634033,0.43016281723976135,755.0410465792679,338.9276563539271,0.6120793444697967,0.0008448698410208257,0.0030746757984161377,
38741.799999952316,0,0.40514475107192993,0.4301428198814392,754.5299837850221,338.90215267223306,0.6120793444697967,0.0008448698410208257,0.0030746757984161377,
38784,0,0.40529876947402954,0.4302865266799927,754.1104904623476,338.95229976427777,0.6120793444697967,0.0008448698410208257,0.0030746757984161377,
38826.299999952316,0,0.4041846990585327,0.4305514097213745,755.9029328285213,339.2299348935504,0.6120793444697967,0.0008448698410208257,0.0030746757984161377,
38869.10000002384,0,0.4048113226890564,0.43066495656967163,754.981405100935,339.28388818738523,0.6120793444697967,0.0008448698410208257,0.0030746757984161377,
38913.60000002384,0,0.40490901470184326,0.4308008551597595,754.9400259614151,339.4012615761162,0.6120793444697967,0.0008448698410208257,0.0030746757984161377,
38955,0,0.40554898977279663,0.4309520721435547,754.1143002488458,339.5086164872154,0.6120793444697967,0.0008448698410208257,0.0030746757984161377,
38997.799999952316,0,0.40631794929504395,0.43233004212379456,752.8644522770966,340.43783650032736,0.6120793444697967,0.0008448698410208257,0.0030746757984161377,
39040.39999997616,0,0.4049171805381775,0.4300277531147003,754.7206798891561,338.795403035689,0.6120793444697967,0.0008448698410208257,0.0030746757984161377,
39085.5,0,0.4059258699417114,0.42989757657051086,753.4810110912894,338.71394726578575,0.6120793444697967,0.0008448698410208257,0.0030746757984161377,
39128.199999928474,0,0.40552422404289246,0.431056410074234,754.0441613515387,339.559914732594,0.6120793444697967,0.0008448698410208257,0.0030746757984161377,
39170.89999997616,0,0.4059775769710541,0.43167629837989807,753.3559477989427,339.98057697840295,0.6120793444697967,0.0008448698410208257,0.0030746757984161377,
39214.199999928474,0,0.4055446982383728,0.43217718601226807,753.9952524946763,340.3615112678013,0.6120793444697967,0.0008448698410208257,0.0030746757984161377,
39258.299999952316,0,0.40565720200538635,0.4318094849586487,753.9466820002806,340.1191824901968,0.6120793444697967,0.0008448698410208257,0.0030746757984161377,
39301.60000002384,0,0.40600264072418213,0.4322032928466797,753.4297813368562,340.38519710986236,0.6120793444697967,0.0008448698410208257,0.0030746757984161377,
39344.5,0,0.40654104948043823,0.4322805404663086,752.7020152656077,340.43168357441425,0.6120793444697967,0.0008448698410208257,0.0030746757984161377,
39386.299999952316,0,0.4066159725189209,0.43244224786758423,752.5010655337576,340.52298970089515,0.6120793444697967,0.0008448698410208257,0.0030746757984161377,
39429.699999928474,0,0.40606528520584106,0.4317457973957062,753.2676853112997,340.0363594621794,0.6120793444697967,0.0008448698410208257,0.0030746757984161377,
39472.699999928474,0,0.40585944056510925,0.4315093755722046,753.3801868491627,339.82966474338383,0.6120793444697967,0.0008448698410208257,0.0030746757984161377,
39515.199999928474,0,0.40550947189331055,0.43120595812797546,753.9534771219377,339.6415376086473,0.6120793444697967,0.0008448698410208257,0.0030746757984161377,
39557.39999997616,0,0.4060157537460327,0.4314631223678589,753.2550967376129,339.81458079762285,0.6120793444697967,0.0008448698410208257,0.0030746757984161377,
39602.5,0,0.4051435589790344,0.4308423399925232,754.3127869987056,339.35336955834725,0.6120793444697967,0.0008448698410208257,0.0030746757984161377,
39645.699999928474,0,0.40439820289611816,0.43139517307281494,755.2594583631442,339.74960870990446,0.6120793444697967,0.0008448698410208257,0.0030746757984161377,
39687.699999928474,0,0.40375399589538574,0.4312351644039154,756.4807304372292,339.72833554133445,0.6120793444697967,0.0008448698410208257,0.0030746757984161377,
39731.39999997616,0,0.4050998091697693,0.43077632784843445,754.4577377943332,339.3273756001954,0.6120793444697967,0.0008448698410208257,0.0030746757984161377,
39774.199999928474,0,0.40511491894721985,0.4309190809726715,754.2970008498266,339.39579146355896,0.6120793444697967,0.0008448698410208257,0.0030746757984161377,
39816.10000002384,0,0.40426957607269287,0.4306616187095642,755.6665855173275,339.2795445891715,0.6120793444697967,0.0008448698410208257,0.0030746757984161377,
39858.299999952316,0,0.40515825152397156,0.430838942527771,754.3370200253139,339.3613789878397,0.6120793444697967,0.0008448698410208257,0.0030746757984161377,
39902.5,0,0.4049399495124817,0.4308512806892395,754.6194814204508,339.37099717534386,0.6120793444697967,0.0008448698410208257,0.0030746757984161377,
39945.10000002384,0,0.4045816957950592,0.431298166513443,755.1986207440195,339.7216750401829,0.6120793444697967,0.0008448698410208257,0.0030746757984161377,
39987.199999928474,0,0.4044608473777771,0.43073898553848267,755.3373395165737,339.3152652338409,0.6120793444697967,0.0008448698410208257,0.0030746757984161377,
40029.299999952316,0,0.4050392806529999,0.43077588081359863,754.4865401425972,339.3153054551108,0.6120793444697967,0.0008448698410208257,0.0030746757984161377,
40074.89999997616,0,0.40530627965927124,0.43153589963912964,753.9738387947581,339.82057701812823,0.6120793444697967,0.0008448698410208257,0.0030746757984161377,
40117.699999928474,0,0.40444815158843994,0.43070077896118164,755.3005948280158,339.27507971529735,0.6120793444697967,0.0008448698410208257,0.0030746757984161377,
40160.199999928474,0,0.4046750068664551,0.43007341027259827,755.0361871058846,338.8295984402619,0.6120793444697967,0.0008448698410208257,0.0030746757984161377,
40203,0,0.4043932855129242,0.429751455783844,755.5666745742374,338.63790956344377,0.6120793444697967,0.0008448698410208257,0.0030746757984161377,
40247.89999997616,0,0.40499216318130493,0.43059688806533813,754.5556695875889,339.18856567990315,0.6120793444697967,0.0008448698410208257,0.0030746757984161377,
40289.10000002384,0,0.4049251675605774,0.431100994348526,754.6152702554422,339.54518243985547,0.6120793444697967,0.0008448698410208257,0.0030746757984161377,
40331.699999928474,0,0.4039378762245178,0.4314150810241699,756.1640356515751,339.83908102260034,0.6120793444697967,0.0008448698410208257,0.0030746757984161377,
40374.5,0,0.4041444659233093,0.4291514754295349,756.0784125099246,338.250293716118,0.6120793444697967,0.0008448698410208257,0.0030746757984161377,
40419.199999928474,0,0.4054461717605591,0.43079960346221924,753.8416613920406,339.30205307296654,0.6120793444697967,0.0008448698410208257,0.0030746757984161377,
40461.699999928474,0,0.40396663546562195,0.4305817186832428,755.8803533506353,339.18054626082954,0.6120793444697967,0.0008448698410208257,0.0030746757984161377,
40504.39999997616,0,0.40311920642852783,0.4287909269332886,757.4222261975278,337.9977997372698,0.6120793444697967,0.0008448698410208257,0.0030746757984161377,
40547.699999928474,0,0.4041799008846283,0.430989533662796,755.6043829334646,339.4734506548341,0.6120793444697967,0.0008448698410208257,0.0030746757984161377,
40591.699999928474,0,0.40375810861587524,0.43125784397125244,756.2544230418017,339.69302557636405,0.6120793444697967,0.0008448698410208257,0.0030746757984161377,
40634.5,0,0.4033850431442261,0.429557740688324,757.0134625966685,338.534410994944,0.6120793444697967,0.0008448698410208257,0.0030746757984161377,
40677.39999997616,0,0.40434226393699646,0.4298054873943329,755.4334052369383,338.62981501119987,0.6120793444697967,0.0008448698410208257,0.0030746757984161377,
40719.299999952316,0,0.4041527509689331,0.43091821670532227,755.6374942224772,339.4217060241133,0.6120793444697967,0.0008448698410208257,0.0030746757984161377,
40763.299999952316,0,0.40364089608192444,0.4301305413246155,756.4639844955612,338.8954483201872,0.6120793444697967,0.0008448698410208257,0.0030746757984161377,
40806.199999928474,0,0.40365731716156006,0.43065404891967773,756.4343532749938,339.27034464197254,0.6120793444697967,0.0008448698410208257,0.0030746757984161377,
40849.89999997616,0,0.40391111373901367,0.42994797229766846,756.1124164599657,338.762658422362,0.6120793444697967,0.0008448698410208257,0.0030746757984161377,
40892.5,0,0.40371695160865784,0.43033018708229065,756.3325397252829,339.0311446769032,0.6120793444697967,0.0008448698410208257,0.0030746757984161377,
40937.10000002384,0,0.40350770950317383,0.4301263093948364,756.7583464294488,338.9212933236704,0.6120793444697967,0.0008448698410208257,0.0030746757984161377,
40979.89999997616,0,0.40385326743125916,0.42957788705825806,756.4325550796575,338.5530998925627,0.6120793444697967,0.0008448698410208257,0.0030746757984161377,
41021.699999928474,0,0.4043934941291809,0.4315449595451355,755.4794646694875,339.9088309814737,0.6120793444697967,0.0008448698410208257,0.0030746757984161377,
41065.5,0,0.4044395089149475,0.43036139011383057,755.2822188726758,339.0236338803073,0.6120793444697967,0.0008448698410208257,0.0030746757984161377,
41109.5,0,0.4042472243309021,0.4298648238182068,755.7615373409137,338.72137580556625,0.6120793444697967,0.0008448698410208257,0.0030746757984161377,
41152.299999952316,0,0.40373554825782776,0.4296894669532776,756.5382882649076,338.62320739483965,0.6120793444697967,0.0008448698410208257,0.0030746757984161377,
41195.799999952316,0,0.4046369791030884,0.4309433698654175,755.1664322623981,339.47536236561757,0.6120793444697967,0.0008448698410208257,0.0030746757984161377,
41238.299999952316,0,0.4046868681907654,0.43081793189048767,755.0007289581521,339.36079611426186,0.6120793444697967,0.0008448698410208257,0.0030746757984161377,
41281,0,0.40362411737442017,0.4305318295955658,756.6905641904634,339.2319096841459,0.6120793444697967,0.0008448698410208257,0.0030746757984161377,
41322.699999928474,0,0.40440431237220764,0.4311494827270508,755.3953964734962,339.6074107164654,0.6120793444697967,0.0008448698410208257,0.0030746757984161377,
41367.5,0,0.4043745994567871,0.4312945306301117,755.5104695717848,339.73013229395366,0.6120793444697967,0.0008448698410208257,0.0030746757984161377,
41410,0,0.4042246341705322,0.4316016137599945,755.7179334383036,339.9548873863805,0.6120793444697967,0.0008448698410208257,0.0030746757984161377,
41451.799999952316,0,0.40539711713790894,0.4314126968383789,753.9497210149472,339.75461378470646,0.6120793444697967,0.0008448698410208257,0.0030746757984161377,
41494.89999997616,0,0.4043447971343994,0.43176978826522827,755.5445495497092,340.0713577791584,0.6120793444697967,0.0008448698410208257,0.0030746757984161377,
41540.60000002384,0,0.40421682596206665,0.43041712045669556,755.603403012403,339.0724566224336,0.6120793444697967,0.0008448698410208257,0.0030746757984161377,
41583.89999997616,0,0.40391671657562256,0.4303353428840637,756.0847889937628,339.0367370175039,0.6120793444697967,0.0008448698410208257,0.0030746757984161377,
41626.60000002384,0,0.403791606426239,0.4310647249221802,756.4210694681566,339.6029715052909,0.6120793444697967,0.0008448698410208257,0.0030746757984161377,
41669.799999952316,0,0.40376120805740356,0.4306783080101013,756.501203749876,339.3342041876539,0.6120793444697967,0.0008448698410208257,0.0030746757984161377,
41714.299999952316,0,0.40455862879753113,0.43169456720352173,755.1659132006907,339.9922225550113,0.6120793444697967,0.0008448698410208257,0.0030746757984161377,
41755.799999952316,0,0.40349072217941284,0.4309375286102295,757.0916737182869,339.57559737849107,0.6120793444697967,0.0008448698410208257,0.0030746757984161377,
41798.60000002384,0,0.4048345386981964,0.4314594268798828,754.6266473753604,339.7776429813138,0.6120793444697967,0.0008448698410208257,0.0030746757984161377,
41842.10000002384,0,0.4038817286491394,0.43065667152404785,756.2797902905507,339.30319756631445,0.6120793444697967,0.0008448698410208257,0.0030746757984161377,
41886.10000002384,0,0.4041314721107483,0.43066757917404175,755.69894301719,339.2494934463457,0.6120793444697967,0.0008448698410208257,0.0030746757984161377,
41928.799999952316,0,0.4041605293750763,0.43098703026771545,755.8214688539778,339.51743595726515,0.6120793444697967,0.0008448698410208257,0.0030746757984161377,
41971.39999997616,0,0.4043859541416168,0.430467426776886,755.6166946936805,339.1628503993041,0.6120793444697967,0.0008448698410208257,0.0030746757984161377,
42015,0,0.40320003032684326,0.4300457239151001,757.5396351304821,338.95007240916584,0.6120793444697967,0.0008448698410208257,0.0030746757984161377,
42056.799999952316,0,0.4048738479614258,0.4310961961746216,754.8653164637288,339.5858878116553,0.6120793444697967,0.0008448698410208257,0.0030746757984161377,
42099.10000002384,0,0.4049147963523865,0.43092888593673706,754.7750049458765,339.4564471670775,0.6120793444697967,0.0008448698410208257,0.0030746757984161377,
42142.39999997616,0,0.40436527132987976,0.4303377866744995,755.7036420900677,339.08345025260843,0.6120793444697967,0.0008448698410208257,0.0030746757984161377,
42187.299999952316,0,0.404731810092926,0.431074857711792,754.89720458858,339.53470648979317,0.6120793444697967,0.0008448698410208257,0.0030746757984161377,
42229.39999997616,0,0.40444618463516235,0.43167731165885925,755.3191054773769,339.98201958622445,0.6120793444697967,0.0008448698410208257,0.0030746757984161377,
42272.199999928474,0,0.4043278694152832,0.43109631538391113,755.5038218323539,339.5716539384052,0.6120793444697967,0.0008448698410208257,0.0030746757984161377,
42314.89999997616,0,0.40478551387786865,0.43211501836776733,754.7142099152944,340.2557780765263,0.6120793444697967,0.0008448698410208257,0.0030746757984161377,
42360,0,0.4048598110675812,0.4315219819545746,754.8499220896391,339.88455353174993,0.6120793444697967,0.0008448698410208257,0.0030746757984161377,
42403.39999997616,0,0.40438568592071533,0.4327877163887024,755.0188087789912,340.68841692488724,0.6120793444697967,0.0008448698410208257,0.0030746757984161377,
42445.699999928474,0,0.40448904037475586,0.4315032958984375,755.2937407755321,339.86377803864974,0.6120793444697967,0.0008448698410208257,0.0030746757984161377,
42487.299999952316,0,0.4038308262825012,0.43233174085617065,755.9870116700442,340.4242574004564,0.6120793444697967,0.0008448698410208257,0.0030746757984161377,
42531.799999952316,0,0.4039861857891083,0.43083319067955017,756.1356212080436,339.4278724377036,0.6120793444697967,0.0008448698410208257,0.0030746757984161377,
42574.799999952316,0,0.4043095111846924,0.431237131357193,755.4114924277031,339.6451871070692,0.6120793444697967,0.0008448698410208257,0.0030746757984161377,
42617.299999952316,0,0.4045260548591614,0.43093791604042053,755.3510107326464,339.4814669328704,0.6120793444697967,0.0008448698410208257,0.0030746757984161377,
42660,0,0.403559148311615,0.4309081435203552,756.8204120365091,339.51346412807277,0.6120793444697967,0.0008448698410208257,0.0030746757984161377,
42705,0,0.40439313650131226,0.4315783381462097,754.9425117615043,339.8006697948581,0.6120793444697967,0.0008448698410208257,0.0030746757984161377,
42748,0,0.4035693407058716,0.4310826063156128,756.6873682258989,339.6116530132467,0.6120793444697967,0.0008448698410208257,0.0030746757984161377,
42790.299999952316,0,0.40334612131118774,0.42987239360809326,757.151645408359,338.7809193407182,0.6120793444697967,0.0008448698410208257,0.0030746757984161377,
42833.89999997616,0,0.404666543006897,0.4310188591480255,754.9980306385696,339.49855845132595,0.6120793444697967,0.0008448698410208257,0.0030746757984161377,
42877,0,0.40449926257133484,0.4309149980545044,755.2233215182473,339.42646864649134,0.6120793444697967,0.0008448698410208257,0.0030746757984161377,
42919.39999997616,0,0.40305763483047485,0.43050098419189453,757.6877303910007,339.2704209300988,0.6120793444697967,0.0008448698410208257,0.0030746757984161377,
42962.299999952316,0,0.40503889322280884,0.4320431649684906,754.4184490893218,340.2110494551752,0.6120793444697967,0.0008448698410208257,0.0030746757984161377,
43007.299999952316,0,0.40460675954818726,0.431252658367157,755.0509447329591,339.6611940443703,0.6120793444697967,0.0008448698410208257,0.0030746757984161377,
43049.60000002384,0,0.4039009213447571,0.4311884641647339,756.2080492197869,339.6751518706686,0.6120793444697967,0.0008448698410208257,0.0030746757984161377,
43091.799999952316,0,0.4044659435749054,0.4306095838546753,755.1890155578767,339.18794807725146,0.6120793444697967,0.0008448698410208257,0.0030746757984161377,
43135,0,0.4038611054420471,0.4312213659286499,756.2884416143701,339.70567282709214,0.6120793444697967,0.0008448698410208257,0.0030746757984161377,
43180.299999952316,0,0.40437138080596924,0.43007007241249084,755.5584082436836,338.85882786205246,0.6120793444697967,0.0008448698410208257,0.0030746757984161377,
43222.199999928474,0,0.4044031500816345,0.4305817484855652,755.3138209837321,339.1786845010329,0.6120793444697967,0.0008448698410208257,0.0030746757984161377,
43265.10000002384,0,0.40420612692832947,0.4302002787590027,755.6168794223812,338.91627821131306,0.6120793444697967,0.0008448698410208257,0.0030746757984161377,
43309.299999952316,0,0.4037087559700012,0.43053513765335083,756.5041364050328,339.2163723514536,0.6120793444697967,0.0008448698410208257,0.0030746757984161377,
43352,0,0.4044337272644043,0.43048879504203796,755.2435074229071,339.1042030671046,0.6120793444697967,0.0008448698410208257,0.0030746757984161377,
43394.39999997616,0,0.40439462661743164,0.43104663491249084,755.4946683846575,339.5539661175614,0.6120793444697967,0.0008448698410208257,0.0030746757984161377,
43437.89999997616,0,0.4037725329399109,0.4305477738380432,756.3643582601537,339.2119856936209,0.6120793444697967,0.0008448698410208257,0.0030746757984161377,
43482.5,0,0.4047287702560425,0.4312502145767212,754.9785852547748,339.6795782368545,0.6120793444697967,0.0008448698410208257,0.0030746757984161377,
43525,0,0.4034632444381714,0.4300520718097687,756.7591966863614,338.8548353962049,0.6120793444697967,0.0008448698410208257,0.0030746757984161377,
43567.699999928474,0,0.4040008783340454,0.4308823347091675,755.9111548622822,339.41491200053315,0.6120793444697967,0.0008448698410208257,0.0030746757984161377,
43610.89999997616,0,0.40373024344444275,0.4307253360748291,756.5670358580173,339.374039751202,0.6120793444697967,0.0008448698410208257,0.0030746757984161377,
43655.699999928474,0,0.4037055969238281,0.4305957853794098,756.5373301412337,339.266753382898,0.6120793444697967,0.0008448698410208257,0.0030746757984161377,
43698.10000002384,0,0.40438562631607056,0.4309738278388977,755.4173250731814,339.4804640917339,0.6120793444697967,0.0008448698410208257,0.0030746757984161377,
43741.5,0,0.4046059548854828,0.43099749088287354,755.0918102576891,339.4870792082472,0.6120793444697967,0.0008448698410208257,0.0030746757984161377,
43784.60000002384,0,0.4044230580329895,0.43129217624664307,755.3140993976369,339.69640874123195,0.6120793444697967,0.0008448698410208257,0.0030746757984161377,
43828.10000002384,0,0.40432220697402954,0.4312492311000824,755.6520687411908,339.7150051482729,0.6120793444697967,0.0008448698410208257,0.0030746757984161377,
43871.299999952316,0,0.40501999855041504,0.43011295795440674,754.7167396784027,338.88702214261195,0.6120793444697967,0.0008448698410208257,0.0030746757984161377,
43914.60000002384,0,0.40447407960891724,0.4313448369503021,755.3975182000798,339.7697432000948,0.6120793444697967,0.0008448698410208257,0.0030746757984161377,
43955.89999997616,0,0.40425169467926025,0.43282198905944824,755.558929017993,340.80399991503555,0.6120793444697967,0.0008448698410208257,0.0030746757984161377,
44001.10000002384,0,0.4041556417942047,0.4313802719116211,755.999038235223,339.8402373887819,0.6120793444697967,0.0008448698410208257,0.0030746757984161377,
44043.699999928474,0,0.40414977073669434,0.4303920865058899,756.0627144197299,339.14151796785865,0.6120793444697967,0.0008448698410208257,0.0030746757984161377,
44085.89999997616,0,0.4044080972671509,0.431878924369812,755.3069695437167,340.11252564075204,0.6120793444697967,0.0008448698410208257,0.0030746757984161377,
44128.10000002384,0,0.40438005328178406,0.4310877025127411,755.4256981911218,339.56274989847736,0.6120793444697967,0.0008448698410208257,0.0030746757984161377,
44173.60000002384,0,0.4043806791305542,0.4310392141342163,755.5415411574425,339.5554456435889,0.6120793444697967,0.0008448698410208257,0.0030746757984161377,
44215.799999952316,0,0.40519624948501587,0.4293724298477173,754.147129374743,338.27092289384467,0.6120793444697967,0.0008448698410208257,0.0030746757984161377,
44258,0,0.404171347618103,0.43124568462371826,755.8707895617152,339.71841676120977,0.6120793444697967,0.0008448698410208257,0.0030746757984161377,
44300.699999928474,0,0.4037804901599884,0.4312317371368408,756.5305583024492,339.74497108666617,0.6120793444697967,0.0008448698410208257,0.0030746757984161377,
44345.89999997616,0,0.4045445919036865,0.4317406415939331,755.3363564965314,340.06155761568226,0.6120793444697967,0.0008448698410208257,0.0030746757984161377,
44387.89999997616,0,0.4049312472343445,0.43103036284446716,754.5781297881723,339.4871815453217,0.6120793444697967,0.0008448698410208257,0.0030746757984161377,
44429.299999952316,0,0.4036214351654053,0.43000516295433044,756.7963671292786,338.8758679682611,0.6120793444697967,0.0008448698410208257,0.0030746757984161377,
44471.89999997616,0,0.4043617844581604,0.43091896176338196,755.666197978784,339.4922495835359,0.6120793444697967,0.0008448698410208257,0.0030746757984161377,
44516.89999997616,0,0.403717577457428,0.42982399463653564,756.8276077507054,338.7796231514221,0.6120793444697967,0.0008448698410208257,0.0030746757984161377,
44558.799999952316,0,0.4046218991279602,0.431491494178772,755.2853806198461,339.89337605182567,0.6120793444697967,0.0008448698410208257,0.0030746757984161377,
44601.39999997616,0,0.4043925106525421,0.4319532811641693,755.4448464631556,340.1943242967643,0.6120793444697967,0.0008448698410208257,0.0030746757984161377,
44644.39999997616,0,0.4032380282878876,0.4299662411212921,757.4479401506338,338.8834645030963,0.6120793444697967,0.0008448698410208257,0.0030746757984161377,
44688.60000002384,0,0.4049568772315979,0.4315701723098755,754.8812868007601,339.9557552626711,0.6120793444697967,0.0008448698410208257,0.0030746757984161377,
44731.10000002384,0,0.4042838215827942,0.4320579767227173,755.5239722821208,340.25538960053916,0.6120793444697967,0.0008448698410208257,0.0030746757984161377,
44773.89999997616,0,0.40277737379074097,0.42986205220222473,758.1184903671441,338.8260209322649,0.6120793444697967,0.0008448698410208257,0.0030746757984161377,
44816.60000002384,0,0.4043935239315033,0.43097925186157227,755.7330236110256,339.56026634878344,0.6120793444697967,0.0008448698410208257,0.0030746757984161377,
44860.60000002384,0,0.4048881232738495,0.43217235803604126,754.6536530542717,340.31436867278694,0.6120793444697967,0.0008448698410208257,0.0030746757984161377,
44903.299999952316,0,0.4027799069881439,0.4306039810180664,758.04813433387,339.3456506011144,0.6120793444697967,0.0008448698410208257,0.0030746757984161377,
44946,0,0.40341562032699585,0.43069738149642944,757.2743551496201,339.42158126717544,0.6120793444697967,0.0008448698410208257,0.0030746757984161377,
44987.799999952316,0,0.40388935804367065,0.43176138401031494,756.3568713430456,340.1185144792846,0.6120793444697967,0.0008448698410208257,0.0030746757984161377,
45031.5,0,0.4031737446784973,0.43141284584999084,757.6305172867305,339.946766937221,0.6120793444697967,0.0008448698410208257,0.0030746757984161377,
45074.60000002384,0,0.4040834307670593,0.433413028717041,756.1756997089227,341.32293852491614,0.6120793444697967,0.0008448698410208257,0.0030746757984161377,
45117.39999997616,0,0.40427762269973755,0.4336579442024231,755.6357555135589,341.4320627575975,0.6120793444697967,0.0008448698410208257,0.0030746757984161377,
45160.299999952316,0,0.3955177068710327,0.4312002956867218,766.0214064608789,339.4549776931552,0.6120793444697967,0.0008448698410208257,0.0030746757984161377,
45205.299999952316,0,0.385244220495224,0.41213899850845337,779.5397109422975,325.82635573043393,0.6120793444697967,0.0008448698410208257,0.0030746757984161377,
45248.39999997616,0,0.37326765060424805,0.3887271583080292,795.4227974418291,309.10397967808467,0.6120793444697967,0.0008448698410208257,0.0030746757984161377,
45289.799999952316,0,0.34417325258255005,0.35620009899139404,835.3287970877179,286.178507639572,0.6120793444697967,0.0008448698410208257,0.0030746757984161377,
45332.299999952316,0,0.33852314949035645,0.3535338044166565,841.5336731571906,284.09782444942016,0.6120793444697967,0.0008448698410208257,0.0030746757984161377,
45378.89999997616,0,0.33604511618614197,0.3520553708076477,843.8705908101285,282.87544496175616,0.6120793444697967,0.0008448698410208257,0.0030746757984161377,
45420.10000002384,0,0.3368764817714691,0.3549851179122925,843.2188989605664,285.0659278294503,0.6120793444697967,0.0008448698410208257,0.0030746757984161377,
45463.5,0,0.35940682888031006,0.35114771127700806,813.0521288942953,282.0203849556983,0.6120793444697967,0.0008448698410208257,0.0030746757984161377,
45506.799999952316,0,0.384621798992157,0.36251771450042725,779.0500369539052,289.74345234537077,0.6120793444697967,0.0008448698410208257,0.0030746757984161377,
45550.60000002384,0,0.3903294801712036,0.39628660678863525,773.6051791609602,314.55177909277126,0.6120793444697967,0.0008448698410208257,0.0030746757984161377,
45593.199999928474,0,0.3928159773349762,0.40900957584381104,771.0846233850218,323.85791072872956,0.6120793444697967,0.0008448698410208257,0.0030746757984161377,
45638,0,0.39089879393577576,0.41632622480392456,774.5263796501583,329.3141983171103,0.6120793444697967,0.0008448698410208257,0.0030746757984161377,
45681,0,0.39157623052597046,0.4192395806312561,773.8957446927474,331.4518283896747,0.6120793444697967,0.0008448698410208257,0.0030746757984161377,
45722.89999997616,0,0.392497718334198,0.4233531355857849,773.09193175456,334.4731682600163,0.6120793444697967,0.0008448698410208257,0.0030746757984161377,
45765.60000002384,0,0.3931615650653839,0.42554131150245667,771.8232926204528,335.9819061765284,0.6120793444697967,0.0008448698410208257,0.0030746757984161377,
45811.199999928474,0,0.39258408546447754,0.4248799681663513,772.6869272725035,335.5262046966134,0.6120793444697967,0.0008448698410208257,0.0030746757984161377,
45854.199999928474,0,0.3926132321357727,0.4255443811416626,772.5314939344898,335.9851710260533,0.6120793444697967,0.0008448698410208257,0.0030746757984161377,
45896.299999952316,0,0.39249759912490845,0.42433542013168335,772.6202258825009,335.1047956415626,0.7809184063077134,0.00031306606599654273,0.01653173565864563,
45945.60000002384,0,0.3925488591194153,0.42505478858947754,772.6798928757319,335.64356976861615,0.7809184063077134,0.00031306606599654273,0.01653173565864563,
45987.199999928474,0,0.3924850523471832,0.4252222180366516,772.7946609679776,335.7695304115318,0.7809184063077134,0.00031306606599654273,0.01653173565864563,
46029.39999997616,0,0.393208384513855,0.4247741103172302,771.7509215311386,335.4274458280529,0.7809184063077134,0.00031306606599654273,0.01653173565864563,
46071.699999928474,0,0.3932560086250305,0.4235321879386902,771.5268877167421,334.50556144974826,0.7809184063077134,0.00031306606599654273,0.01653173565864563,
46116.799999952316,0,0.3931300640106201,0.42498084902763367,771.9128936861923,335.58654078554997,0.7809184063077134,0.00031306606599654273,0.01653173565864563,
46158.799999952316,0,0.39270225167274475,0.4227064847946167,772.4993245381156,333.95537500599426,0.7809184063077134,0.00031306606599654273,0.01653173565864563,
46201.5,0,0.39407557249069214,0.4233025908470154,770.5614966098162,334.354576180657,0.7809184063077134,0.00031306606599654273,0.01653173565864563,
46246.299999952316,0,0.4070572555065155,0.40742433071136475,751.4521330773302,322.3891247978599,0.7809184063077134,0.00031306606599654273,0.01653173565864563,
46288.199999928474,0,0.3991256654262543,0.3558133542537689,759.2545245030426,284.51738518468557,0.7809184063077134,0.00031306606599654273,0.01653173565864563,
46330.5,0,0.39167946577072144,0.34424102306365967,769.718019599575,276.49292654369947,0.7809184063077134,0.00031306606599654273,0.01653173565864563,
46375.89999997616,0,0.3956576883792877,0.3456383943557739,764.4507181875285,277.44380955513384,0.7809184063077134,0.00031306606599654273,0.01653173565864563,
46418.699999928474,0,0.4022286534309387,0.35193443298339844,755.215318924129,281.70101110129565,0.7809184063077134,0.00031306606599654273,0.01653173565864563,
46461.799999952316,0,0.40433061122894287,0.42051053047180176,756.3110655709718,332.1313305366731,0.7809184063077134,0.00031306606599654273,0.01653173565864563,
46507.10000002384,0,0.404594361782074,0.4273829758167267,756.6728539557625,337.2172193387632,0.7809184063077134,0.00031306606599654273,0.01653173565864563,
46551,0,0.4054000973701477,0.42337605357170105,755.2528907573933,334.25783716626034,0.7809184063077134,0.00031306606599654273,0.01653173565864563,
46593.199999928474,0,0.40541887283325195,0.4217988848686218,755.1966543642964,333.11587181166897,0.7809184063077134,0.00031306606599654273,0.01653173565864563,
46636.39999997616,0,0.4054088592529297,0.42359092831611633,755.2994937122565,334.42395251770796,0.7809184063077134,0.00031306606599654273,0.01653173565864563,
46681.299999952316,0,0.40691086649894714,0.4211501479148865,752.7348766415993,332.5332884388498,0.7809184063077134,0.00031306606599654273,0.01653173565864563,
46723.199999928474,0,0.4060479402542114,0.42192742228507996,754.2346878239293,333.1767222965335,0.7809184063077134,0.00031306606599654273,0.01653173565864563,
46765.199999928474,0,0.4066597521305084,0.42060422897338867,753.2400780926816,332.1798791290579,0.7809184063077134,0.00031306606599654273,0.01653173565864563,
46808.699999928474,0,0.4072834849357605,0.42193296551704407,752.3253146820347,333.1115974544926,0.7809184063077134,0.00031306606599654273,0.01653173565864563,
46853.89999997616,0,0.40754687786102295,0.42174628376960754,751.9727711939973,332.9738460035501,0.7809184063077134,0.00031306606599654273,0.01653173565864563,
46895.799999952316,0,0.40697187185287476,0.4219386577606201,753.1000114634206,333.1946007873823,0.7809184063077134,0.00031306606599654273,0.01653173565864563,
46938.699999928474,0,0.40798115730285645,0.42267683148384094,751.400287185407,333.64022872181715,0.7809184063077134,0.00031306606599654273,0.01653173565864563,
46981.89999997616,0,0.4071962237358093,0.4217347502708435,752.6184873721662,333.00761054271476,0.7809184063077134,0.00031306606599654273,0.01653173565864563,
47030.199999928474,0,0.40840715169906616,0.4223303198814392,751.0664168063666,333.4359828451945,0.7809184063077134,0.00031306606599654273,0.01653173565864563,
47074.10000002384,0,0.4081187844276428,0.4227138161659241,751.2493025154808,333.6723297012494,0.7809184063077134,0.00031306606599654273,0.01653173565864563,
47119,0,0.40739905834198,0.42073413729667664,752.4425125062819,332.3046264189937,0.7809184063077134,0.00031306606599654273,0.01653173565864563,
47161.5,0,0.40839600563049316,0.42104238271713257,751.0904640442587,332.5107226468861,0.7809184063077134,0.00031306606599654273,0.01653173565864563,
47205.199999928474,0,0.4096227288246155,0.4228278398513794,749.3171706254368,333.75288966442935,0.7809184063077134,0.00031306606599654273,0.01653173565864563,
47248.60000002384,0,0.40855735540390015,0.4216669797897339,750.7405749995286,332.92997547868976,0.7809184063077134,0.00031306606599654273,0.01653173565864563,
47291.39999997616,0,0.40805062651634216,0.421633780002594,751.5287686521144,332.9357348856662,0.7809184063077134,0.00031306606599654273,0.01653173565864563,
47333.89999997616,0,0.4076926112174988,0.4210922122001648,752.0339829495731,332.5556288908618,0.7809184063077134,0.00031306606599654273,0.01653173565864563,
47377.299999952316,0,0.40858420729637146,0.42234084010124207,750.5417996516247,333.3793245425297,0.7809184063077134,0.00031306606599654273,0.01653173565864563,
47419.799999952316,0,0.40757235884666443,0.42105716466903687,752.0556932568036,332.50253556431653,0.7809184063077134,0.00031306606599654273,0.01653173565864563,
47464.89999997616,0,0.40763595700263977,0.42159730195999146,752.0476395177166,332.90696750431914,0.7809184063077134,0.00031306606599654273,0.01653173565864563,
47508.10000002384,0,0.4086828827857971,0.42212432622909546,750.4252274574285,333.2255825501229,0.7809184063077134,0.00031306606599654273,0.01653173565864563,
47551,0,0.40837422013282776,0.4219496548175812,751.0867972911511,333.1573181127548,0.7809184063077134,0.00031306606599654273,0.01653173565864563,
47593,0,0.40914058685302734,0.42284515500068665,749.9268408658892,333.76373324847265,0.7809184063077134,0.00031306606599654273,0.01653173565864563,
47640,0,0.40873515605926514,0.42230552434921265,750.5202687146627,333.39129153404065,0.7809184063077134,0.00031306606599654273,0.01653173565864563,
47683.199999928474,0,0.40891337394714355,0.42094093561172485,750.3538341956395,332.4219661871451,0.7809184063077134,0.00031306606599654273,0.01653173565864563,
47725.5,0,0.40881747007369995,0.4224550127983093,750.1473513985686,333.4401881283958,0.7809184063077134,0.00031306606599654273,0.01653173565864563,
47768.89999997616,0,0.408785343170166,0.4209410548210144,750.3853106415276,332.39359783608006,0.7809184063077134,0.00031306606599654273,0.01653173565864563,
47812.799999952316,0,0.40821096301078796,0.4220958948135376,751.178437561643,333.23760699525633,0.7809184063077134,0.00031306606599654273,0.01653173565864563,
47855.60000002384,0,0.40761035680770874,0.42147862911224365,751.8649352081134,332.7753485070526,0.7809184063077134,0.00031306606599654273,0.01653173565864563,
47897.60000002384,0,0.40844881534576416,0.4219086170196533,750.7905176461061,333.0846800517602,0.7809184063077134,0.00031306606599654273,0.01653173565864563,
47943.10000002384,0,0.4083210825920105,0.4209526777267456,751.0429840574494,332.41567366287376,0.7809184063077134,0.00031306606599654273,0.01653173565864563,
47985.39999997616,0,0.4086873233318329,0.4215121865272522,750.5654601304433,332.8166404051617,0.7809184063077134,0.00031306606599654273,0.01653173565864563,
48028.799999952316,0,0.40765732526779175,0.4216497838497162,751.758076693828,332.8883453028763,0.7809184063077134,0.00031306606599654273,0.01653173565864563,
48073.699999928474,0,0.4085614085197449,0.42181867361068726,750.5087694383906,332.9895538776289,0.7809184063077134,0.00031306606599654273,0.01653173565864563,
48116.5,0,0.4078867733478546,0.42130470275878906,751.3709259665623,332.6191877239,0.7809184063077134,0.00031306606599654273,0.01653173565864563,
48159.10000002384,0,0.40812015533447266,0.4216105341911316,751.208435553987,332.86945659103986,0.7809184063077134,0.00031306606599654273,0.01653173565864563,
48203.60000002384,0,0.40896737575531006,0.4220027029514313,749.9592073865957,333.1153626643689,0.7809184063077134,0.00031306606599654273,0.01653173565864563,
48246.60000002384,0,0.408725380897522,0.42226117849349976,750.5947393846297,333.3725993163877,0.7809184063077134,0.00031306606599654273,0.01653173565864563,
48289.199999928474,0,0.40959155559539795,0.42192038893699646,749.2212658820841,333.06970684163514,0.7809184063077134,0.00031306606599654273,0.01653173565864563,
48331.89999997616,0,0.4093254804611206,0.42135584354400635,749.8235701927983,332.72011150655044,0.7809184063077134,0.00031306606599654273,0.01653173565864563,
48378.699999928474,0,0.4097219407558441,0.42316341400146484,749.1653437951162,333.9890993461095,0.7809184063077134,0.00031306606599654273,0.01653173565864563,
48420.5,0,0.4086541533470154,0.4224250316619873,750.392103782102,333.4265884627739,0.7809184063077134,0.00031306606599654273,0.01653173565864563,
48464.5,0,0.409321129322052,0.4214363694190979,749.7883195285517,332.76938028416185,0.7809184063077134,0.00031306606599654273,0.01653173565864563,
48507.799999952316,0,0.40986984968185425,0.42247405648231506,749.1361197385406,333.52720982273047,0.7809184063077134,0.00031306606599654273,0.01653173565864563,
48550.89999997616,0,0.4096325635910034,0.42306995391845703,749.13227985425,333.889267915987,0.7809184063077134,0.00031306606599654273,0.01653173565864563,
48593.699999928474,0,0.4097250699996948,0.4214451014995575,749.4910614059647,332.8218636095179,0.7809184063077134,0.00031306606599654273,0.01653173565864563,
48638.699999928474,0,0.409463107585907,0.42445653676986694,749.6415428769096,334.9513629434859,0.7809184063077134,0.00031306606599654273,0.01653173565864563,
48681.89999997616,0,0.40937551856040955,0.42172718048095703,749.4870068442397,332.9282001438221,0.7809184063077134,0.00031306606599654273,0.01653173565864563,
48723.60000002384,0,0.4105173945426941,0.42187345027923584,748.3578099656012,333.105459729375,0.7809184063077134,0.00031306606599654273,0.01653173565864563,
48768,0,0.40960973501205444,0.4224832057952881,749.148386365964,333.46387778502617,0.7809184063077134,0.00031306606599654273,0.01653173565864563,
48810.89999997616,0,0.40802001953125,0.4209766983985901,751.2871971958168,332.40226546549457,0.7809184063077134,0.00031306606599654273,0.01653173565864563,
48853.39999997616,0,0.4105285406112671,0.42221492528915405,748.0244576818454,333.2823351266396,0.7809184063077134,0.00031306606599654273,0.01653173565864563,
48895.39999997616,0,0.40966469049453735,0.4224343001842499,749.1127506439682,333.4364106809453,0.7809184063077134,0.00031306606599654273,0.01653173565864563,
48941.39999997616,0,0.4096328020095825,0.42146730422973633,749.5852461787466,332.8329055208715,0.7809184063077134,0.00031306606599654273,0.01653173565864563,
48984.5,0,0.4093497395515442,0.42290571331977844,749.8562722377051,333.8495022486423,0.7809184063077134,0.00031306606599654273,0.01653173565864563,
49028.10000002384,0,0.40988272428512573,0.4220307469367981,748.9236723675416,333.1657358993261,0.7809184063077134,0.00031306606599654273,0.01653173565864563,
49071.799999952316,0,0.40956154465675354,0.4208500385284424,749.7954357995911,332.4128676093697,0.7809184063077134,0.00031306606599654273,0.01653173565864563,
49115.199999928474,0,0.4095781445503235,0.4222622215747833,749.5472068461276,333.38266849339965,0.7809184063077134,0.00031306606599654273,0.01653173565864563,
49157.39999997616,0,0.40925225615501404,0.42135727405548096,750.0651574797699,332.7521941478653,0.7809184063077134,0.00031306606599654273,0.01653173565864563,
49201.39999997616,0,0.4099855124950409,0.4208641052246094,749.0777798098213,332.38694786182833,0.7809184063077134,0.00031306606599654273,0.01653173565864563,
49244.299999952316,0,0.4097830355167389,0.42125070095062256,748.9333917745124,332.5780018377191,0.7809184063077134,0.00031306606599654273,0.01653173565864563,
49286.60000002384,0,0.4086991548538208,0.4209500253200531,750.7969731327563,332.4639102887656,0.7809184063077134,0.00031306606599654273,0.01653173565864563,
49328.799999952316,0,0.4091092348098755,0.422839879989624,750.1080094877576,333.79024234299646,0.7809184063077134,0.00031306606599654273,0.01653173565864563,
49374.799999952316,0,0.40892255306243896,0.4226473569869995,750.3462685272025,333.65147847186876,0.7809184063077134,0.00031306606599654273,0.01653173565864563,
49418.699999928474,0,0.4097420871257782,0.42158013582229614,749.4363273424835,332.9122716222987,0.7809184063077134,0.00031306606599654273,0.01653173565864563,
49462.199999928474,0,0.41005656123161316,0.423373818397522,748.6945474944354,334.1312961739082,0.7809184063077134,0.00031306606599654273,0.01653173565864563,
49506.39999997616,0,0.40963760018348694,0.4221527874469757,748.9273422999006,333.1838772284158,0.7809184063077134,0.00031306606599654273,0.01653173565864563,
49549.199999928474,0,0.40906980633735657,0.4216843843460083,750.0241586578089,332.9294382411853,0.7809184063077134,0.00031306606599654273,0.01653173565864563,
49590.699999928474,0,0.40880438685417175,0.42400917410850525,750.4191877399782,334.61523968250134,0.7809184063077134,0.00031306606599654273,0.01653173565864563,
49634.10000002384,0,0.4098508358001709,0.4236626625061035,748.8221522591338,334.30913703516393,0.7809184063077134,0.00031306606599654273,0.01653173565864563,
49679.10000002384,0,0.40955114364624023,0.4242074489593506,749.6064714997582,334.7884330364471,0.7809184063077134,0.00031306606599654273,0.01653173565864563,
49720.699999928474,0,0.409850150346756,0.42462363839149475,748.8636861235257,335.0101335305397,0.7809184063077134,0.00031306606599654273,0.01653173565864563,
49762.799999952316,0,0.4099847674369812,0.4235398769378662,748.695412769673,334.2307249201936,0.7809184063077134,0.00031306606599654273,0.01653173565864563,
49809.699999928474,0,0.4102197289466858,0.4241931438446045,748.6245103319334,334.75134246727197,0.7809184063077134,0.00031306606599654273,0.01653173565864563,
49852.799999952316,0,0.4083491861820221,0.42328327894210815,750.9486574310049,334.08109939312726,0.7809184063077134,0.00031306606599654273,0.01653173565864563,
49896,0,0.40721577405929565,0.42178428173065186,752.3774128769335,332.99703420095614,0.7809184063077134,0.00031306606599654273,0.01653173565864563,
49939.39999997616,0,0.4086151719093323,0.4237748682498932,750.6681974227272,334.44800505235906,0.7809184063077134,0.00031306606599654273,0.01653173565864563,
49983.799999952316,0,0.40906649827957153,0.4232367277145386,749.7999809598517,333.9965895429178,0.7809184063077134,0.00031306606599654273,0.01653173565864563,
50026,0,0.4076237082481384,0.4226914644241333,751.5806859239957,333.589034049092,0.7809184063077134,0.00031306606599654273,0.01653173565864563,
50068.39999997616,0,0.40724414587020874,0.42223894596099854,751.9957752990799,333.24701967824234,0.7809184063077134,0.00031306606599654273,0.01653173565864563,
50114.199999928474,0,0.40686383843421936,0.42135384678840637,752.6840488878624,332.65541163341663,0.7809184063077134,0.00031306606599654273,0.01653173565864563,
50156.60000002384,0,0.40675628185272217,0.42092353105545044,752.5019386257259,332.272428005583,0.7809184063077134,0.00031306606599654273,0.01653173565864563,
50200.799999952316,0,0.40600526332855225,0.4211597144603729,753.8380369503933,332.5278510217516,0.7809184063077134,0.00031306606599654273,0.01653173565864563,
50244.699999928474,0,0.40701401233673096,0.42049816250801086,752.312766934759,331.9988091888834,0.7809184063077134,0.00031306606599654273,0.01653173565864563,
50287.199999928474,0,0.4067498445510864,0.42147713899612427,752.860868363452,332.7510579236722,0.7809184063077134,0.00031306606599654273,0.01653173565864563,
50329.39999997616,0,0.4076528549194336,0.42136693000793457,751.4439914755046,332.612559569108,0.7809184063077134,0.00031306606599654273,0.01653173565864563,
50373.10000002384,0,0.40787604451179504,0.4209834933280945,751.2087298781164,332.3481014678675,0.7809184063077134,0.00031306606599654273,0.01653173565864563,
50417.89999997616,0,0.408950537443161,0.42047134041786194,749.6840784519187,331.9446884877845,0.7809184063077134,0.00031306606599654273,0.01653173565864563,
50459.799999952316,0,0.4083079695701599,0.42041516304016113,750.6949447808962,331.9478439444658,0.7809184063077134,0.00031306606599654273,0.01653173565864563,
50503.799999952316,0,0.4084892272949219,0.42149680852890015,750.6700641975219,332.7730987223508,0.7809184063077134,0.00031306606599654273,0.01653173565864563,
50547.39999997616,0,0.4086460471153259,0.4201677441596985,750.4383657668662,331.80932220503644,0.7809184063077134,0.00031306606599654273,0.01653173565864563,
50590.699999928474,0,0.40791577100753784,0.42094212770462036,751.2439659010037,332.3379397394215,0.7809184063077134,0.00031306606599654273,0.01653173565864563,
50634.5,0,0.4076557755470276,0.420478880405426,751.9311807425804,332.08238565816407,0.7809184063077134,0.00031306606599654273,0.01653173565864563,
50677.799999952316,0,0.4091631770133972,0.419978529214859,749.7223025430615,331.6610301361585,0.7809184063077134,0.00031306606599654273,0.01653173565864563,
50720.5,0,0.40786227583885193,0.4183117747306824,751.3099689272034,330.44352614631,0.7809184063077134,0.00031306606599654273,0.01653173565864563,
50764.799999952316,0,0.4071570038795471,0.4195580780506134,752.287358969414,331.3576687159222,0.7809184063077134,0.00031306606599654273,0.01653173565864563,
50807.799999952316,0,0.40711069107055664,0.41808947920799255,752.3924461261543,330.31049107839533,0.7809184063077134,0.00031306606599654273,0.01653173565864563,
50851.5,0,0.4076320230960846,0.4179895520210266,751.6814384543939,330.22880077014077,0.7809184063077134,0.00031306606599654273,0.01653173565864563,
50897.10000002384,0,0.4083210825920105,0.41853851079940796,750.9752969538304,330.66283868134553,0.7809184063077134,0.00031306606599654273,0.01653173565864563,
50940.699999928474,0,0.4092765748500824,0.42095673084259033,749.6884727399132,332.39001420907766,0.7809184063077134,0.00031306606599654273,0.01653173565864563,
50984.699999928474,0,0.40778017044067383,0.4198085367679596,751.6594669826346,331.5754738651802,0.7809184063077134,0.00031306606599654273,0.01653173565864563,
51027.10000002384,0,0.40703704953193665,0.4202921986579895,752.8820022648997,331.9814722424617,0.7809184063077134,0.00031306606599654273,0.01653173565864563,
51071.10000002384,0,0.4084866940975189,0.42047637701034546,751.0428809394788,332.11749277552576,0.7809184063077134,0.00031306606599654273,0.01653173565864563,
51114.799999952316,0,0.4078165292739868,0.4206273555755615,751.7022039536693,332.1843177819266,0.7809184063077134,0.00031306606599654273,0.01653173565864563,
51157.699999928474,0,0.4075314998626709,0.4207698702812195,752.2106492346675,332.31736874669633,0.7809184063077134,0.00031306606599654273,0.01653173565864563,
51201.89999997616,0,0.40849068760871887,0.4210875928401947,750.8375598210635,332.51531925912866,0.7809184063077134,0.00031306606599654273,0.01653173565864563,
51244.89999997616,0,0.4081949293613434,0.4208824634552002,751.4082492223065,332.4081953498848,0.7809184063077134,0.00031306606599654273,0.01653173565864563,
51287.5,0,0.4093325138092041,0.42169392108917236,749.8642795075662,332.97405431681625,0.7809184063077134,0.00031306606599654273,0.01653173565864563,
51330.10000002384,0,0.40953925251960754,0.421579509973526,749.6577724174883,332.90387395080165,0.7809184063077134,0.00031306606599654273,0.01653173565864563,
51376.5,0,0.4096151292324066,0.4219382405281067,749.514096356525,333.1524006117242,0.7809184063077134,0.00031306606599654273,0.01653173565864563,
51418.39999997616,0,0.4095175266265869,0.42108413577079773,749.6240904751163,332.5342974841464,0.7809184063077134,0.00031306606599654273,0.01653173565864563,
51462.10000002384,0,0.4087657630443573,0.4207425117492676,750.5656512705272,332.2839536983032,0.7809184063077134,0.00031306606599654273,0.01653173565864563,
51505.89999997616,0,0.40776580572128296,0.4203450679779053,751.8130654795166,331.9908874788417,0.7809184063077134,0.00031306606599654273,0.01653173565864563,
51549.299999952316,0,0.4073626399040222,0.4202217757701874,752.4916647095114,331.93625158767946,0.7809184063077134,0.00031306606599654273,0.01653173565864563,
51591.199999928474,0,0.40730705857276917,0.41847479343414307,752.3232605987276,330.6277913650281,0.7809184063077134,0.00031306606599654273,0.01653173565864563,
51635.5,0,0.40697458386421204,0.419309139251709,752.9108176901548,331.2629833358935,0.7809184063077134,0.00031306606599654273,0.01653173565864563,
51678.39999997616,0,0.4064226746559143,0.4195365905761719,753.8561320511527,331.4758660259758,0.7809184063077134,0.00031306606599654273,0.01653173565864563,
51720.60000002384,0,0.4085603952407837,0.4189044237136841,750.6101017730867,330.91343338454146,0.7809184063077134,0.00031306606599654273,0.01653173565864563,
51762.60000002384,0,0.4070582985877991,0.4189804196357727,752.6467271283874,330.99293154057636,0.7809184063077134,0.00031306606599654273,0.01653173565864563,
51808.299999952316,0,0.4064052104949951,0.41976094245910645,753.8977716485945,331.6412767439049,0.7809184063077134,0.00031306606599654273,0.01653173565864563,
51850.89999997616,0,0.4073704481124878,0.41922858357429504,752.2659075442429,331.17563917600853,0.7809184063077134,0.00031306606599654273,0.01653173565864563,
51893.699999928474,0,0.4069756269454956,0.4204288125038147,752.4311197177749,331.96467375088775,0.7809184063077134,0.00031306606599654273,0.01653173565864563,
51937.60000002384,0,0.40678107738494873,0.41963040828704834,753.0348050156156,331.46806425605166,0.7809184063077134,0.00031306606599654273,0.01653173565864563,
51982.10000002384,0,0.40538260340690613,0.41969528794288635,755.0922481752905,331.5708002704817,0.7809184063077134,0.00031306606599654273,0.01653173565864563,
52023.799999952316,0,0.39517003297805786,0.4190666675567627,767.3129839265952,330.930940608466,0.7809184063077134,0.00031306606599654273,0.01653173565864563,
52066.699999928474,0,0.38980770111083984,0.4055759310722351,773.9263653902038,321.1575729864428,0.7809184063077134,0.00031306606599654273,0.01653173565864563,
52109.60000002384,0,0.3885694146156311,0.4015583097934723,774.606508192908,318.02881849260854,0.7809184063077134,0.00031306606599654273,0.01653173565864563,
52153.699999928474,0,0.3851645588874817,0.400598406791687,777.2764722474515,316.81499849422704,0.7809184063077134,0.00031306606599654273,0.01653173565864563,
52195.799999952316,0,0.36524105072021484,0.4836365580558777,803.003809886364,376.6785499917847,0.7809184063077134,0.00031306606599654273,0.01653173565864563,
52239.10000002384,0,0.3577050566673279,0.5567364692687988,812.9566110763756,429.4109086758195,0.7809184063077134,0.00031306606599654273,0.01653173565864563,
52282.199999928474,0,0.3526196777820587,0.6547608971595764,819.1271325730058,499.87737486575145,0.7809184063077134,0.00031306606599654273,0.01653173565864563,
52325.799999952316,0,0.3477814197540283,0.827444314956665,823.7019719514986,623.6157709880241,0.7809184063077134,0.00031306606599654273,0.01653173565864563,
52368.39999997616,0,0.35817742347717285,0.937625527381897,812.8936271674448,703.8195112778792,0.7809184063077134,0.00031306606599654273,0.01653173565864563,
52411.60000002384,0,0.3842138648033142,1.0343307256698608,780.0895915174788,773.5992548274478,0.7809184063077134,0.00031306606599654273,0.01653173565864563,
52455.799999952316,0,0.40729451179504395,1.110568642616272,750.8719627342768,828.5800862987129,0.7809184063077134,0.00031306606599654273,0.01653173565864563,
52498.299999952316,0,0.43403834104537964,1.1990734338760376,715.6060853141908,892.0055463446441,0.7809184063077134,0.00031306606599654273,0.01653173565864563,
52541.39999997616,0,0.4483909010887146,1.203876256942749,698.1256738153583,895.7227572683851,0.7809184063077134,0.00031306606599654273,0.01653173565864563,
52585.199999928474,0,0.4532756805419922,1.1976481676101685,689.9579755642587,890.6438325906539,0.7809184063077134,0.00031306606599654273,0.01653173565864563,
52630,0,0.44316136837005615,1.1691843271255493,702.8195769510079,870.1202798254697,0.7809184063077134,0.00031306606599654273,0.01653173565864563,
52673.10000002384,0,0.41203540563583374,1.1849730014801025,743.1521752284536,881.6557974789716,0.7809184063077134,0.00031306606599654273,0.01653173565864563,
52716.10000002384,0,0.3783196210861206,1.2749110460281372,791.8374905711901,947.6796137079853,0.7809184063077134,0.00031306606599654273,0.01653173565864563,
52759.199999928474,0,0.3667488694190979,1.307629108428955,804.2231163974176,970.8157403950966,0.7809184063077134,0.00031306606599654273,0.01653173565864563,
52805.10000002384,0,0.3523100018501282,1.3164312839508057,826.0111448590806,977.6769087479296,0.7809184063077134,0.00031306606599654273,0.01653173565864563,
52848.699999928474,0,0.41324034333229065,1.267046570777893,744.5915117162994,941.5695619633808,0.7809184063077134,0.00031306606599654273,0.01653173565864563,
52892.10000002384,0,0.4753114581108093,1.21921706199646,660.9418060293591,905.8786538594607,0.7809184063077134,0.00031306606599654273,0.01653173565864563,
52936.199999928474,0,0.47539156675338745,1.2193102836608887,662.0363694812224,906.3720275202661,0.7809184063077134,0.00031306606599654273,0.01653173565864563,
52979.60000002384,0,0.45411568880081177,1.2604703903198242,691.5890971897379,936.6759442182833,0.7809184063077134,0.00031306606599654273,0.01653173565864563,
53022.299999952316,0,0.3964293599128723,1.2377616167068481,766.6333440593849,920.5950152740222,0.7809184063077134,0.00031306606599654273,0.01653173565864563,
53065.60000002384,0,0.37125200033187866,1.2672302722930908,801.8609057928927,942.2617296211785,0.7809184063077134,0.00031306606599654273,0.01653173565864563,
53111,0,0.3504207730293274,1.298266887664795,828.0608358948127,964.5588042200689,0.7809184063077134,0.00031306606599654273,0.01653173565864563,
53154.10000002384,0,0.33287230134010315,1.262364387512207,848.9771116007947,938.4917776251407,0.7809184063077134,0.00031306606599654273,0.01653173565864563,
53196.199999928474,0,0.30936548113822937,1.3014020919799805,879.5545937361135,966.6764893510041,0.7809184063077134,0.00031306606599654273,0.01653173565864563,
53240.199999928474,0,0.30301058292388916,1.2807536125183105,884.2948314575417,951.0969102898647,0.7809184063077134,0.00031306606599654273,0.01653173565864563,
53284.799999952316,0,0.33026859164237976,1.222278118133545,844.3936353613956,907.1429084219112,0.7809184063077134,0.00031306606599654273,0.01653173565864563,
53327.199999928474,0,0.3555229902267456,1.269040822982788,818.6034633431832,943.0345982518161,0.7809184063077134,0.00031306606599654273,0.01653173565864563,
53370.699999928474,0,0.3665900230407715,1.2794151306152344,802.4899566271383,950.0151118122984,0.7809184063077134,0.00031306606599654273,0.01653173565864563,
53414.10000002384,0,0.33887815475463867,1.2668285369873047,843.0693223541743,941.9489517282991,0.7809184063077134,0.00031306606599654273,0.01653173565864563,
53460,0,0.344176709651947,1.2824701070785522,835.2408148598837,953.0811816549698,0.7809184063077134,0.00031306606599654273,0.01653173565864563,
53502.799999952316,0,0.34553638100624084,1.3083617687225342,832.5116360159841,971.5660537807473,0.7809184063077134,0.00031306606599654273,0.01653173565864563,
53546.699999928474,0,0.33812063932418823,1.2822564840316772,841.423987475032,952.6622833624065,0.7809184063077134,0.00031306606599654273,0.01653173565864563,
53590,0,0.3338685929775238,1.298148512840271,846.985851229987,964.1277132673055,0.7809184063077134,0.00031306606599654273,0.01653173565864563,
53633.299999952316,0,0.33048686385154724,1.2347280979156494,852.106937154667,918.6063300342898,0.7809184063077134,0.00031306606599654273,0.01653173565864563,
53676.89999997616,0,0.3337777853012085,1.2406160831451416,847.8083805237463,922.8313733927049,0.7809184063077134,0.00031306606599654273,0.01653173565864563,
53720.5,0,0.3608282208442688,1.2370548248291016,808.9724140146789,919.2444457228655,0.7809184063077134,0.00031306606599654273,0.01653173565864563,
53765.10000002384,0,0.3322858512401581,1.2304936647415161,849.4276472719558,915.4931200481865,0.7809184063077134,0.00031306606599654273,0.01653173565864563,
53808.39999997616,0,0.338602751493454,1.2322545051574707,844.5429389061626,917.1534252940846,0.7809184063077134,0.00031306606599654273,0.01653173565864563,
53851.5,0,0.36340025067329407,1.271529197692871,806.0968197644676,944.1963609885755,0.7809184063077134,0.00031306606599654273,0.01653173565864563,
53895.39999997616,0,0.35966306924819946,1.2439073324203491,811.5094033878499,924.4929479800427,0.7809184063077134,0.00031306606599654273,0.01653173565864563,
53940.199999928474,0,0.3554677367210388,1.2318246364593506,816.9602679678508,915.8160193397961,0.7809184063077134,0.00031306606599654273,0.01653173565864563,
53983.60000002384,0,0.3508242964744568,1.2225477695465088,823.4552278580907,909.2844337210818,0.7809184063077134,0.00031306606599654273,0.01653173565864563,
54026.199999928474,0,0.34560197591781616,1.2312015295028687,832.3873947704087,916.0035615715382,0.7809184063077134,0.00031306606599654273,0.01653173565864563,
54069.299999952316,0,0.35828059911727905,1.2401854991912842,812.1776812004935,921.4805989925632,0.7809184063077134,0.00031306606599654273,0.01653173565864563,
54113.89999997616,0,0.3524608612060547,1.234068751335144,821.3909946161325,917.5874049090579,0.7809184063077134,0.00031306606599654273,0.01653173565864563,
54156.39999997616,0,0.36085015535354614,1.2124083042144775,808.0664414468934,901.2021722643813,0.7809184063077134,0.00031306606599654273,0.01653173565864563,
54199,0,0.3622135818004608,1.2492083311080933,807.0230423765875,927.9378507390794,0.7809184063077134,0.00031306606599654273,0.01653173565864563,
54243.5,0,0.366272509098053,1.2262510061264038,801.0852419855723,911.1544619663019,0.7809184063077134,0.00031306606599654273,0.01653173565864563,
54289.699999928474,0,0.3650550842285156,1.2137491703033447,803.2138080313053,902.3502682474106,0.7809184063077134,0.00031306606599654273,0.01653173565864563,
54331.89999997616,0,0.3731093108654022,1.2274993658065796,793.3405690477553,912.392592236608,0.7809184063077134,0.00031306606599654273,0.01653173565864563,
54375.299999952316,0,0.37553173303604126,1.2476544380187988,791.2065347722826,927.1933994878756,0.7809184063077134,0.00031306606599654273,0.01653173565864563,