t,handIndex,x_raw,y_raw,x_refined,y_refined,tapScore,tapSpeed,tapDist,tapLabel
113545.19999992847,0,0.21528908610343933,1.158257246017456,995.2418071108737,862.5035375773364,,,,
113619.29999995232,0,0.3149554133415222,1.0240037441253662,858.3416664040045,760.8873519953278,,,,
113665.69999992847,0,0.29949039220809937,0.9632969498634338,881.910777367317,719.7020945119202,,,,
113709.39999997616,0,0.321170836687088,0.7868620157241821,853.8517668744387,592.4927356039699,,,,
113754.29999995232,0,0.31138870120048523,0.7042348384857178,867.1449957359928,533.4338130782053,,,,
113800.19999992847,0,0.308456152677536,0.6758357286453247,870.5294047043294,512.783275325383,,,,
113844.39999997616,0,0.3400932252407074,0.5433872938156128,830.3618765585629,417.60117515366255,,,,
113886.5,0,0.35793715715408325,0.49873366951942444,806.7876771774611,385.03847068972794,,,,
113928.89999997616,0,0.36879342794418335,0.46711498498916626,793.4595449667195,362.59423034648876,,,,
113970.5,0,0.3801814317703247,0.4420844316482544,780.0122386070343,345.16395985563025,,,,
114014.89999997616,0,0.4007737636566162,0.40962523221969604,754.1447112503063,322.0317370277366,,,,
114069.10000002384,0,0.4109988808631897,0.4004995822906494,741.2633180948931,315.55845179108167,,,,
114069.10000002384,1,0.5504223704338074,0.2698696553707123,592.9328796092183,218.6921379392889,,,,
114133.10000002384,0,0.4131079316139221,0.410979300737381,740.5745368854723,323.95210663805267,,,,
114133.10000002384,1,0.6740342974662781,0.4518650770187378,423.5906260739624,354.6621321969012,,,,
114191.5,0,0.40538930892944336,0.448572039604187,750.7352651321894,351.1239083706433,,,,
114191.5,1,0.5738435983657837,0.44389766454696655,556.5948191808621,347.47144200000037,,,,
114248.69999992847,0,0.40463143587112427,0.4497339725494385,751.5911955636391,351.9182045494835,,,,
114248.69999992847,1,0.5758100152015686,0.4576098322868347,554.5380413845493,357.15619247162886,,,,
114305.39999997616,0,0.4038733243942261,0.44997724890708923,753.0088323567713,352.25609066344583,,,,
114305.39999997616,1,0.7116742730140686,0.4972097873687744,376.9549099186369,386.93274557311645,,,,
114366,0,0.40501028299331665,0.45215004682540894,752.1007150822081,354.0087694106811,,,,
114366,1,0.5530432462692261,0.40887248516082764,584.1376954127395,321.86919534466966,,,,
114439.60000002384,0,0.4049731492996216,0.4514080882072449,751.9738726479163,353.41584477939006,,,,
114439.60000002384,1,0.5503140687942505,0.3120838403701782,592.0851412265423,249.76376285122703,,,,
114495.29999995232,0,0.4066239297389984,0.4518233835697174,749.5956459241723,353.62325833022624,,,,
114495.29999995232,1,0.5620285868644714,0.3395423889160156,575.8204739185145,270.32474461801877,,,,
114551.60000002384,0,0.405754417181015,0.4506862163543701,750.9580954867399,352.89073360391205,,,,
114551.60000002384,1,0.572938859462738,0.3481580317020416,560.6289858462334,277.21167247693035,,,,
114605.5,0,0.4066295623779297,0.45245856046676636,749.393692500896,354.0115539840815,,,,
114605.5,1,0.5689438581466675,0.45351511240005493,564.4148356452575,353.7273712829867,,,,
114662.10000002384,0,0.4064252972602844,0.4542582631111145,749.832155303892,355.37014558906793,,,,
114662.10000002384,1,0.6839499473571777,0.5136675238609314,416.43445223891354,397.38365165274234,,,,
114717.10000002384,0,0.4067290425300598,0.4542006850242615,749.3046874484328,355.27958994475915,,,,
114717.10000002384,1,0.5679136514663696,0.4394846558570862,561.1644270305849,345.31647146156047,,,,
114773.5,0,0.40599721670150757,0.45464688539505005,750.1889999348731,355.582092925482,,,,
114773.5,1,0.5736984610557556,0.43430259823799133,556.6767883821459,340.6041760264308,,,,
114828.29999995232,0,0.4061968922615051,0.45597341656684875,749.8408907972399,356.50381525704466,,,,
114828.29999995232,1,0.5773378610610962,0.4631540775299072,552.661031184035,361.115032712595,,,,
114886.29999995232,0,0.40685033798217773,0.456701397895813,748.7818544062251,356.94623509802676,,,,
114886.29999995232,1,0.7517424821853638,0.4929065406322479,332.8507252339116,380.82647777158223,,,,
114941.60000002384,0,0.4071791172027588,0.4546736776828766,748.2179043228437,355.43268133007433,,,,
114941.60000002384,1,0.5701966285705566,0.44386011362075806,562.9542417478608,346.7087538094289,,,,
114998.10000002384,0,0.4064052104949951,0.4544380009174347,749.1727047913098,355.2494568700721,,,,
114998.10000002384,1,0.5716552734375,0.45066118240356445,561.3599709519473,351.47507091019366,,,,
115052.79999995232,0,0.4068436920642853,0.4547237753868103,748.3804140767877,355.3665931167163,,,,
115052.79999995232,1,0.5660569667816162,0.44316044449806213,567.5661768190486,346.5186895596241,,,,
115109.29999995232,0,0.40465620160102844,0.45740658044815063,751.5093864141793,357.4237484553081,,,,
115109.29999995232,1,0.5674605965614319,0.45089712738990784,566.0146251598227,351.979552709276,,,,
115163.39999997616,0,0.4043008089065552,0.455165296792984,751.9765595579099,355.81462109457567,,,,
115163.39999997616,1,0.5684727430343628,0.4402715563774109,564.8372955739545,344.27535790843996,,,,
115220.60000002384,0,0.40372025966644287,0.45706743001937866,752.7628713997502,357.20029562876994,,,,
115220.60000002384,1,0.576465368270874,0.4230673909187317,554.7355990596112,331.82902582363124,,,,
115276.10000002384,0,0.40359336137771606,0.4567500352859497,753.410843642478,357.1479524609918,,,,
115276.10000002384,1,0.5880582332611084,0.4135201871395111,538.8859406678642,325.40092014501437,,,,
115334.60000002384,0,0.40346479415893555,0.45735979080200195,753.9929080271162,357.7309652476679,,,,
115334.60000002384,1,0.7367940545082092,0.43349316716194153,349.1255983591017,339.5125803549497,,,,
115389.89999997616,0,0.4040122926235199,0.46072566509246826,753.5289806742105,360.2330463513931,,,,
115434.79999995232,0,0.40436482429504395,0.45995861291885376,753.2320683325395,359.7308391877174,,,,
115475.69999992847,0,0.40587252378463745,0.4598386585712433,751.2002315630731,359.6114885127532,,,,
115517.39999997616,0,0.40611645579338074,0.4575543999671936,750.6185999177965,357.87774853530453,,,,
115560.39999997616,0,0.40626397728919983,0.4582202434539795,750.8239514155988,358.4865319582891,,,,
115604.5,0,0.4055311381816864,0.4570730924606323,752.2223316419131,357.8040890102391,,,,
115649.39999997616,0,0.4066690504550934,0.45397233963012695,750.069168939007,355.351212545111,,,,
115691.89999997616,0,0.4066527187824249,0.46137735247612,750.2654613116594,360.7400555162962,,,,
115737,0,0.4040803015232086,0.4569642245769501,753.4142810341538,357.5157413986704,,,,
115780.39999997616,0,0.4055179953575134,0.4590538740158081,751.7334759919898,359.0721739021949,,,,
115822.79999995232,0,0.40616828203201294,0.4595053195953369,750.9156004999243,359.4018816280224,,,,
115866.69999992847,0,0.4065897464752197,0.4595958888530731,750.0714106934698,359.36724437886875,,,,
115910.60000002384,0,0.40619972348213196,0.4598144292831421,750.842825526345,359.6139531421703,,,,
115953.5,0,0.4062647819519043,0.4622027277946472,750.8855937770364,361.3739360757837,,,,
115997.60000002384,0,0.4065420627593994,0.4598194360733032,750.4190311512274,359.62220552418376,,,,
116042.60000002384,0,0.40739765763282776,0.45844972133636475,749.1916773964066,358.59304499175994,,,,
116085.39999997616,0,0.40752822160720825,0.4589240252971649,749.0883902506458,358.95537633783965,,,,
116128.79999995232,0,0.40754568576812744,0.45810118317604065,748.8552765293132,358.29354658587243,,,,
116171.19999992847,0,0.407857209444046,0.45827287435531616,748.4327932437942,358.4092427879639,,,,
116216.10000002384,0,0.4080674350261688,0.4588661193847656,747.8460722133558,358.72823618840954,,,,
116258.5,0,0.4075479507446289,0.4606354832649231,749.0942979516898,360.1977380961261,,,,
116301.39999997616,0,0.4094533324241638,0.4581281542778015,746.6084671422296,358.377213690667,,,,
116342.5,0,0.42191416025161743,0.46077150106430054,729.1156464646408,359.7308180241148,,,,
116385.29999995232,0,0.42915043234825134,0.4609301686286926,719.2146227541309,359.58928694197147,,,,
116429,0,0.43243837356567383,0.46140173077583313,714.8229325565766,359.85230760983865,,,,
116470.79999995232,0,0.43623024225234985,0.46394598484039307,710.5461906324977,361.92037663364516,,,,
116513.79999995232,0,0.44452255964279175,0.46117472648620605,699.2827303532072,359.6582059083987,,,,
116557.60000002384,0,0.44649332761764526,0.46186363697052,696.9630960512058,360.2395464464073,,,,
116600.29999995232,0,0.4492287039756775,0.4615660607814789,693.2989443234242,359.95695575921,,,,
116642.10000002384,0,0.45006752014160156,0.4624495506286621,692.4764799852657,360.6980031164373,,,,
116684.10000002384,0,0.45064517855644226,0.4582584500312805,691.5766233067347,357.613698251377,,,,
116728.19999992847,0,0.45207834243774414,0.45657622814178467,689.6205377564285,356.35119698070883,,,,
116771.29999995232,0,0.45149409770965576,0.45904073119163513,690.6005947316946,358.22303688016467,,,,
116813.10000002384,0,0.4526591897010803,0.4568024277687073,688.8415476220839,356.498966686409,,,,
116856.10000002384,0,0.45371612906455994,0.4558408260345459,687.3571685939742,355.7502414051535,,,,
116901.10000002384,0,0.45356854796409607,0.456844687461853,687.616512400272,356.50331126599315,,,,
116944.29999995232,0,0.4530407190322876,0.45785224437713623,688.2832989120252,357.2249650414723,,,,
116986.69999992847,0,0.4531709551811218,0.45661118626594543,688.2062505922561,356.3696809391667,,,,
117030.5,0,0.45195168256759644,0.45820391178131104,689.9676459030486,357.6008992601353,,,,
117073.79999995232,0,0.4520763158798218,0.4578767716884613,689.6932983138329,357.31725895046486,,,,
117117.29999995232,0,0.4515352249145508,0.4595569372177124,690.419241942509,358.5410057615841,,,,
117171.79999995232,0,0.4527365565299988,0.4631234407424927,688.7706241439187,361.0620488198094,,,,
117171.79999995232,1,0.5402641296386719,0.42383643984794617,600.0127961460303,332.84936588609474,,,,
117229.10000002384,0,0.444598913192749,0.460986852645874,699.0949972783415,359.48453555807663,,,,
117229.10000002384,1,0.5776841640472412,0.4230000674724579,551.7020009670348,332.4159447126049,,,,
117284,0,0.43356531858444214,0.4620600938796997,713.4479706939795,360.3547056970074,,,,
117284,1,0.6473493576049805,0.4085235297679901,461.8065674364914,322.27150934355456,,,,
117340.89999997616,0,0.42284417152404785,0.5011667609214783,725.2346263995587,387.61839611466695,,,,
117340.89999997616,1,0.6915639042854309,0.40362659096717834,406.4303626408738,318.2642258093797,,,,
117398.60000002384,0,0.420360267162323,0.5533173084259033,729.0836447112806,425.49461432906077,,,,
117398.60000002384,1,0.6987294554710388,0.29748088121414185,398.0022928362614,241.51451153272217,,,,
117455.39999997616,0,0.4093782901763916,0.733717679977417,744.6758985617062,556.0590997148975,,,,
117455.39999997616,1,0.749794602394104,0.5017701387405396,332.512833194437,388.6595205368078,,,,
117510.60000002384,0,0.37360435724258423,0.9697070121765137,791.8105362371609,726.4818338666894,,,,
117510.60000002384,1,0.6982293725013733,0.38875749707221985,405.5072265202865,302.92258099267065,,,,
117568.5,0,0.3834519386291504,1.1023986339569092,777.9899621613249,821.5613309814754,,,,
117568.5,1,0.6738765835762024,0.2888064980506897,437.6329023186594,230.12546686958018,,,,
117626.89999997616,0,0.40111708641052246,1.0926425457000732,755.2214747103999,814.4732655374722,,,,
117626.89999997616,1,0.6854326725006104,0.36172133684158325,424.99967085275364,280.4473961848317,,,,
117684.19999992847,0,0.4923548400402069,0.9955170750617981,628.9645062916018,738.3702923445062,,,,
117684.19999992847,1,0.714661717414856,0.39034557342529297,381.6239418278026,306.17523485624594,,,,
117742.79999995232,0,0.45878565311431885,1.0845831632614136,669.6222301377951,800.0023481305408,,,,
117742.79999995232,1,0.7119061946868896,0.46741190552711487,384.39844047265603,362.1381616568413,,,,
117801.19999992847,0,0.4676828980445862,1.1043612957000732,658.418888743949,814.4646021147021,,,,
117801.19999992847,1,0.688879132270813,0.3880874216556549,415.6981461092008,303.8161480448845,,,,
117858.79999995232,0,0.455090194940567,1.0912411212921143,674.2171637920546,804.6311023308842,,,,
117858.79999995232,1,0.7167367339134216,0.48953577876091003,377.44008401025985,378.52508066719116,,,,
117916.5,0,0.44869208335876465,1.1088892221450806,687.5311969067319,822.2923695900438,,,,
117916.5,1,0.7094442248344421,0.4948686361312866,386.75702527302735,382.37469454869165,,,,
117975.29999995232,0,0.44569462537765503,1.09617018699646,691.4887882833996,813.225950315418,,,,
117975.29999995232,1,0.6865837574005127,0.4994828402996063,415.91186598849686,385.7573150203384,,,,
118032.69999992847,0,0.4396829307079315,1.0702662467956543,698.0103373483578,793.6466829278517,,,,
118032.69999992847,1,0.6722373366355896,0.4927312433719635,434.3788261635167,380.8374890503962,,,,
118089.79999995232,0,0.4466993808746338,1.084331750869751,688.71455273856,803.5081244408603,,,,
118089.79999995232,1,0.6402789354324341,0.4751596450805664,476.72914075819403,367.30939627807464,,,,
118144.69999992847,0,0.4316599369049072,1.101349115371704,710.520734837005,817.7209766502018,,,,
118144.69999992847,1,0.670005202293396,0.4670918583869934,439.55731111794887,360.9109776439385,,,,
118201.39999997616,0,0.42962488532066345,1.0914981365203857,713.1237352637918,810.6269937572722,,,,
118201.39999997616,1,0.5984318256378174,0.4388168156147003,530.5599495673567,340.96827058099564,,,,
118261,0,0.4194011688232422,1.0108972787857056,723.348769667801,750.3684164808144,,,,
118261,1,0.5926426649093628,0.4489932656288147,536.644755755541,349.12330977776577,,,,
118315.5,0,0.41840165853500366,0.9780953526496887,725.9680592376399,727.8627447081878,,,,
118315.5,1,0.5751644372940063,0.43416136503219604,559.0291433684077,338.4371171643694,,,,
118373.79999995232,0,0.4639250636100769,0.970793604850769,670.0135648383184,724.2454596999145,,,,
118373.79999995232,1,0.5594935417175293,0.43547022342681885,579.2471411769916,339.2849132654689,,,,
118429.39999997616,0,0.46530112624168396,0.8865774869918823,669.4354391506369,664.3285970658292,,,,
118429.39999997616,1,0.5546295642852783,0.4325464069843292,585.0877938423745,337.4062975475783,,,,
118485.79999995232,0,0.44089412689208984,0.7225963473320007,700.91292237459,546.3970543749116,,,,
118485.79999995232,1,0.5433439016342163,0.4329865872859955,599.3747895433476,337.8142923010471,,,,
118542.29999995232,0,0.41970592737197876,0.6093326210975647,727.7240499731188,464.6699470781705,,,,
118542.29999995232,1,0.5343579053878784,0.4315783977508545,610.8629328245358,336.8083313108231,,,,
118597,0,0.4124687910079956,0.5634544491767883,736.5518895297117,431.3800051230695,,,,
118597,1,0.5310778021812439,0.43625959753990173,614.2816619917515,340.6075004606781,,,,
118654.19999992847,0,0.4059537947177887,0.510552704334259,744.9364730715004,393.3180550686105,,,,
118654.19999992847,1,0.5240492820739746,0.42508387565612793,621.5254987581355,333.4190977333805,,,,
118710.89999997616,0,0.4046575129032135,0.46982190012931824,746.6192189879563,364.00597424460017,,,,
118710.89999997616,1,0.5173612833023071,0.4132899045944214,630.5433370613578,324.7171174285157,,,,
118767.10000002384,0,0.40213629603385925,0.45155638456344604,750.9047390957529,351.4600609361354,,,,
118767.10000002384,1,0.514828622341156,0.40481626987457275,634.8840918921697,318.0716483031921,,,,
118823.69999992847,0,0.40027916431427,0.41756534576416016,753.2174765139322,326.9513034005118,,,,
118823.69999992847,1,0.5213744640350342,0.40401801466941833,625.7989140302026,317.8533310200756,,,,
118881.39999997616,0,0.39601466059684753,0.41197508573532104,760.4877116323444,323.84152246032687,,,,
118881.39999997616,1,0.5309154987335205,0.408623069524765,612.761049092378,321.5563684051001,,,,
118936,0,0.3952716886997223,0.40977323055267334,760.5789598029431,321.84103091545495,,,,
118936,1,0.5327873229980469,0.4049307703971863,610.965348059661,318.61922131819614,,,,
118993.10000002384,0,0.39417600631713867,0.4125124216079712,761.680107877642,323.6596524346121,,,,
118993.10000002384,1,0.5404083728790283,0.4219433665275574,599.8854732175835,331.46237471915515,,,,
119049,0,0.39174097776412964,0.4181326627731323,765.395579366517,328.00721173330993,,,,
119049,1,0.5373699069023132,0.42779210209846497,604.6964369375984,335.2683611411434,,,,
119106.89999997616,0,0.3914259970188141,0.4168359041213989,765.5441225013151,326.94756527901853,,,,
119106.89999997616,1,0.5349701046943665,0.4345211386680603,607.7963591913574,340.100298207131,,,,
119160.5,0,0.3910001218318939,0.4198819696903229,766.0617726869043,329.1269616919385,,,,
119160.5,1,0.5322480797767639,0.432797372341156,611.760065818602,338.6330047949547,,,,
119217,0,0.396259069442749,0.42961129546165466,759.6362368952583,336.28345670079966,,,,
119217,1,0.5289910435676575,0.4295559227466583,616.1602305775945,336.1863945286048,,,,
119273.89999997616,0,0.40216606855392456,0.4272204339504242,751.27031425198,334.1542929719852,,,,
119273.89999997616,1,0.5269520282745361,0.42762520909309387,618.6247017355983,334.8675309150151,,,,
119329.69999992847,0,0.40863776206970215,0.42528077960014343,742.3690416418525,332.4239150113227,,,,
119329.69999992847,1,0.5226837396621704,0.42444556951522827,624.7827388248202,332.2290832267252,,,,
119384,0,0.41698896884918213,0.41705337166786194,731.0128611693564,326.1183972820962,,,,
119384,1,0.5146361589431763,0.41739553213119507,635.1552658900981,327.1157669298175,,,,
119441.60000002384,0,0.4222629964351654,0.4014475345611572,723.3248124562015,314.30592318273807,,,,
119441.60000002384,1,0.5118966102600098,0.4181031584739685,638.501210892476,327.7085702103068,,,,
119498,0,0.42558690905570984,0.39562565088272095,719.1826495196718,310.18582356558915,,,,
119498,1,0.5108777284622192,0.41668009757995605,640.1925229209353,326.4811286716007,,,,
119555.5,0,0.43119412660598755,0.3885686993598938,711.9138211293897,305.0465051705383,,,,
119555.5,1,0.5100178122520447,0.414206862449646,641.0354483615719,324.83625125895776,,,,
119610.19999992847,0,0.4289347231388092,0.3955029249191284,715.0185815785962,310.17387176566547,,,,
119610.19999992847,1,0.5076408386230469,0.41443464159965515,644.2145175457724,324.9286881318484,,,,
119665.60000002384,0,0.4265870749950409,0.3997509181499481,718.0553884068817,313.25236330881125,,,,
119665.60000002384,1,0.507447361946106,0.4115349054336548,644.4894226760847,322.8264860800813,,,,
119721,0,0.4232032895088196,0.40880727767944336,722.6568421476201,319.9400328765436,,,,
119721,1,0.5098437666893005,0.4200358986854553,641.0206121647727,329.1555747423962,,,,
119776.5,0,0.4226623773574829,0.4121381640434265,723.2948335078063,322.30496335472145,,,,
119776.5,1,0.507443904876709,0.4210037887096405,644.7982222462806,329.4809083086649,,,,
119833.60000002384,0,0.4205172061920166,0.41089555621147156,725.7615591856804,321.2368091246609,,,,
119833.60000002384,1,0.5119590163230896,0.4228098392486572,638.3621864586704,331.1277384248491,,,,
119889.79999995232,0,0.4155990183353424,0.4215254783630371,732.9047648628645,329.40449696965914,,,,
119889.79999995232,1,0.5137730240821838,0.4281764626502991,636.2070421028136,334.90567271917644,,,,
119946.10000002384,0,0.41071978211402893,0.42309367656707764,739.2517265936661,330.5926296726609,,,,
119946.10000002384,1,0.5178187489509583,0.4319564700126648,631.1120278810516,337.58370048196645,,,,
120004.5,0,0.4073081910610199,0.4276336431503296,743.9031633448759,334.0240445359282,,,,
120004.5,1,0.5231565237045288,0.432844877243042,624.204152690234,338.2627764000669,,,,
120058.5,0,0.40188363194465637,0.42798441648483276,750.915344964466,334.31527146923685,,,,
120058.5,1,0.5300682783126831,0.4344615638256073,614.9833190109,339.6179192256718,,,,
120115.10000002384,0,0.39946192502975464,0.4330281615257263,754.5539674605053,338.2417259831412,,,,
120115.10000002384,1,0.536408543586731,0.43997111916542053,607.3149547229157,343.3553666136791,,,,
120171.79999995232,0,0.3988001048564911,0.4333612322807312,755.3212868429476,338.43875006857104,,,,
120171.79999995232,1,0.537106454372406,0.4368056654930115,605.747484852385,341.4185334195223,,,,
120227.60000002384,0,0.3976653516292572,0.43422555923461914,757.0276491081701,339.1960998113685,,,,
120227.60000002384,1,0.5417552590370178,0.4395955204963684,599.26041381281,343.68465480360715,,,,
120283.60000002384,0,0.3968874216079712,0.4346129894256592,757.796327599966,339.354420778664,,,,
120283.60000002384,1,0.5494027137756348,0.44049137830734253,589.1172535477278,344.49259504715224,,,,
120337.89999997616,0,0.3943202793598175,0.4359600841999054,761.2681521953742,340.42326149370024,,,,
120337.89999997616,1,0.5516665577888489,0.43602684140205383,586.4957702540329,341.1516256504515,,,,
120396.19999992847,0,0.39290863275527954,0.4348551630973816,762.501622275345,339.3170793242622,,,,
120396.19999992847,1,0.5570188760757446,0.434343159198761,580.1629956271634,339.6928355563564,,,,
120450.60000002384,0,0.3897453844547272,0.43846064805984497,766.8643751990252,342.08501207268586,,,,
120450.60000002384,1,0.5615209937095642,0.4347638189792633,574.4251952954247,339.9835513636982,,,,
120506.19999992847,0,0.3897485136985779,0.43969255685806274,766.4351737907666,342.73776937942864,,,,
120506.19999992847,1,0.5657557845115662,0.43695884943008423,568.1408795191238,341.96921207148245,,,,
120561.10000002384,0,0.38898998498916626,0.4386337697505951,767.5193084263694,342.0386860301387,,,,
120561.10000002384,1,0.5647329688072205,0.43635135889053345,569.3042191227734,341.59697445027206,,,,
120617.19999992847,0,0.3869011104106903,0.4369325041770935,769.6740106546208,340.5185006192891,,,,
120617.19999992847,1,0.5684381723403931,0.436605304479599,564.5520825620432,341.78401589597456,,,,
120671.60000002384,0,0.3859359622001648,0.43708905577659607,771.0711586478506,340.72470663657515,,,,
120671.60000002384,1,0.5693342685699463,0.43465012311935425,563.0479084139263,340.5317751036218,,,,
120729.29999995232,0,0.38318806886672974,0.435746431350708,774.555170590636,339.7388857910541,,,,
120729.29999995232,1,0.5711878538131714,0.43474823236465454,560.7977720136557,340.54972647373575,,,,
120786,0,0.3824290931224823,0.43670475482940674,775.8454203963297,340.60974584105475,,,,
120786,1,0.5717340707778931,0.4350528120994568,559.9260771029052,340.8430753452658,,,,
120841.79999995232,0,0.3826332092285156,0.43492621183395386,775.3109088571275,339.1744707848801,,,,
120841.79999995232,1,0.5731430649757385,0.4368021488189697,558.3177047598809,342.0187504005003,,,,
120897.29999995232,0,0.382049560546875,0.4360538125038147,776.1067068419951,340.0142126191625,,,,
120897.29999995232,1,0.5735275149345398,0.43626126646995544,557.4911987361027,341.77200646193916,,,,
120954.60000002384,0,0.381044864654541,0.4364394545555115,777.5183414952887,340.3631680855818,,,,
120954.60000002384,1,0.573250412940979,0.43665605783462524,557.8384130899011,342.0593917037845,,,,
121009.39999997616,0,0.37958815693855286,0.4389868676662445,779.6168198034538,342.32792564312035,,,,
121009.39999997616,1,0.5755674839019775,0.4341689348220825,555.5726066506639,339.96465451069696,,,,
121067.39999997616,0,0.37886500358581543,0.4377691149711609,780.2568523363107,341.29127355240195,,,,
121067.39999997616,1,0.577238142490387,0.43511414527893066,552.4868642436962,341.0515780155715,,,,
121122.79999995232,0,0.3771635591983795,0.4382566213607788,782.6178235697063,341.74525349099207,,,,
121122.79999995232,1,0.5818322896957397,0.4337444305419922,547.1822302334405,339.8229456435927,,,,
121179.10000002384,0,0.37722480297088623,0.4404694437980652,782.35389340486,343.2341405721479,,,,
121179.10000002384,1,0.585791826248169,0.43398797512054443,542.1741706974481,339.9721575261837,,,,
121235.89999997616,0,0.37696731090545654,0.4400019645690918,782.667273993202,342.88835707711536,,,,
121235.89999997616,1,0.5844248533248901,0.43143633008003235,544.1030993527601,338.0561609015156,,,,
121293.79999995232,0,0.3770250678062439,0.43939298391342163,782.5736534448732,342.43869840265626,,,,
121293.79999995232,1,0.5859881639480591,0.43250125646591187,541.7703317973,338.9677048921942,,,,
121348.69999992847,0,0.3765774369239807,0.43964385986328125,783.3304247671572,342.7230393684735,,,,
121348.69999992847,1,0.585242509841919,0.4348256587982178,542.8047255473288,340.6068095605185,,,,
121406.29999995232,0,0.3770228624343872,0.4396340548992157,782.6923512960433,342.67784981558447,,,,
121406.29999995232,1,0.585526704788208,0.43325304985046387,542.333081693164,339.5209652817761,,,,
121460.5,0,0.37782013416290283,0.43905961513519287,781.9559936371194,342.42221700421743,,,,
121460.5,1,0.5855724215507507,0.4343634247779846,542.4523556752993,340.2436375950706,,,,
121517.39999997616,0,0.37825989723205566,0.4385439157485962,781.1209015377983,341.89967694377174,,,,
121517.39999997616,1,0.585558295249939,0.4321478605270386,542.3590547852081,338.69670270891135,,,,
121571.79999995232,0,0.380136638879776,0.4390767216682434,779.024743190343,342.45309778558914,,,,
121571.79999995232,1,0.5854350328445435,0.43346792459487915,542.6067154894001,339.6082359418083,,,,
121629.10000002384,0,0.38055700063705444,0.43949317932128906,778.076736222182,342.52445334586383,,,,
121629.10000002384,1,0.5848520994186401,0.43347635865211487,543.2872169937821,339.6427653468256,,,,
121683.89999997616,0,0.3847540020942688,0.44008907675743103,772.5736962297128,342.87876783333195,,,,
121683.89999997616,1,0.585286557674408,0.4347912073135376,542.5309407381483,340.67507435112543,,,,
121741.19999992847,0,0.3934169113636017,0.43706417083740234,761.0824161436424,340.46533386100384,,,,
121741.19999992847,1,0.5839058756828308,0.4336763024330139,544.4457629693748,339.8093986482381,,,,
121796.79999995232,0,0.3950755000114441,0.4343350827693939,759.0781325967852,338.5706783682117,,,,
121796.79999995232,1,0.5829969644546509,0.4347296953201294,545.7696168832382,340.49833270746433,,,,
121853.39999997616,0,0.39342576265335083,0.43142664432525635,760.9768042429137,336.3499632506524,,,,
121853.39999997616,1,0.5831535458564758,0.43509185314178467,545.4591152322895,340.80689346751524,,,,
121907.79999995232,0,0.39348697662353516,0.4324958920478821,761.1332825842323,337.2593123500429,,,,
121907.79999995232,1,0.5839403867721558,0.43367916345596313,544.3768708377045,339.822068276467,,,,
121964.69999992847,0,0.3942066729068756,0.43136584758758545,760.2417621756114,336.46311146722934,,,,
121964.69999992847,1,0.5830733180046082,0.43487125635147095,545.6909012194884,340.59194444979886,,,,
122019,0,0.3968062698841095,0.4327044188976288,756.7935696826842,337.355730186277,,,,
122019,1,0.5834528803825378,0.4343598484992981,545.073144321479,340.28106916695594,,,,
122076.39999997616,0,0.4002949595451355,0.4350552558898926,752.7210132772215,339.27720213270175,,,,
122076.39999997616,1,0.5841637849807739,0.4326956272125244,544.1857882772796,339.07305919007257,,,,
122131.60000002384,0,0.4020659029483795,0.43277522921562195,750.1951579875496,337.48560710686826,,,,
122131.60000002384,1,0.5841816663742065,0.4327664375305176,544.1830306471625,339.1153217451991,,,,
122187.19999992847,0,0.40351706743240356,0.43425825238227844,749.0675960490867,338.9672535888451,,,,
122187.19999992847,1,0.584774374961853,0.43188151717185974,543.6662818798217,338.37200325040004,,,,
122243.10000002384,0,0.40590357780456543,0.43435442447662354,745.7069027083603,338.86629822911544,,,,
122243.10000002384,1,0.5857917070388794,0.43179574608802795,542.3891397482428,338.29911147915135,,,,
122301.39999997616,0,0.40588951110839844,0.4330117106437683,745.654651194596,337.8597985564151,,,,
122301.39999997616,1,0.585507333278656,0.431435763835907,542.735534598242,338.0477554239074,,,,
122354.79999995232,0,0.40601468086242676,0.4340914785861969,745.8540234248618,338.8380467569512,,,,
122354.79999995232,1,0.5881123542785645,0.43236279487609863,539.6716723315146,338.59335171547656,,,,
122411.79999995232,0,0.40884482860565186,0.43153125047683716,741.6809379689931,336.68460095414696,,,,
122411.79999995232,1,0.5944194197654724,0.4353039562702179,531.2991078128233,340.8457060119183,,,,
122466.19999992847,0,0.4095316529273987,0.43278658390045166,740.9079671201345,337.64943387825815,,,,
122466.19999992847,1,0.5980282425880432,0.4350937604904175,526.4951668172373,340.77546206422437,,,,
122522.5,0,0.41109389066696167,0.43291184306144714,739.1641343773812,337.8842475604122,,,,
122522.5,1,0.6002599596977234,0.43317922949790955,523.8408577364912,339.3080771928688,,,,
122576,0,0.4161142110824585,0.4342145323753357,732.9496463093548,338.9392823968309,,,,
122576,1,0.5998258590698242,0.4355805814266205,524.2287803117695,341.11090584039084,,,,
122632.19999992847,0,0.41730767488479614,0.4313335418701172,731.4251290156017,336.866677846291,,,,
122632.19999992847,1,0.6005580425262451,0.43264883756637573,523.7529570884393,338.79392979444566,,,,
122686,0,0.41705214977264404,0.4315849244594574,731.9809004180674,337.17175782190316,,,,
122686,1,0.6008548736572266,0.4328007698059082,523.0501789560539,339.0485270286546,,,,
122742.19999992847,0,0.41767388582229614,0.4313511252403259,730.881894305954,336.83836854577555,,,,
122742.19999992847,1,0.6013036966323853,0.43417227268218994,522.2554545391002,340.13245406243726,,,,
122796.60000002384,0,0.4183056354522705,0.4306822419166565,729.7731540164975,336.18890097077565,,,,
122796.60000002384,1,0.6005809307098389,0.4380187392234802,523.2356350648988,342.8780034253028,,,,
122852.89999997616,0,0.4184601902961731,0.43120795488357544,729.8055767617651,336.6966166833116,,,,
122852.89999997616,1,0.6003739833831787,0.4337831139564514,523.8893937739173,339.65569686684114,,,,
122907.5,0,0.41831105947494507,0.43140286207199097,729.9623866364855,336.8179955289459,,,,
122907.5,1,0.6004314422607422,0.43449175357818604,523.5366580033411,340.2905444654824,,,,
122964.60000002384,0,0.41877296566963196,0.4314210116863251,729.2933176669103,336.78755593652676,,,,
122964.60000002384,1,0.601359486579895,0.4341796934604645,522.3259344558428,340.07590035115743,,,,
123021.10000002384,0,0.41886967420578003,0.43142634630203247,729.0986760022188,336.7515236230369,,,,
123021.10000002384,1,0.6008175611495972,0.4341747760772705,523.0581577370729,340.055388628052,,,,
123076.89999997616,0,0.4184166491031647,0.43154311180114746,729.780848485633,336.89308303162557,,,,
123076.89999997616,1,0.60161954164505,0.43308526277542114,521.8480259744312,339.35116984549376,,,,
123134.39999997616,0,0.4180907905101776,0.43186336755752563,730.427979791366,337.2510235219407,,,,
123134.39999997616,1,0.6012105345726013,0.4328587055206299,522.2812738873768,339.2269669253947,,,,
123188.10000002384,0,0.41870856285095215,0.43087220191955566,729.5815598907016,336.5068034005507,,,,
123188.10000002384,1,0.6018040776252747,0.4340764582157135,521.640221258163,340.05251471323055,,,,
123245,0,0.4177338778972626,0.4335166811943054,731.1496922288073,338.58481337630997,,,,
123245,1,0.605445921421051,0.4302954077720642,517.1814818343411,337.24119239607353,,,,
123299.89999997616,0,0.418310284614563,0.4311079978942871,730.1301703933656,336.69791385107715,,,,
123299.89999997616,1,0.6062765121459961,0.43099257349967957,515.9560193532727,337.8144889464154,,,,
123353.5,0,0.418119877576828,0.43406233191490173,730.675633835291,338.98838250612954,,,,
123353.5,1,0.6076447367668152,0.4278721809387207,514.1695833581083,335.58308697712187,,,,
123409.89999997616,0,0.41871127486228943,0.43114885687828064,729.5876236119886,336.711243597759,,,,
123409.89999997616,1,0.6070151329040527,0.4279212951660156,514.6336328596776,335.76446340493294,,,,
123466.29999995232,0,0.4181177616119385,0.43346625566482544,730.7038901866307,338.5728337856012,,,,
123466.29999995232,1,0.6079240441322327,0.4288847744464874,513.6843901161053,336.36727753675234,,,,
123522,0,0.4187524616718292,0.43155980110168457,729.5736115782895,337.0283836405359,,,,
123522,1,0.6074479818344116,0.432597815990448,513.7092098201128,339.28415340249074,,,,
123576.89999997616,0,0.41797930002212524,0.43377622961997986,730.9199718542992,338.816675786255,,,,
123576.89999997616,1,0.607649028301239,0.4326920509338379,513.5853621002553,339.2976702506902,,,,
123634,0,0.4175165593624115,0.4330015182495117,731.589144821242,338.2995451595262,,,,
123634,1,0.6077075004577637,0.432858407497406,513.3244413202685,339.49297682424134,,,,
123688.10000002384,0,0.4170571565628052,0.4319501519203186,732.2088303890348,337.5592214870344,,,,
123688.10000002384,1,0.6071565747261047,0.430411696434021,514.320704443461,337.6125517795147,,,,
123744.29999995232,0,0.41728049516677856,0.43219196796417236,731.7443853108002,337.6386984329247,,,,
123744.29999995232,1,0.6072529554367065,0.43226367235183716,513.9821036469441,339.03415669015493,,,,
123799.69999992847,0,0.417319655418396,0.4304811656475067,731.5586320629506,336.33401305042054,,,,
123799.69999992847,1,0.6074564456939697,0.43142038583755493,513.6197648934128,338.4680501395212,,,,
123855.5,0,0.4174264073371887,0.4338379502296448,731.7111005563343,338.9052338341371,,,,
123855.5,1,0.6071929931640625,0.43264681100845337,514.0582486012858,339.3102623630085,,,,
123909.60000002384,0,0.41724202036857605,0.4308275282382965,731.6179549528008,336.56169302755035,,,,
123909.60000002384,1,0.6071569323539734,0.43163084983825684,514.174583546843,338.5502341961367,,,,
123966.19999992847,0,0.4180169105529785,0.4340065121650696,730.8776413089291,338.98556317419997,,,,
123966.19999992847,1,0.6067135334014893,0.4313731789588928,514.5825207575047,338.4293160309901,,,,
124019.29999995232,0,0.4187624454498291,0.4308236539363861,729.4166877848502,336.4188078583222,,,,
124019.29999995232,1,0.6061608195304871,0.42983973026275635,515.6400465285552,337.18214597396167,,,,
124075.60000002384,0,0.41764670610427856,0.43423962593078613,731.368500733853,339.1624166805665,,,,
124075.60000002384,1,0.6066060662269592,0.42988771200180054,514.8221315943022,337.31859604551954,,,,
124130.89999997616,0,0.4181252717971802,0.43286800384521484,730.5550132854996,338.0674297944892,,,,
124130.89999997616,1,0.6057375073432922,0.42974603176116943,516.199237083801,337.1074563481697,,,,
124187.10000002384,0,0.418671190738678,0.4345201849937439,729.9397307467349,339.3018765259143,,,,
124187.10000002384,1,0.6059643626213074,0.42833787202835083,516.1748827966929,335.98117956629045,,,,
124242,0,0.41858571767807007,0.432102233171463,730.004266196751,337.53687666001844,,,,
124242,1,0.6064392328262329,0.4290400743484497,515.2412506677331,336.6240108812124,,,,
124298.29999995232,0,0.418291300535202,0.4340922236442566,730.6796259895959,339.1279958662633,,,,
124298.29999995232,1,0.6071590781211853,0.42707884311676025,514.1926029133931,335.2643056683716,,,,
124351.89999997616,0,0.4191488027572632,0.43073558807373047,729.2465139918581,336.532964576872,,,,
124351.89999997616,1,0.6060906648635864,0.4311707317829132,515.0032056108912,338.4317828107218,,,,
124407.10000002384,0,0.4183347821235657,0.43343815207481384,730.7575331616129,338.7265186157363,,,,
124407.10000002384,1,0.6065199971199036,0.43173930048942566,514.3341186439505,338.88698358852497,,,,
124462.29999995232,0,0.41880032420158386,0.4304465055465698,729.8726160112639,336.4211613991864,,,,
124462.29999995232,1,0.6074842810630798,0.42857787013053894,513.0123032850523,336.64394240800016,,,,
124516.79999995232,0,0.4177818298339844,0.4335649609565735,731.5966102717043,338.88527050069877,,,,
124516.79999995232,1,0.606589674949646,0.4284534454345703,514.4109327084469,336.4573661203674,,,,
124571.29999995232,0,0.41856786608695984,0.4338276982307434,730.4798640312648,339.0176687851325,,,,
124571.29999995232,1,0.606857419013977,0.42764386534690857,514.1445928192481,335.8447349308887,,,,
124627.19999992847,0,0.4190524220466614,0.432555615901947,729.8263362550747,338.0845675803684,,,,
124627.19999992847,1,0.6082311272621155,0.4278225600719452,512.1241090387588,336.07445116699733,,,,
124682.19999992847,0,0.41899538040161133,0.431148886680603,729.9322587259664,337.08872484320096,,,,
124682.19999992847,1,0.6070458889007568,0.42727309465408325,513.6865523484596,335.66155924787284,,,,
124739.39999997616,0,0.41965562105178833,0.4307854175567627,728.8439664807953,336.70016683367703,,,,
124739.39999997616,1,0.6070700883865356,0.42774564027786255,513.518081443289,336.0539284707931,,,,
124793.5,0,0.4186688959598541,0.4334888756275177,730.6481970069866,338.9251661987536,,,,
124793.5,1,0.6068508625030518,0.4277786910533905,513.975773940172,336.0104343866642,,,,
124849.79999995232,0,0.4199434220790863,0.43257662653923035,728.9156323753336,338.2173368722976,,,,
124849.79999995232,1,0.6060789227485657,0.4292375147342682,514.4848868995907,337.2398582717294,,,,
124903.69999992847,0,0.4187096357345581,0.43339985609054565,730.8777536107139,339.0005961667575,,,,
124903.69999992847,1,0.6069751977920532,0.42627155780792236,513.437603193138,335.06776881050644,,,,
124960.29999995232,0,0.4199872612953186,0.43385976552963257,729.0836436600091,339.2535567983713,,,,
124960.29999995232,1,0.6051727533340454,0.42826488614082336,515.6541035045221,336.53616984022057,,,,
125014.79999995232,0,0.4179694354534149,0.4309611916542053,732.090278249729,337.3727104394771,,,,
125014.79999995232,1,0.6059871912002563,0.42768582701683044,514.6714511570596,336.0973644674354,,,,
125070.10000002384,0,0.4182111322879791,0.43028032779693604,731.774171986528,336.8792773115832,,,,
125070.10000002384,1,0.6059301495552063,0.4287252426147461,514.5675166944706,336.9100481292315,,,,
125124.5,0,0.41868478059768677,0.4290427267551422,731.053328232813,335.9332561754368,,,,
125124.5,1,0.6054737567901611,0.4270670711994171,515.1299129008332,335.7239953380089,,,,
125181.89999997616,0,0.41733866930007935,0.4311143457889557,733.3667965871897,337.7016640698653,,,,
125181.89999997616,1,0.6062496900558472,0.428144633769989,514.4234381033979,336.39526157623493,,,,
125235,0,0.4179612398147583,0.4302891790866852,732.3220937697944,336.9932573117194,,,,
125235,1,0.6063870191574097,0.4272439181804657,513.8531330238404,335.88979368336607,,,,
125289.89999997616,0,0.4167358875274658,0.4290724992752075,734.1173587344083,336.22195625904067,,,,
125289.89999997616,1,0.6057714819908142,0.4277355670928955,514.6188406266835,336.2516380844066,,,,
125344.29999995232,0,0.4174593389034271,0.4286302626132965,732.9859917520794,335.808844967355,,,,
125344.29999995232,1,0.6059710383415222,0.4272288680076599,514.3092149868364,335.90593032272096,,,,
125399.5,0,0.41591909527778625,0.42697465419769287,735.4418476638643,334.83718339543725,,,,
125399.5,1,0.6062129735946655,0.4277591109275818,514.1285763052347,336.2419975617351,,,,
125455.89999997616,0,0.4161882996559143,0.4252983629703522,734.9612984323421,333.5694335363996,,,,
125455.89999997616,1,0.6059212684631348,0.42679157853126526,514.3448216474175,335.6009472146142,,,,
125510.39999997616,0,0.4173923432826996,0.4288567304611206,733.4781028670111,336.15749259239897,,,,
125510.39999997616,1,0.6064620018005371,0.42780399322509766,513.672565477765,336.3229084081122,,,,
125564.79999995232,0,0.4163209795951843,0.4267798662185669,734.827909549102,334.65249613900045,,,,
125564.79999995232,1,0.6061285138130188,0.42818763852119446,514.2123381512255,336.5592121934714,,,,
125619.5,0,0.41682136058807373,0.427152156829834,734.3507934302047,334.99326526527136,,,,
125619.5,1,0.6064726710319519,0.4267800748348236,513.8174098595052,335.52950216615255,,,,
125675.5,0,0.416938841342926,0.4281166195869446,734.3094337460167,335.7355564103353,,,,
125675.5,1,0.6063129901885986,0.4260967969894409,514.0077249715484,335.0425723687879,,,,
125731,0,0.4171496033668518,0.427126407623291,733.9277168739025,334.9734337534253,,,,
125731,1,0.6069350242614746,0.4249557852745056,513.3499003865447,334.1712496975732,,,,
125785.5,0,0.4178178906440735,0.4277470111846924,733.1273177377933,335.44449872229325,,,,
125785.5,1,0.6071220636367798,0.4286216199398041,512.9428022298796,336.8708931273014,,,,
125839.5,0,0.4184441566467285,0.42802321910858154,731.9902602122297,335.49355799218824,,,,
125839.5,1,0.6063730716705322,0.4265907108783722,513.5818256318069,335.5203874802163,,,,
125896,0,0.4180436134338379,0.42486822605133057,732.3326925501294,333.144025707028,,,,
125896,1,0.6072494387626648,0.4269528090953827,511.975092196789,335.9429559040531,,,,
125950.10000002384,0,0.41689619421958923,0.42485731840133667,733.905484891977,333.18397432096316,,,,
125950.10000002384,1,0.6054209470748901,0.4291832447052002,514.72975421671,337.41121122013726,,,,
126007.79999995232,0,0.418570339679718,0.42686209082603455,731.5529258739737,334.53064238757054,,,,
126007.79999995232,1,0.6063445210456848,0.42828601598739624,513.9066744326383,336.64040776471734,,,,
126064.10000002384,0,0.4187326431274414,0.42865389585494995,731.3200396069611,335.8090075800463,,,,
126064.10000002384,1,0.6064099073410034,0.4291994869709015,513.7878434492465,337.31054362148626,,,,
126118.60000002384,0,0.41868799924850464,0.42817002534866333,731.434601590522,335.48738214440806,,,,
126118.60000002384,1,0.6065758466720581,0.4283665418624878,513.8695937399042,336.6051852437897,,,,
126173.10000002384,0,0.4193059802055359,0.42866870760917664,730.3646482350888,335.71503690553254,,,,
126173.10000002384,1,0.606766939163208,0.4283407926559448,513.5777402546586,336.6038499133108,,,,
126231.10000002384,0,0.4182701110839844,0.4280262887477875,731.8861449367578,335.3449939114013,,,,
126231.10000002384,1,0.6068776249885559,0.4267615079879761,513.8180757252069,335.32510494822384,,,,
126286.60000002384,0,0.4190669655799866,0.42911604046821594,730.5080997206717,335.9589520698276,,,,
126286.60000002384,1,0.6051337718963623,0.42887431383132935,516.6193435817834,336.6242164305739,,,,
126340.39999997616,0,0.41917890310287476,0.4310607314109802,730.1960447507689,337.2766613230397,,,,
126340.39999997616,1,0.6075087189674377,0.4300462305545807,513.1973585381494,337.618566433734,,,,
126398.29999995232,0,0.4160847067832947,0.4324827492237091,734.2966357505617,338.36902417923517,,,,
126398.29999995232,1,0.6073601245880127,0.43041539192199707,513.1865483914496,337.96117007681073,,,,
126452.19999992847,0,0.41704457998275757,0.43220508098602295,732.8614906173235,338.0677447997476,,,,
126452.19999992847,1,0.6056069135665894,0.43201228976249695,517.4302153265128,338.27130112428375,,,,
126507.60000002384,0,0.4155302047729492,0.43891462683677673,735.2346243225109,343.10972202007287,,,,
126507.60000002384,1,0.6009864807128906,0.4275595545768738,524.3521626263123,334.5755492575126,,,,
126562.19999992847,0,0.413848876953125,0.44294923543930054,737.7180615560018,346.16978018493637,,,,
126562.19999992847,1,0.609441339969635,0.42923521995544434,514.9439370762111,335.0134412600246,,,,
126618.5,0,0.4138840138912201,0.44025251269340515,737.3525927800313,344.07815550152895,,,,
126618.5,1,0.5998234152793884,0.4307616353034973,526.8877644806751,336.32152198204807,,,,
126672.19999992847,0,0.4135763645172119,0.4437045753002167,738.1109373885384,346.7338849676915,0.32057621308614825,0.0001406320287904146,0.006365686655044556,
126672.19999992847,1,0.6047238111495972,0.42719388008117676,519.7847382118052,334.20096572286906,0.32057621308614825,0.0001406320287904146,0.006365686655044556,
126734.39999997616,0,0.4131833612918854,0.4445528984069824,739.0647543039845,347.5470383564638,0.32057621308614825,0.0001406320287904146,0.006365686655044556,
126734.39999997616,1,0.6072304844856262,0.4270065724849701,516.359788562654,334.1774272262773,0.32057621308614825,0.0001406320287904146,0.006365686655044556,
126787.5,0,0.4122249484062195,0.44193148612976074,740.535577546105,345.76548822992237,0.32057621308614825,0.0001406320287904146,0.006365686655044556,
126787.5,1,0.604708731174469,0.42857825756073,520.6951277842821,334.7154688821656,0.32057621308614825,0.0001406320287904146,0.006365686655044556,
126841.89999997616,0,0.4131245017051697,0.4481160044670105,739.2316426929472,350.15248822242756,0.32057621308614825,0.0001406320287904146,0.006365686655044556,
126841.89999997616,1,0.6041057109832764,0.4287087321281433,521.1288278287348,334.99701456349396,0.32057621308614825,0.0001406320287904146,0.006365686655044556,
126897.79999995232,0,0.4112493395805359,0.4427919387817383,741.3336359572261,346.18747800188373,0.32057621308614825,0.0001406320287904146,0.006365686655044556,
126897.79999995232,1,0.6053593158721924,0.4298427104949951,519.5815349567279,335.7820791653541,0.32057621308614825,0.0001406320287904146,0.006365686655044556,
126952.89999997616,0,0.4139350354671478,0.44176149368286133,737.1650131832153,345.1061806896025,0.32057621308614825,0.0001406320287904146,0.006365686655044556,
126952.89999997616,1,0.6606234312057495,0.42220669984817505,446.4972483499986,331.4425151223935,0.32057621308614825,0.0001406320287904146,0.006365686655044556,
127007.39999997616,0,0.4135674834251404,0.4409666657447815,737.8425402612377,344.63247383116027,0.32057621308614825,0.0001406320287904146,0.006365686655044556,
127007.39999997616,1,0.6075143218040466,0.44146063923835754,517.8421484835562,343.5610660406633,0.32057621308614825,0.0001406320287904146,0.006365686655044556,
127063.69999992847,0,0.4126208424568176,0.4413904547691345,739.4103271261245,345.10260928110586,0.32057621308614825,0.0001406320287904146,0.006365686655044556,
127063.69999992847,1,0.6102978587150574,0.4278671145439148,515.0180596523728,333.3147099967288,0.32057621308614825,0.0001406320287904146,0.006365686655044556,
127115.60000002384,0,0.4123556315898895,0.4417000710964203,739.9240385281913,345.4042253118022,0.32057621308614825,0.0001406320287904146,0.006365686655044556,
127115.60000002384,1,0.6051483750343323,0.42931199073791504,520.6761539383197,334.9299500799471,0.32057621308614825,0.0001406320287904146,0.006365686655044556,
127170.69999992847,0,0.41220682859420776,0.44550132751464844,740.2773205445031,348.21345798180323,0.32057621308614825,0.0001406320287904146,0.006365686655044556,
127170.69999992847,1,0.6615127325057983,0.4576929807662964,447.6545055138498,355.86203080237414,0.32057621308614825,0.0001406320287904146,0.006365686655044556,
127225.79999995232,0,0.4119400978088379,0.44447529315948486,740.7562608364375,347.5349081019853,0.30382013548983905,0.00019887624388171025,0.005623489618301392,
127225.79999995232,1,0.6019776463508606,0.4313412308692932,526.3526035323983,335.36348557560734,0.30382013548983905,0.00019887624388171025,0.005623489618301392,
127285.39999997616,0,0.41136306524276733,0.4472188353538513,741.3505820395766,349.44708553589055,0.30382013548983905,0.00019887624388171025,0.005623489618301392,
127285.39999997616,1,0.6016011238098145,0.4328170418739319,526.2767757277799,336.79679672020706,0.30382013548983905,0.00019887624388171025,0.005623489618301392,
127339.39999997616,0,0.4102287292480469,0.44507938623428345,742.4860132206378,347.7649126488075,0.30382013548983905,0.00019887624388171025,0.005623489618301392,
127339.39999997616,1,0.6055973768234253,0.4358196556568146,521.545379572245,338.70551215245047,0.30382013548983905,0.00019887624388171025,0.005623489618301392,
127394.79999995232,0,0.41387370228767395,0.4454265236854553,737.9427412494977,348.0701482577546,0.30382013548983905,0.00019887624388171025,0.005623489618301392,
127394.79999995232,1,0.6579254269599915,0.45795175433158875,454.5532906063139,354.6487908722039,0.30382013548983905,0.00019887624388171025,0.005623489618301392,
127449.19999992847,0,0.41205132007598877,0.4415311813354492,740.1209682819155,345.1955682381925,0.30382013548983905,0.00019887624388171025,0.005623489618301392,
127449.19999992847,1,0.7884210348129272,0.4655846059322357,286.81578643850696,360.6014052353086,0.30382013548983905,0.00019887624388171025,0.005623489618301392,
127506.29999995232,0,0.4123167395591736,0.443348228931427,741.0547934422568,347.04977152579323,0.30382013548983905,0.00019887624388171025,0.005623489618301392,
127506.29999995232,1,0.7856497764587402,0.46323639154434204,290.5820420556008,358.7713215161801,0.30382013548983905,0.00019887624388171025,0.005623489618301392,
127560.29999995232,0,0.4122077524662018,0.44265443086624146,741.4696123286348,346.6592251036142,0.30382013548983905,0.00019887624388171025,0.005623489618301392,
127560.29999995232,1,0.78154456615448,0.46582940220832825,296.2890098851815,360.34196113664814,0.30382013548983905,0.00019887624388171025,0.005623489618301392,
127616.10000002384,0,0.4090219736099243,0.4420256018638611,746.2732933862271,346.47893123237543,0.30382013548983905,0.00019887624388171025,0.005623489618301392,
127616.10000002384,1,0.7831266522407532,0.4707913398742676,294.0729477502682,364.04110914328265,0.30382013548983905,0.00019887624388171025,0.005623489618301392,
127670.69999992847,0,0.41106465458869934,0.44322651624679565,743.5084891841702,347.288972877891,0.30382013548983905,0.00019887624388171025,0.005623489618301392,
127670.69999992847,1,0.7798775434494019,0.4719829261302948,299.32346707985164,364.1466347045304,0.30382013548983905,0.00019887624388171025,0.005623489618301392,
127726.5,0,0.4104173183441162,0.44138261675834656,744.2443050773361,345.9271702183107,0.30382013548983905,0.00019887624388171025,0.005623489618301392,
127726.5,1,0.7778195142745972,0.4733999967575073,302.627418942684,364.66886701660803,0.30382013548983905,0.00019887624388171025,0.005623489618301392,
127779.69999992847,0,0.4097587466239929,0.4412221312522888,745.3013550862067,345.89000327351056,0.655,0.0005500040512532013,0.03003665804862976,
127779.69999992847,1,0.7782609462738037,0.4731256365776062,301.8064640670292,364.6650894610065,0.655,0.0005500040512532013,0.03003665804862976,
127846.39999997616,0,0.4102596044540405,0.44195371866226196,744.7390100674318,346.44511777357695,0.655,0.0005500040512532013,0.03003665804862976,
127846.39999997616,1,0.7794665098190308,0.4721331000328064,300.0879529536911,364.08078863059075,0.655,0.0005500040512532013,0.03003665804862976,
127903.19999992847,0,0.409636914730072,0.44237685203552246,745.520886332477,346.74432918389147,0.655,0.0005500040512532013,0.03003665804862976,
127903.19999992847,1,0.7795901894569397,0.47271084785461426,299.54182590705364,364.7780005198117,0.655,0.0005500040512532013,0.03003665804862976,
127961.69999992847,0,0.4091750979423523,0.44239649176597595,746.4667842247037,346.88343078496763,0.655,0.0005500040512532013,0.03003665804862976,
127961.69999992847,1,0.7787895798683167,0.47359028458595276,300.36789692035006,365.5516737997265,0.655,0.0005500040512532013,0.03003665804862976,
128016.60000002384,0,0.41128674149513245,0.4434340298175812,743.7430267520141,347.6232509487613,0.655,0.0005500040512532013,0.03003665804862976,
128016.60000002384,1,0.7780320048332214,0.47474098205566406,301.14031439956943,366.5172721212515,0.655,0.0005500040512532013,0.03003665804862976,
128073,0,0.4102189838886261,0.4391472339630127,744.3509403031908,344.2627124143357,0.655,0.0005500040512532013,0.03003665804862976,
128073,1,0.7779129147529602,0.4747261106967926,301.1893850579636,366.5774666053604,0.655,0.0005500040512532013,0.03003665804862976,
128128.60000002384,0,0.4103161692619324,0.44381171464920044,745.386480295371,348.03081811617375,0.655,0.0005500040512532013,0.03003665804862976,
128128.60000002384,1,0.7783743739128113,0.47724831104278564,300.8444749184466,368.2238304060326,0.655,0.0005500040512532013,0.03003665804862976,
128183.29999995232,0,0.41311824321746826,0.4409834146499634,741.8032410533095,345.9955699757016,0.655,0.0005500040512532013,0.03003665804862976,
128183.29999995232,1,0.7781959176063538,0.4775881767272949,301.4354744890244,368.2116000064144,0.655,0.0005500040512532013,0.03003665804862976,
128238.89999997616,0,0.41374051570892334,0.4441174864768982,739.8079668232181,347.8279384868959,0.655,0.0005500040512532013,0.03003665804862976,
128238.89999997616,1,0.7783424854278564,0.4753571152687073,301.560764949552,366.37692521875294,0.655,0.0005500040512532013,0.03003665804862976,
128291.69999992847,0,0.4133524000644684,0.44419145584106445,740.4217975186531,347.9251443401644,0.655,0.0005500040512532013,0.03003665804862976,
128291.69999992847,1,0.7787383198738098,0.47546619176864624,300.7526650369474,366.675513680608,0.655,0.0005500040512532013,0.03003665804862976,
128347.79999995232,0,0.4135025143623352,0.4441186487674713,740.24668252131,347.8790719304068,0.655,0.0005500040512532013,0.03003665804862976,
128347.79999995232,1,0.779216468334198,0.47620832920074463,300.03057931979026,367.28877482327647,0.655,0.0005500040512532013,0.03003665804862976,
128406.5,0,0.4124130308628082,0.44535672664642334,742.6163050319904,349.1146133255062,0.655,0.0005500040512532013,0.03003665804862976,
128406.5,1,0.7775235176086426,0.474709689617157,302.6587731722793,365.8739191556879,0.655,0.0005500040512532013,0.03003665804862976,
128462.5,0,0.41181081533432007,0.44480428099632263,743.5120441061358,348.7582225872584,0.655,0.0005500040512532013,0.03003665804862976,
128462.5,1,0.7799879908561707,0.4744446873664856,299.2472256940423,365.87192236624674,0.655,0.0005500040512532013,0.03003665804862976,
128520,0,0.41134074330329895,0.4441716969013214,744.0134164399365,348.2695824103244,0.655,0.0005500040512532013,0.03003665804862976,
128520,1,0.7787070274353027,0.4745968282222748,300.96928323161376,365.92137348309035,0.655,0.0005500040512532013,0.03003665804862976,
128575.69999992847,0,0.41313377022743225,0.4457893371582031,741.7876430797015,349.4572457832538,0.655,0.0005500040512532013,0.03003665804862976,
128575.69999992847,1,0.7794774174690247,0.47589418292045593,299.8016663883071,366.9872358770365,0.655,0.0005500040512532013,0.03003665804862976,
128630.69999992847,0,0.4110058546066284,0.4454956352710724,744.742151326053,349.3209011084748,0.655,0.0005500040512532013,0.03003665804862976,
128630.69999992847,1,0.778572678565979,0.47565415501594543,301.29336956263944,366.5706143878692,0.655,0.0005500040512532013,0.03003665804862976,
128686.19999992847,0,0.41385212540626526,0.44510239362716675,740.8786586396456,348.96611257486234,0.655,0.0005500040512532013,0.03003665804862976,
128686.19999992847,1,0.7792755365371704,0.4757816791534424,300.13502693627686,366.8520744821124,0.655,0.0005500040512532013,0.03003665804862976,
128742.10000002384,0,0.413579523563385,0.44644641876220703,741.0769802299168,349.8837304437066,0.655,0.0005500040512532013,0.03003665804862976,
128742.10000002384,1,0.7786234617233276,0.47441011667251587,301.34044582423314,365.5914113121232,0.655,0.0005500040512532013,0.03003665804862976,
128796.60000002384,0,0.4115181267261505,0.44673585891723633,743.9488104852329,350.1693095155275,0.655,0.0005500040512532013,0.03003665804862976,
128796.60000002384,1,0.7799044251441956,0.4759683609008789,299.2053162524584,367.0764198978237,0.655,0.0005500040512532013,0.03003665804862976,
128854.10000002384,0,0.4129970073699951,0.44666588306427,742.0668827433282,350.12252752465173,0.655,0.0005500040512532013,0.03003665804862976,
128854.10000002384,1,0.7801163196563721,0.47596877813339233,298.6917538330654,367.24869597494194,0.655,0.0005500040512532013,0.03003665804862976,
128908.69999992847,0,0.4119908809661865,0.4429891109466553,743.0749948186669,347.38255290044543,0.655,0.0005500040512532013,0.03003665804862976,
128908.69999992847,1,0.7792219519615173,0.47560667991638184,300.0328599409755,366.8489475033792,0.655,0.0005500040512532013,0.03003665804862976,
128968.10000002384,0,0.4133063554763794,0.44377845525741577,741.4664018243122,347.97610581951017,0.655,0.0005500040512532013,0.03003665804862976,
128968.10000002384,1,0.7794507741928101,0.47538304328918457,299.6241183943156,366.770263411974,0.655,0.0005500040512532013,0.03003665804862976,
129022.29999995232,0,0.41514891386032104,0.446903795003891,738.3019473523145,349.9444190754712,0.655,0.0005500040512532013,0.03003665804862976,
129022.29999995232,1,0.7794056534767151,0.4748857319355011,299.6725630719236,366.4187799771769,0.655,0.0005500040512532013,0.03003665804862976,
129077.79999995232,0,0.4160289764404297,0.4446185231208801,737.487527155355,348.4112398262751,0.655,0.0005500040512532013,0.03003665804862976,
129077.79999995232,1,0.7799239158630371,0.4746060371398926,298.90765317900514,366.28882650937476,0.655,0.0005500040512532013,0.03003665804862976,
129132.89999997616,0,0.41433775424957275,0.4442955553531647,739.5052894055294,348.1263264382404,0.655,0.0005500040512532013,0.03003665804862976,
129132.89999997616,1,0.7790824174880981,0.47564154863357544,300.23865805107175,366.8546061284284,0.655,0.0005500040512532013,0.03003665804862976,
129188.39999997616,0,0.41290557384490967,0.4446738660335541,741.9346422139962,348.6058168244491,0.655,0.0005500040512532013,0.03003665804862976,
129188.39999997616,1,0.7797646522521973,0.4756088852882385,299.01240474533336,367.07999265175465,0.655,0.0005500040512532013,0.03003665804862976,
129242.29999995232,0,0.41249340772628784,0.4466523826122284,742.2141595496553,349.9458807271047,0.655,0.0005500040512532013,0.03003665804862976,
129242.29999995232,1,0.7789105176925659,0.4756699800491333,300.17018828168693,367.0790727129807,0.655,0.0005500040512532013,0.03003665804862976,
129298.5,0,0.4134371280670166,0.44546958804130554,740.8904228936048,349.0540149229646,0.655,0.0005500040512532013,0.03003665804862976,
129298.5,1,0.778606653213501,0.4739838242530823,300.81103088697375,365.68721104307065,0.655,0.0005500040512532013,0.03003665804862976,
129353.10000002384,0,0.4133163094520569,0.44700831174850464,741.2934735165859,350.2476131418397,0.655,0.0005500040512532013,0.03003665804862976,
129353.10000002384,1,0.7798813581466675,0.47442179918289185,298.7516423917058,366.302260339505,0.655,0.0005500040512532013,0.03003665804862976,
129410,0,0.41390717029571533,0.44580399990081787,740.3519167882268,349.31681311587766,0.655,0.0005500040512532013,0.03003665804862976,
129410,1,0.7793929576873779,0.4752853512763977,299.66301725715414,366.72471263316936,0.655,0.0005500040512532013,0.03003665804862976,
129463.79999995232,0,0.4125974774360657,0.44490373134613037,742.130397731256,348.70388282636276,0.655,0.0005500040512532013,0.03003665804862976,
129463.79999995232,1,0.77817702293396,0.4756621718406677,301.3686373437306,366.890138542121,0.655,0.0005500040512532013,0.03003665804862976,
129520.69999992847,0,0.4132321774959564,0.4455687999725342,741.0840040107008,349.1012905218452,0.655,0.0005500040512532013,0.03003665804862976,
129520.69999992847,1,0.7792205214500427,0.47588369250297546,299.81042245325034,367.2070401543459,0.655,0.0005500040512532013,0.03003665804862976,
129575.5,0,0.4148418605327606,0.44413578510284424,738.6626295747699,347.93959697243145,0.655,0.0005500040512532013,0.03003665804862976,
129575.5,1,0.7799387574195862,0.474282443523407,298.768729388672,366.1393995049433,0.655,0.0005500040512532013,0.03003665804862976,
129631.89999997616,0,0.41413605213165283,0.44491690397262573,739.6513716160226,348.53317719125494,0.655,0.0005500040512532013,0.03003665804862976,
129631.89999997616,1,0.7782602310180664,0.47351473569869995,301.27739212251697,365.33307832095426,0.655,0.0005500040512532013,0.03003665804862976,
129686.19999992847,0,0.4138393998146057,0.44500911235809326,740.1046671209995,348.6262216410043,0.655,0.0005500040512532013,0.03003665804862976,
129686.19999992847,1,0.7796415686607361,0.4756162762641907,299.09172174092737,367.1394535284246,0.655,0.0005500040512532013,0.03003665804862976,
129743.19999992847,0,0.41386717557907104,0.4450608491897583,740.1158939837554,348.68030528507416,0.655,0.0005500040512532013,0.03003665804862976,
129743.19999992847,1,0.7785751819610596,0.4739829897880554,300.42414966752233,365.98590371524,0.655,0.0005500040512532013,0.03003665804862976,
129797.10000002384,0,0.41546618938446045,0.4462738633155823,737.831755964805,349.46734214132385,0.655,0.0005500040512532013,0.03003665804862976,
129797.10000002384,1,0.7781518697738647,0.47478538751602173,301.5593352825239,366.14487641545014,0.655,0.0005500040512532013,0.03003665804862976,
129853.89999997616,0,0.4143971800804138,0.44451990723609924,739.3565658516164,348.26165288630017,0.655,0.0005500040512532013,0.03003665804862976,
129853.89999997616,1,0.7782734036445618,0.4753144085407257,301.08874545319145,366.75077940428145,0.655,0.0005500040512532013,0.03003665804862976,
129908.19999992847,0,0.4138556122779846,0.44518008828163147,740.0736679097788,348.74562526552273,0.655,0.0005500040512532013,0.03003665804862976,
129908.19999992847,1,0.7784146666526794,0.47347918152809143,301.0965902007214,365.295402492787,0.655,0.0005500040512532013,0.03003665804862976,
129965,0,0.4145655632019043,0.4439380168914795,738.8263228172611,347.7267272839169,0.655,0.0005500040512532013,0.03003665804862976,
129965,1,0.7777493000030518,0.47312211990356445,302.13373880736617,364.9044128997402,0.655,0.0005500040512532013,0.03003665804862976,
130019.39999997616,0,0.41370630264282227,0.4444153308868408,740.2351754728439,348.1842881646712,0.655,0.0005500040512532013,0.03003665804862976,
130019.39999997616,1,0.779502272605896,0.4749990999698639,299.1755628260911,366.7599693853901,0.655,0.0005500040512532013,0.03003665804862976,
130076.29999995232,0,0.41416001319885254,0.4434075355529785,739.6650624934034,347.46252762368016,0.655,0.0005500040512532013,0.03003665804862976,
130076.29999995232,1,0.779249370098114,0.4731021523475647,299.7910728184937,365.19200881984125,0.655,0.0005500040512532013,0.03003665804862976,
130131.79999995232,0,0.41284888982772827,0.44481539726257324,741.5334398282478,348.54428491626135,0.655,0.0005500040512532013,0.03003665804862976,
130131.79999995232,1,0.7783812284469604,0.47338658571243286,301.0580585301392,365.28677577477197,0.655,0.0005500040512532013,0.03003665804862976,
130188.5,0,0.41424596309661865,0.4434155821800232,739.4866880759288,347.4434854568422,0.655,0.0005500040512532013,0.03003665804862976,
130188.5,1,0.7791496515274048,0.4753137230873108,299.7525310234605,366.900098013598,0.655,0.0005500040512532013,0.03003665804862976,
130242.89999997616,0,0.41269320249557495,0.44362762570381165,741.8574844602377,347.73299029960566,0.655,0.0005500040512532013,0.03003665804862976,
130242.89999997616,1,0.7783876061439514,0.4738238751888275,301.0783873707578,365.58133743568163,0.655,0.0005500040512532013,0.03003665804862976,
130298.89999997616,0,0.413152813911438,0.44298407435417175,741.0243058698653,347.1828836722216,0.655,0.0005500040512532013,0.03003665804862976,
130298.89999997616,1,0.7785235643386841,0.47316473722457886,300.8910851706538,365.1162167524152,0.655,0.0005500040512532013,0.03003665804862976,
130352.79999995232,0,0.4131718575954437,0.44354692101478577,740.9769647314739,347.5798749839189,0.655,0.0005500040512532013,0.03003665804862976,
130352.79999995232,1,0.7785425782203674,0.4749806523323059,300.6938657214339,366.5458622346215,0.655,0.0005500040512532013,0.03003665804862976,
130409.5,0,0.41393768787384033,0.4444817900657654,739.9172371269923,348.22424218056887,0.655,0.0005500040512532013,0.03003665804862976,
130409.5,1,0.7780488729476929,0.4733045995235443,301.57526517142503,365.1622097436017,0.655,0.0005500040512532013,0.03003665804862976,
130464.29999995232,0,0.4120258092880249,0.4494462013244629,742.548163287856,351.86467815856287,0.655,0.0005500040512532013,0.03003665804862976,
130464.29999995232,1,0.7782817482948303,0.4731745719909668,301.03551735710334,365.24001843393523,0.655,0.0005500040512532013,0.03003665804862976,
130521.19999992847,0,0.4136631488800049,0.4072682857513428,739.453526783526,321.120950504612,0.655,0.0005500040512532013,0.03003665804862976,
130521.19999992847,1,0.7785969972610474,0.47481900453567505,300.5356503697168,366.4913611262557,0.655,0.0005500040512532013,0.03003665804862976,
130575.29999995232,0,0.388700008392334,0.3175833821296692,767.0996980579366,254.42704031295955,0.655,0.0005500040512532013,0.03003665804862976,
130575.29999995232,1,0.7768263816833496,0.4735562205314636,303.68429018681184,364.9439188761422,0.655,0.0005500040512532013,0.03003665804862976,
130631.79999995232,0,0.38312268257141113,0.2910408675670624,773.8832703215546,235.1011595810652,0.655,0.0005500040512532013,0.03003665804862976,
130631.79999995232,1,0.7788784503936768,0.4752350449562073,300.2197026978715,366.76000395577597,0.655,0.0005500040512532013,0.03003665804862976,
130686.29999995232,0,0.40106427669525146,0.27171146869659424,749.5603315004266,220.29726512239378,0.655,0.0005500040512532013,0.03003665804862976,
130686.29999995232,1,0.7772998809814453,0.47446534037590027,302.9287016127722,365.7101064448463,0.655,0.0005500040512532013,0.03003665804862976,
130743.19999992847,0,0.42151975631713867,0.4344996511936188,728.7243245600674,340.45130463819555,0.655,0.0005500040512532013,0.03003665804862976,
130743.19999992847,1,0.7783548831939697,0.4732728600502014,301.02148703151,365.2547292596731,0.655,0.0005500040512532013,0.03003665804862976,
130798.89999997616,0,0.42051324248313904,0.4643200635910034,731.9051917165007,362.6515211327888,0.655,0.0005500040512532013,0.03003665804862976,
130798.89999997616,1,0.7786074280738831,0.47548341751098633,300.6012819771337,366.9145677665723,0.655,0.0005500040512532013,0.03003665804862976,
130854.69999992847,0,0.41872286796569824,0.45506584644317627,733.7960930954185,355.84617421227205,0.655,0.0005500040512532013,0.03003665804862976,
130854.69999992847,1,0.778393566608429,0.47507351636886597,301.02553456270186,366.51325524442507,0.655,0.0005500040512532013,0.03003665804862976,
130909.19999992847,0,0.41849708557128906,0.460613876581192,734.8498347907946,360.10679924747626,0.655,0.0005500040512532013,0.03003665804862976,
130909.19999992847,1,0.7777215838432312,0.4757661819458008,301.8997636032666,367.0019622470933,0.655,0.0005500040512532013,0.03003665804862976,
130966.60000002384,0,0.41924038529396057,0.45726460218429565,734.3758489710292,357.8498033281108,0.655,0.0005500040512532013,0.03003665804862976,
130966.60000002384,1,0.7791236639022827,0.4748147130012512,299.82477544021265,366.51380739337793,0.655,0.0005500040512532013,0.03003665804862976,
131022.89999997616,0,0.4187549352645874,0.4625471830368042,735.2405459951693,361.7286157989675,0.655,0.0005500040512532013,0.03003665804862976,
131022.89999997616,1,0.7780423164367676,0.4761420786380768,301.2643484553041,367.4309417398529,0.655,0.0005500040512532013,0.03003665804862976,
131077.29999995232,0,0.4193819463253021,0.4578329920768738,734.0452119876784,358.21163860950406,0.655,0.0005500040512532013,0.03003665804862976,
131077.29999995232,1,0.7794737815856934,0.47610577940940857,299.1782054706224,367.5798846033701,0.655,0.0005500040512532013,0.03003665804862976,
131134,0,0.41856318712234497,0.459968626499176,735.2669607870225,359.80432761581926,0.655,0.0005500040512532013,0.03003665804862976,
131134,1,0.7779653072357178,0.4755668044090271,301.7501822910049,366.7421444660955,0.655,0.0005500040512532013,0.03003665804862976,
131190.5,0,0.41788411140441895,0.4573071002960205,736.0915012333492,357.873988082252,0.42500000000000004,0.00005235347679974116,0.004142403602600098,
131190.5,1,0.7784945368766785,0.47482019662857056,300.75843782258266,366.42817383546765,0.42500000000000004,0.00005235347679974116,0.004142403602600098,
131251.10000002384,0,0.41882598400115967,0.4598642587661743,735.1527970248469,359.7978842620853,0.42500000000000004,0.00005235347679974116,0.004142403602600098,
131251.10000002384,1,0.7791714668273926,0.47504621744155884,299.6857193940814,366.7343427168489,0.42500000000000004,0.00005235347679974116,0.004142403602600098,
131308.10000002384,0,0.41846323013305664,0.45851343870162964,735.2956337302638,358.7252896358671,0.42500000000000004,0.00005235347679974116,0.004142403602600098,
131308.10000002384,1,0.7780747413635254,0.47391611337661743,301.6524118931287,365.5230872334492,0.42500000000000004,0.00005235347679974116,0.004142403602600098,
131362.69999992847,0,0.41910386085510254,0.46184295415878296,734.420736909088,361.10507006591763,0.42500000000000004,0.00005235347679974116,0.004142403602600098,
131362.69999992847,1,0.7770295143127441,0.47595247626304626,303.05217341805087,366.94437321537447,0.42500000000000004,0.00005235347679974116,0.004142403602600098,
131423,0,0.41774123907089233,0.45881158113479614,736.1665072709976,358.9229970158352,0.42500000000000004,0.00005235347679974116,0.004142403602600098,
131423,1,0.7796421051025391,0.474981427192688,299.0684385917584,366.69793201707455,0.42500000000000004,0.00005235347679974116,0.004142403602600098,
131477.5,0,0.41824519634246826,0.45939573645591736,735.4253545450454,359.3127314856681,0.42500000000000004,0.00005235347679974116,0.004142403602600098,
131477.5,1,0.7777227759361267,0.4732290506362915,302.0933656571044,365.03531906385047,0.42500000000000004,0.00005235347679974116,0.004142403602600098,
131534.29999995232,0,0.4184796214103699,0.4596864581108093,734.9679580184226,359.47075386955487,0.42500000000000004,0.00005235347679974116,0.004142403602600098,
131534.29999995232,1,0.7792990803718567,0.4750646948814392,299.4689926935937,366.7843545935097,0.42500000000000004,0.00005235347679974116,0.004142403602600098,
131588.79999995232,0,0.4245619773864746,0.37664395570755005,724.2050956150971,298.52116459652154,0.42500000000000004,0.00005235347679974116,0.004142403602600098,
131588.79999995232,1,0.7775411009788513,0.4748039245605469,302.4934117103628,366.04722662227476,0.42500000000000004,0.00005235347679974116,0.004142403602600098,
131644.5,0,0.40075254440307617,0.2643918991088867,748.2689915813952,213.76668616420363,0.42500000000000004,0.00005235347679974116,0.004142403602600098,
131644.5,1,0.7795718908309937,0.4761650562286377,298.94515869456677,367.69552528056295,0.42500000000000004,0.00005235347679974116,0.004142403602600098,
131699.19999992847,0,0.39528340101242065,0.2283257395029068,752.6605843127638,185.4430075651693,0.42500000000000004,0.00005235347679974116,0.004142403602600098,
131699.19999992847,1,0.7801861763000488,0.4761008024215698,298.28120483598843,367.566155693408,0.42500000000000004,0.00005235347679974116,0.004142403602600098,
131755.10000002384,0,0.39338505268096924,0.2300736904144287,756.6988342653643,188.21883610563327,0.42500000000000004,0.00005235347679974116,0.004142403602600098,
131755.10000002384,1,0.780342161655426,0.4750309884548187,297.51580422125915,367.1729412917918,0.42500000000000004,0.00005235347679974116,0.004142403602600098,
131809.60000002384,0,0.42940258979797363,0.41727346181869507,718.5359313108922,328.00645153343174,0.42500000000000004,0.00005235347679974116,0.004142403602600098,
131809.60000002384,1,0.7776651382446289,0.4735676944255829,301.45817414160183,365.7763647389509,0.42500000000000004,0.00005235347679974116,0.004142403602600098,
131867.60000002384,0,0.4167308211326599,0.4573096036911011,736.4154900196264,357.4868449378818,0.42500000000000004,0.00005235347679974116,0.004142403602600098,
131867.60000002384,1,0.7786682844161987,0.47525662183761597,299.8921484427931,367.181829594594,0.42500000000000004,0.00005235347679974116,0.004142403602600098,
131922.19999992847,0,0.41623368859291077,0.4532763957977295,737.0698243968221,354.58941585593647,0.42500000000000004,0.00005235347679974116,0.004142403602600098,
131922.19999992847,1,0.7789959907531738,0.4742736220359802,299.9080912273895,366.1796160997943,0.42500000000000004,0.00005235347679974116,0.004142403602600098,
131978.29999995232,0,0.4161938428878784,0.4535130560398102,736.4963005339499,354.5273799791438,0.42500000000000004,0.00005235347679974116,0.004142403602600098,
131978.29999995232,1,0.7793195247650146,0.47353267669677734,299.2798679894447,365.7923146360954,0.42500000000000004,0.00005235347679974116,0.004142403602600098,
132032.5,0,0.41737180948257446,0.4539949595928192,735.1621450726831,354.9405632861077,0.85,0.00343485819090397,0.040036141872406006,
132032.5,1,0.777472734451294,0.47615137696266174,301.94293608161775,367.47275529140126,0.85,0.00343485819090397,0.040036141872406006,
132094.60000002384,0,0.4174959659576416,0.4547255337238312,734.98155796519,355.4583819262933,0.85,0.00343485819090397,0.040036141872406006,
132094.60000002384,1,0.7800304293632507,0.4742180109024048,297.9296079632518,366.5779766558802,0.85,0.00343485819090397,0.040036141872406006,
132150.60000002384,0,0.4174165725708008,0.4523746371269226,734.6061971547439,353.58045638736047,0.6732842654548775,0.00036579315815496883,0.022598445415496826,
132150.60000002384,1,0.7780041694641113,0.4741019606590271,301.3372582119333,365.9452482211283,0.6732842654548775,0.00036579315815496883,0.022598445415496826,
132210.79999995232,0,0.4154607057571411,0.4560092091560364,738.5402745368774,356.72541001509427,0.6732842654548775,0.00036579315815496883,0.022598445415496826,
132210.79999995232,1,0.7797486782073975,0.47499051690101624,298.13737123200065,367.2330561546847,0.6732842654548775,0.00036579315815496883,0.022598445415496826,
132268.79999995232,0,0.41585713624954224,0.45660772919654846,738.0745286953191,357.1705044759022,0.6732842654548775,0.00036579315815496883,0.022598445415496826,
132268.79999995232,1,0.7786077857017517,0.4731447398662567,300.4498206126906,365.33586993309126,0.6732842654548775,0.00036579315815496883,0.022598445415496826,
132326.69999992847,0,0.41737550497055054,0.45698341727256775,735.7439468171888,357.3068798285033,0.6732842654548775,0.00036579315815496883,0.022598445415496826,
132326.69999992847,1,0.7795566916465759,0.4740455448627472,298.6031542205617,366.4099459961897,0.6732842654548775,0.00036579315815496883,0.022598445415496826,
132385.79999995232,0,0.41753655672073364,0.45882707834243774,735.2838752760746,358.5430968326408,0.6732842654548775,0.00036579315815496883,0.022598445415496826,
132385.79999995232,1,0.7774511575698853,0.4758799076080322,302.19780958692525,367.1179709098159,0.6732842654548775,0.00036579315815496883,0.022598445415496826,
132442.5,0,0.4173872172832489,0.45930737257003784,735.6573870872304,358.95467866143565,0.42500000000000004,0.0000947559436140719,0.0054863691329956055,
132442.5,1,0.7800313830375671,0.47477608919143677,297.91813710774954,366.98646361660514,0.42500000000000004,0.0000947559436140719,0.0054863691329956055,
132503.79999995232,0,0.41720694303512573,0.4579333961009979,735.8080147948659,357.9366818744328,0.42500000000000004,0.0000947559436140719,0.0054863691329956055,
132503.79999995232,1,0.7790465354919434,0.47151291370391846,299.92967943328676,364.13222261650935,0.42500000000000004,0.0000947559436140719,0.0054863691329956055,
132559.29999995232,0,0.41537076234817505,0.4569062888622284,738.7552157429208,357.40509927142926,0.42500000000000004,0.0000947559436140719,0.0054863691329956055,
132559.29999995232,1,0.7793146371841431,0.47335630655288696,299.263528910475,365.6805975859477,0.42500000000000004,0.0000947559436140719,0.0054863691329956055,
132615.69999992847,0,0.4202084541320801,0.4491075575351715,730.9637762953986,351.200653339177,0.42500000000000004,0.0000947559436140719,0.0054863691329956055,
132615.69999992847,1,0.7786681056022644,0.47318872809410095,300.4106375401544,365.3411915192916,0.42500000000000004,0.0000947559436140719,0.0054863691329956055,
132672.29999995232,0,0.4242646098136902,0.4058804214000702,724.3748609146971,319.47513360839343,0.42500000000000004,0.0000947559436140719,0.0054863691329956055,
132672.29999995232,1,0.7813416123390198,0.4729181230068207,296.51280452166657,365.4698456488331,0.42500000000000004,0.0000947559436140719,0.0054863691329956055,
132727.39999997616,0,0.39639657735824585,0.3042030930519104,756.4151521943895,244.27795524753233,0.42500000000000004,0.0000947559436140719,0.0054863691329956055,
132727.39999997616,1,0.7774969935417175,0.4749290347099304,302.34726478145717,366.284651065316,0.42500000000000004,0.0000947559436140719,0.0054863691329956055,
132785.79999995232,0,0.39210283756256104,0.27681031823158264,761.988639088768,224.60470068391749,0.42500000000000004,0.0000947559436140719,0.0054863691329956055,
132785.79999995232,1,0.7787746787071228,0.4744095206260681,299.80856470787876,366.53693194905446,0.42500000000000004,0.0000947559436140719,0.0054863691329956055,
132840.29999995232,0,0.4108278751373291,0.3079044222831726,737.7031457792535,246.78738513917997,0.42500000000000004,0.0000947559436140719,0.0054863691329956055,
132840.29999995232,1,0.7787541747093201,0.4731324315071106,300.3788390313334,365.24607792798656,0.42500000000000004,0.0000947559436140719,0.0054863691329956055,
132899.19999992847,0,0.4069632291793823,0.42981308698654175,746.5950774302866,336.7408732283259,0.42500000000000004,0.0000947559436140719,0.0054863691329956055,
132899.19999992847,1,0.7785379886627197,0.4719241261482239,300.7312085079284,364.32305878674066,0.42500000000000004,0.0000947559436140719,0.0054863691329956055,
132953.39999997616,0,0.4174728989601135,0.4544915556907654,733.8910932804683,354.8398606138532,0.42500000000000004,0.0000947559436140719,0.0054863691329956055,
132953.39999997616,1,0.7781153917312622,0.4733278155326843,301.1640877788917,365.4093594937556,0.42500000000000004,0.0000947559436140719,0.0054863691329956055,
133010.10000002384,0,0.4155508875846863,0.452955424785614,736.7570234448732,353.90295533262827,0.42500000000000004,0.0000947559436140719,0.0054863691329956055,
133010.10000002384,1,0.7783056497573853,0.4745689630508423,300.68765015063354,366.4636606881446,0.42500000000000004,0.0000947559436140719,0.0054863691329956055,
133065.60000002384,0,0.4151332974433899,0.4538295269012451,737.4555232850134,354.5986843031879,0.42500000000000004,0.0000947559436140719,0.0054863691329956055,
133065.60000002384,1,0.7792795896530151,0.47348999977111816,299.22275324028215,365.8344575757025,0.42500000000000004,0.0000947559436140719,0.0054863691329956055,
133123.10000002384,0,0.4147397577762604,0.45203813910484314,737.6545587523642,353.18465446137765,0.8351327729225159,0.0020697566171938198,0.024678468704223633,
133123.10000002384,1,0.7783501744270325,0.47297409176826477,300.54634455778057,365.3727239279189,0.8351327729225159,0.0020697566171938198,0.024678468704223633,
133187.10000002384,0,0.4147375822067261,0.45172518491744995,737.800160590543,353.0180423154313,0.8351327729225159,0.0020697566171938198,0.024678468704223633,
133187.10000002384,1,0.7782917618751526,0.4736443758010864,300.7989129307317,365.7338540686581,0.8351327729225159,0.0020697566171938198,0.024678468704223633,
133245.19999992847,0,0.4152224063873291,0.45097172260284424,737.7045357527828,352.6840457128058,0.8351327729225159,0.0020697566171938198,0.024678468704223633,
133245.19999992847,1,0.7790740728378296,0.47290170192718506,299.79708149175656,365.19945480563956,0.8351327729225159,0.0020697566171938198,0.024678468704223633,
133304.5,0,0.4150794744491577,0.45302489399909973,737.4970702346141,354.00835779769915,0.8351327729225159,0.0020697566171938198,0.024678468704223633,
133304.5,1,0.7776404619216919,0.4750082492828369,301.7441284862366,366.63866918484445,0.8351327729225159,0.0020697566171938198,0.024678468704223633,
133365.19999992847,0,0.41499191522598267,0.45129239559173584,737.8745519691694,352.86631466634833,0.8351327729225159,0.0020697566171938198,0.024678468704223633,
133365.19999992847,1,0.7771620750427246,0.4752509593963623,302.5438443798348,366.682096383543,0.8351327729225159,0.0020697566171938198,0.024678468704223633,
133423.29999995232,0,0.4160628318786621,0.45163530111312866,736.3332185405623,353.04583695505096,0.8351327729225159,0.0020697566171938198,0.024678468704223633,
133423.29999995232,1,0.7772692441940308,0.47422951459884644,302.30067737995284,366.0212003317258,0.8351327729225159,0.0020697566171938198,0.024678468704223633,
133480.19999992847,0,0.41462886333465576,0.44956886768341064,738.6125266745821,351.73081314964514,0.8351327729225159,0.0020697566171938198,0.024678468704223633,
133480.19999992847,1,0.7775004506111145,0.4747658669948578,301.87794085091116,366.4956541138876,0.8351327729225159,0.0020697566171938198,0.024678468704223633,
133536.79999995232,0,0.4144029915332794,0.4528254568576813,739.2908848222812,354.2204885633383,0.8351327729225159,0.0020697566171938198,0.024678468704223633,
133536.79999995232,1,0.7785853147506714,0.473868191242218,300.21538802411897,366.03677217553246,0.8351327729225159,0.0020697566171938198,0.024678468704223633,
133596.79999995232,0,0.41438761353492737,0.45088058710098267,739.0409004924778,352.72042720133976,0.8351327729225159,0.0020697566171938198,0.024678468704223633,
133596.79999995232,1,0.7788006663322449,0.47256532311439514,300.00560731222845,365.0540391536243,0.8351327729225159,0.0020697566171938198,0.024678468704223633,
133653.60000002384,0,0.4162517488002777,0.453046977519989,736.0291217409865,354.03734164417034,0.8351327729225159,0.0020697566171938198,0.024678468704223633,
133653.60000002384,1,0.7789543271064758,0.47336751222610474,299.9713551596843,365.52036809242134,0.8351327729225159,0.0020697566171938198,0.024678468704223633,
133709.19999992847,0,0.4169861674308777,0.42692381143569946,734.1069674963967,334.814317779174,0.8351327729225159,0.0020697566171938198,0.024678468704223633,
133709.19999992847,1,0.7786838412284851,0.4738817811012268,300.26862400552614,365.92433357259665,0.8351327729225159,0.0020697566171938198,0.024678468704223633,
133769.10000002384,0,0.41281598806381226,0.3739708662033081,739.2249622304133,296.58975586415505,0.8351327729225159,0.0020697566171938198,0.024678468704223633,
133769.10000002384,1,0.779100239276886,0.4754602611064911,299.3166948439882,367.34339986991824,0.8351327729225159,0.0020697566171938198,0.024678468704223633,
133824.69999992847,0,0.38773030042648315,0.3074313998222351,768.2282250326493,247.0500780512615,0.8351327729225159,0.0020697566171938198,0.024678468704223633,
133824.69999992847,1,0.7785958051681519,0.4740351438522339,300.3817383405071,366.0344606796491,0.8351327729225159,0.0020697566171938198,0.024678468704223633,
133882.10000002384,0,0.3883136510848999,0.2715264558792114,766.4870978876233,220.57278022090978,0.8351327729225159,0.0020697566171938198,0.024678468704223633,
133882.10000002384,1,0.7790477275848389,0.47249478101730347,299.7774910163994,364.9430903242015,0.8351327729225159,0.0020697566171938198,0.024678468704223633,
133937.60000002384,0,0.40186792612075806,0.28279048204421997,748.4386399278618,228.2094897762398,0.8351327729225159,0.0020697566171938198,0.024678468704223633,
133937.60000002384,1,0.7781063318252563,0.47460639476776123,301.20940756064715,366.30640226145255,0.8351327729225159,0.0020697566171938198,0.024678468704223633,
133993.79999995232,0,0.4175417423248291,0.3971292972564697,732.7307070389282,313.05787349046415,0.8351327729225159,0.0020697566171938198,0.024678468704223633,
133993.79999995232,1,0.7788071632385254,0.4726065993309021,300.3072578508967,364.8701029592406,0.8351327729225159,0.0020697566171938198,0.024678468704223633,
134056.39999997616,0,0.4135451912879944,0.44687986373901367,738.909724054744,349.355682300875,0.8351327729225159,0.0020697566171938198,0.024678468704223633,
134056.39999997616,1,0.7784240245819092,0.4725704789161682,300.62676000553995,364.96261483263055,0.8351327729225159,0.0020697566171938198,0.024678468704223633,
134120.79999995232,0,0.41571545600891113,0.45049023628234863,736.4902664645944,352.10504944993653,0.8351327729225159,0.0020697566171938198,0.024678468704223633,
134120.79999995232,1,0.7777686715126038,0.4728368818759918,301.9616189532517,364.80557656991846,0.8351327729225159,0.0020697566171938198,0.024678468704223633,
134176.60000002384,0,0.41482412815093994,0.4525253176689148,737.5054792769857,353.5183725937136,0.8351327729225159,0.0020697566171938198,0.024678468704223633,
134176.60000002384,1,0.778186559677124,0.4744921624660492,300.910259971983,366.36029404659183,0.8351327729225159,0.0020697566171938198,0.024678468704223633,
134235,0,0.41562598943710327,0.4519183039665222,736.4533110961272,353.0705851522146,0.85,0.0020344984939104703,0.053360939025878906,
134235,1,0.7792448997497559,0.4722076654434204,299.531463181723,364.73201263038845,0.85,0.0020344984939104703,0.053360939025878906,
134297.89999997616,0,0.41552090644836426,0.4535396993160248,736.6129016323699,354.2484356686141,0.85,0.0020344984939104703,0.053360939025878906,
134297.89999997616,1,0.778423547744751,0.4732571542263031,300.88047656408196,365.28088072283947,0.85,0.0020344984939104703,0.053360939025878906,
134356.39999997616,0,0.41531139612197876,0.45358526706695557,736.9657508017538,354.316309466992,0.85,0.0020344984939104703,0.053360939025878906,
134356.39999997616,1,0.778477668762207,0.47424858808517456,300.6177559113537,366.1296820277139,0.85,0.0020344984939104703,0.053360939025878906,
134412.29999995232,0,0.415286123752594,0.45321398973464966,737.0090539347107,354.0535040169371,0.85,0.0020344984939104703,0.053360939025878906,
134412.29999995232,1,0.7784040570259094,0.4716518521308899,300.90143102208253,364.1278725514755,0.85,0.0020344984939104703,0.053360939025878906,
134470,0,0.41553062200546265,0.45048248767852783,736.0681659807639,351.8198122232062,0.85,0.0020344984939104703,0.053360939025878906,
134470,1,0.7787317633628845,0.4720582962036133,300.30044765072375,364.5471814185589,0.85,0.0020344984939104703,0.053360939025878906,
134527.89999997616,0,0.41516247391700745,0.4539451003074646,737.0869608760943,354.5466683972574,0.85,0.0020344984939104703,0.053360939025878906,
134527.89999997616,1,0.7792273759841919,0.47193074226379395,299.77401839166794,364.38024880088705,0.85,0.0020344984939104703,0.053360939025878906,
134583.69999992847,0,0.4142955541610718,0.44888728857040405,738.054856131477,350.8457507643916,0.85,0.0020344984939104703,0.053360939025878906,
134583.69999992847,1,0.7788779139518738,0.47294026613235474,299.9134773383769,365.3194083773191,0.85,0.0020344984939104703,0.053360939025878906,
134640.89999997616,0,0.41465088725090027,0.45286035537719727,737.7146406383441,353.7543618469204,0.85,0.0020344984939104703,0.053360939025878906,
134640.89999997616,1,0.77959805727005,0.47261279821395874,299.16431919707986,364.9652826856869,0.85,0.0020344984939104703,0.053360939025878906,
134696.79999995232,0,0.41489219665527344,0.4514716863632202,737.3426754578923,352.72816529155097,0.85,0.0020344984939104703,0.053360939025878906,
134696.79999995232,1,0.7786248326301575,0.474640816450119,300.4201711442099,366.4184595950301,0.85,0.0020344984939104703,0.053360939025878906,
134752.89999997616,0,0.42043575644493103,0.44685447216033936,728.9983900418158,348.84676233433834,0.85,0.0020344984939104703,0.053360939025878906,
134752.89999997616,1,0.778444230556488,0.4742142856121063,300.7006993167339,366.0771620914942,0.85,0.0020344984939104703,0.053360939025878906,
134806.79999995232,0,0.425872802734375,0.4053305685520172,720.5218237943747,318.1773716010015,0.85,0.0020344984939104703,0.053360939025878906,
134806.79999995232,1,0.7785407304763794,0.47381654381752014,300.59198343735363,365.78050311769283,0.85,0.0020344984939104703,0.053360939025878906,
134864.39999997616,0,0.40056249499320984,0.3033146262168884,750.4059456803612,243.19108841175435,0.85,0.0020344984939104703,0.053360939025878906,
134864.39999997616,1,0.7781632542610168,0.47424399852752686,300.8649010618476,366.2331105960797,0.85,0.0020344984939104703,0.053360939025878906,
134920.39999997616,0,0.39746224880218506,0.27571791410446167,754.0528904435434,223.09976108125835,0.85,0.0020344984939104703,0.053360939025878906,
134920.39999997616,1,0.7788000702857971,0.4720890522003174,300.37902405932255,364.4535578775615,0.85,0.0020344984939104703,0.053360939025878906,
134976.79999995232,0,0.4035624563694,0.2833139896392822,746.7459150077491,228.91207626397795,0.85,0.0020344984939104703,0.053360939025878906,
134976.79999995232,1,0.7779476046562195,0.4732537269592285,301.26119727657635,365.43758922169036,0.85,0.0020344984939104703,0.053360939025878906,
135032,0,0.43250808119773865,0.37044525146484375,710.6671209515495,292.27056910843703,0.85,0.0020344984939104703,0.053360939025878906,
135032,1,0.7790694236755371,0.47244423627853394,299.68722219389144,364.94941100041643,0.85,0.0020344984939104703,0.053360939025878906,
135089.39999997616,0,0.4131617546081543,0.44139564037323,738.7968794365556,345.14215096499686,0.85,0.0020344984939104703,0.053360939025878906,
135089.39999997616,1,0.778501033782959,0.4725472927093506,300.472614694085,364.9840808204721,0.85,0.0020344984939104703,0.053360939025878906,
135143.69999992847,0,0.416780024766922,0.4524095058441162,734.5465736499584,353.241198076847,0.5929657151552243,0.00025679397819975666,0.01417502760887146,
135143.69999992847,1,0.7788636088371277,0.4720228314399719,299.9462160047623,364.64903140844467,0.5929657151552243,0.00025679397819975666,0.01417502760887146,
135206.39999997616,0,0.41625839471817017,0.4543256163597107,735.2603115891768,354.6408005086711,0.5929657151552243,0.00025679397819975666,0.01417502760887146,
135206.39999997616,1,0.7790428996086121,0.47171661257743835,299.6721217764441,364.45888332158256,0.5929657151552243,0.00025679397819975666,0.01417502760887146,
135262.69999992847,0,0.4162435531616211,0.45216238498687744,735.7407906445006,353.27870160525356,0.85,0.0015784648867806965,0.08196425437927246,
135262.69999992847,1,0.7797762751579285,0.4721960723400116,298.73251946277344,364.80469266675743,0.85,0.0015784648867806965,0.08196425437927246,
135323.79999995232,0,0.41641032695770264,0.451377809047699,735.64961237184,352.7640792906499,0.85,0.0015784648867806965,0.08196425437927246,
135323.79999995232,1,0.7803381085395813,0.4724425673484802,297.75467776037056,365.15577393610545,0.85,0.0015784648867806965,0.08196425437927246,
135380,0,0.4153911769390106,0.4518435001373291,737.205327992765,353.2006752776749,0.4505055137916943,0.0001703747889598383,0.009779512882232666,
135380,1,0.7790122032165527,0.472109317779541,299.72370248134723,364.7332859993307,0.4505055137916943,0.0001703747889598383,0.009779512882232666,
135442.89999997616,0,0.41612863540649414,0.4513534903526306,736.5229016916431,352.95054092743237,0.4505055137916943,0.0001703747889598383,0.009779512882232666,
135442.89999997616,1,0.7784556746482849,0.4716404676437378,300.842809237598,364.114435105869,0.4505055137916943,0.0001703747889598383,0.009779512882232666,
135500.39999997616,0,0.4142315983772278,0.45249107480049133,739.567054428409,354.0003662108082,0.35,0.00009371162950989335,0.004537105560302734,
135500.39999997616,1,0.7797724008560181,0.47155988216400146,298.64806089493936,364.40708320915456,0.35,0.00009371162950989335,0.004537105560302734,
135562.10000002384,0,0.41298067569732666,0.45403674244880676,741.3350577323357,355.17311309676813,0.35,0.00009371162950989335,0.004537105560302734,
135562.10000002384,1,0.7792136669158936,0.47022050619125366,299.5100324339529,363.3432516593755,0.35,0.00009371162950989335,0.004537105560302734,
135618.29999995232,0,0.41397935152053833,0.45510852336883545,739.7187585941326,355.82234194220786,0.35,0.00009371162950989335,0.004537105560302734,
135618.29999995232,1,0.7803918123245239,0.47105690836906433,297.7476158011815,364.11706114997156,0.35,0.00009371162950989335,0.004537105560302734,
135673.69999992847,0,0.41490983963012695,0.4519365429878235,738.3308082211356,353.4650484769981,0.35,0.00009371162950989335,0.004537105560302734,
135673.69999992847,1,0.7786542177200317,0.472152978181839,300.406855723562,364.6104008065874,0.35,0.00009371162950989335,0.004537105560302734,
135731.39999997616,0,0.41212332248687744,0.45303094387054443,742.3562527290134,354.42172470921383,0.35,0.00009371162950989335,0.004537105560302734,
135731.39999997616,1,0.7790494561195374,0.4716169238090515,299.9128704788898,364.2161794613792,0.35,0.00009371162950989335,0.004537105560302734,
135785.89999997616,0,0.4217590093612671,0.43498867750167847,727.4881561836221,340.38957756431546,0.35,0.00009371162950989335,0.004537105560302734,
135785.89999997616,1,0.7789609432220459,0.47231316566467285,299.81881870386894,364.8599858353199,0.35,0.00009371162950989335,0.004537105560302734,
135844.19999992847,0,0.40319862961769104,0.30484655499458313,747.5973147118463,244.66956735360233,0.35,0.00009371162950989335,0.004537105560302734,
135844.19999992847,1,0.780103325843811,0.47016727924346924,298.3214208203731,363.33885239099465,0.35,0.00009371162950989335,0.004537105560302734,
135899.5,0,0.3807503283023834,0.22299186885356903,773.1696675412187,183.3778726516426,0.35,0.00009371162950989335,0.004537105560302734,
135899.5,1,0.7798815965652466,0.47006756067276,298.81471179466894,363.12350392426305,0.35,0.00009371162950989335,0.004537105560302734,
135956.5,0,0.7779422998428345,0.4705389142036438,301.78235561013696,363.1200992821673,0.35,0.00009371162950989335,0.004537105560302734,
136000.10000002384,0,0.7800272703170776,0.4714300334453583,298.45919242485127,364.220538509405,0.35,0.00009371162950989335,0.004537105560302734,
136042.69999992847,0,0.7783483266830444,0.47206994891166687,301.04889701353136,364.3751802112534,0.35,0.00009371162950989335,0.004537105560302734,
136085.69999992847,0,0.7796294689178467,0.4715833067893982,299.04994238666734,364.27511539860654,0.35,0.00009371162950989335,0.004537105560302734,
136131.60000002384,0,0.7774471044540405,0.47229790687561035,302.2186599139469,364.5278337245552,0.35,0.00009371162950989335,0.004537105560302734,
136173.89999997616,0,0.7792739868164062,0.4699026346206665,299.5952266991144,363.0028383655978,0.35,0.00009371162950989335,0.004537105560302734,
136217.29999995232,0,0.7790523767471313,0.47101426124572754,299.80808061341565,363.8520358193606,0.35,0.00009371162950989335,0.004537105560302734,
136260.69999992847,0,0.7777901291847229,0.4730342626571655,301.51251759949764,365.2451829591365,0.35,0.00009371162950989335,0.004537105560302734,
136308.89999997616,0,0.7787330150604248,0.4718317985534668,300.2412039108842,364.42391211664744,0.35,0.00009371162950989335,0.004537105560302734,
136352.19999992847,0,0.779234766960144,0.4706288278102875,299.10061137714274,363.8937788139281,0.35,0.00009371162950989335,0.004537105560302734,
136400.39999997616,0,0.778830885887146,0.470595121383667,300.0442513857272,363.5827309254618,0.35,0.00009371162950989335,0.004537105560302734,
136445.39999997616,0,0.779248833656311,0.4704855680465698,299.4570979518519,363.5394966617917,0.35,0.00009371162950989335,0.004537105560302734,
136489.69999992847,0,0.7778390049934387,0.47360146045684814,301.58453244601844,365.5597907357767,0.35,0.00009371162950989335,0.004537105560302734,
136536.69999992847,0,0.7783161401748657,0.4731706380844116,300.96822188687156,365.25350688851245,0.35,0.00009371162950989335,0.004537105560302734,
136582.60000002384,0,0.7787804007530212,0.4716857075691223,300.2440855397433,364.2748359878166,0.35,0.00009371162950989335,0.004537105560302734,
136630.29999995232,0,0.7794889211654663,0.47134190797805786,299.19918925922957,364.1223182740682,0.35,0.00009371162950989335,0.004537105560302734,
136674,0,0.7780734300613403,0.472787082195282,301.3896192080206,364.89940314379476,0.35,0.00009371162950989335,0.004537105560302734,
136721.5,0,0.7785311937332153,0.47381043434143066,300.7434088613196,365.67873640841316,0.35,0.00009371162950989335,0.004537105560302734,
136764.89999997616,0,0.778718113899231,0.4710270166397095,300.31965004581275,363.8034615179444,0.35,0.00009371162950989335,0.004537105560302734,
136807.89999997616,0,0.7789609432220459,0.47224515676498413,300.12023403104945,364.6030051408873,0.35,0.00009371162950989335,0.004537105560302734,
136851.19999992847,0,0.7763529419898987,0.47641903162002563,303.7781709007709,367.3815492065869,0.35,0.00009371162950989335,0.004537105560302734,
136896.79999995232,0,0.7790960073471069,0.47263139486312866,299.7896362451738,364.9906175424623,0.35,0.00009371162950989335,0.004537105560302734,
136939,0,0.7796751856803894,0.47218066453933716,299.16295116940614,364.5866158949174,0.35,0.00009371162950989335,0.004537105560302734,
136980.10000002384,0,0.7783358097076416,0.47164636850357056,301.0788434791875,364.06033793856034,0.35,0.00009371162950989335,0.004537105560302734,
137024.29999995232,0,0.7779668569564819,0.4696184992790222,301.4917206867773,362.64225625544594,0.35,0.00009371162950989335,0.004537105560302734,
137071.39999997616,0,0.77942955493927,0.4722549319267273,299.50542916756206,364.6205113981783,0.35,0.00009371162950989335,0.004537105560302734,
137114.79999995232,0,0.7781533002853394,0.4708285331726074,301.39796775707305,363.41065752869366,0.35,0.00009371162950989335,0.004537105560302734,
137158.69999992847,0,0.7794092893600464,0.47107329964637756,299.52998063688904,363.77070562304095,0.35,0.00009371162950989335,0.004537105560302734,
137201.89999997616,0,0.7779444456100464,0.4706500768661499,301.47260383965215,363.4186332806963,0.35,0.00009371162950989335,0.004537105560302734,
137244.69999992847,0,0.7791200876235962,0.4710666239261627,299.6814324702127,363.9171726610793,0.35,0.00009371162950989335,0.004537105560302734,
137288.39999997616,0,0.7790265679359436,0.47076016664505005,300.06648132083376,363.51263666137464,0.35,0.00009371162950989335,0.004537105560302734,
137333,0,0.7792328000068665,0.4718526303768158,299.629867467253,364.41933006455315,0.35,0.00009371162950989335,0.004537105560302734,
137375.39999997616,0,0.7782530188560486,0.47221308946609497,301.1283907373527,364.50827545335585,0.35,0.00009371162950989335,0.004537105560302734,
137418.10000002384,0,0.778270959854126,0.47295042872428894,300.88110775570556,365.19586210044037,0.35,0.00009371162950989335,0.004537105560302734,
137464.10000002384,0,0.7780333757400513,0.47508704662323,301.45713322870324,366.5438797717731,0.35,0.00009371162950989335,0.004537105560302734,
137507.5,0,0.7781896591186523,0.4729095697402954,300.91233323451274,365.21667577034026,0.35,0.00009371162950989335,0.004537105560302734,
137550.69999992847,0,0.778806746006012,0.4741411805152893,300.02795739004614,366.16813783559985,0.35,0.00009371162950989335,0.004537105560302734,
137595,0,0.7786625623703003,0.473710298538208,300.3936117592899,365.7334467436182,0.35,0.00009371162950989335,0.004537105560302734,
137639.5,0,0.7793201208114624,0.4724093973636627,299.370660143127,364.92137499057293,0.35,0.00009371162950989335,0.004537105560302734,
137681.89999997616,0,0.7790756225585938,0.473602294921875,299.87775767835024,365.6467698874306,0.35,0.00009371162950989335,0.004537105560302734,
137725.29999995232,0,0.7787466049194336,0.4722341299057007,300.1257077405222,364.78088684352804,0.35,0.00009371162950989335,0.004537105560302734,
137769.29999995232,0,0.7786079049110413,0.47274506092071533,300.5834734034578,364.9549963700219,0.35,0.00009371162950989335,0.004537105560302734,
137813.29999995232,0,0.7795714735984802,0.4722892642021179,298.9158411763816,364.9251014636509,0.35,0.00009371162950989335,0.004537105560302734,
137857.5,0,0.778551459312439,0.47317126393318176,300.74267550709897,365.2007786241419,0.35,0.00009371162950989335,0.004537105560302734,
137900.89999997616,0,0.7784237265586853,0.4742856025695801,300.61830921386354,366.2035809014474,0.35,0.00009371162950989335,0.004537105560302734,
137944.19999992847,0,0.7782970666885376,0.471504807472229,300.9753227803383,364.0662284391728,0.35,0.00009371162950989335,0.004537105560302734,
137990.89999997616,0,0.7798646688461304,0.4704366624355316,298.630635415499,363.53027244126406,0.35,0.00009371162950989335,0.004537105560302734,
138035,0,0.7780252695083618,0.4738829433917999,301.37976391068196,365.73883923823405,0.35,0.00009371162950989335,0.004537105560302734,
138078.60000002384,0,0.7790462970733643,0.47219449281692505,299.7068059326374,364.7764210314953,0.35,0.00009371162950989335,0.004537105560302734,
138120.79999995232,0,0.778099775314331,0.47022533416748047,301.38397441559925,363.0350615367188,0.35,0.00009371162950989335,0.004537105560302734,
138164.69999992847,0,0.7794005870819092,0.47045794129371643,299.15119543398134,363.5953391091414,0.35,0.00009371162950989335,0.004537105560302734,
138207.89999997616,0,0.7771938443183899,0.472340852022171,302.47133785290987,364.6092857270085,0.35,0.00009371162950989335,0.004537105560302734,
138253,0,0.7808125019073486,0.47145065665245056,297.30390439455743,364.3370737761734,0.35,0.00009371162950989335,0.004537105560302734,
138295.89999997616,0,0.7788015604019165,0.47132018208503723,300.4529404021546,363.8465388651108,0.35,0.00009371162950989335,0.004537105560302734,
138339,0,0.7785032391548157,0.4724169969558716,300.51271107253785,364.8608131583055,0.35,0.00009371162950989335,0.004537105560302734,
138382.29999995232,0,0.779288649559021,0.4710533618927002,299.57116021867466,363.83502583087153,0.35,0.00009371162950989335,0.004537105560302734,
138429.5,0,0.7789314985275269,0.47118979692459106,299.8529574388243,364.0535783825887,0.35,0.00009371162950989335,0.004537105560302734,
138472,0,0.7798539400100708,0.46999382972717285,298.7407224535076,363.14570547845193,0.35,0.00009371162950989335,0.004537105560302734,
138515.29999995232,0,0.7801679968833923,0.4702915847301483,298.16914081947607,363.47540718134815,0.35,0.00009371162950989335,0.004537105560302734,
138559.39999997616,0,0.7782036066055298,0.4729422926902771,301.3345219985857,364.9318885756484,0.35,0.00009371162950989335,0.004537105560302734,
138605.5,0,0.7781340479850769,0.47254446148872375,301.15124188197626,364.837651793631,0.35,0.00009371162950989335,0.004537105560302734,
138647.89999997616,0,0.7795771956443787,0.4700315594673157,299.0065851202272,363.2331728952067,0.35,0.00009371162950989335,0.004537105560302734,
138691,0,0.779672384262085,0.47107380628585815,298.78611558186356,364.0503491655027,0.35,0.00009371162950989335,0.004537105560302734,
138733.89999997616,0,0.7784508466720581,0.4735262393951416,300.64116169011913,365.61714722253083,0.35,0.00009371162950989335,0.004537105560302734,
138777.39999997616,0,0.7787273526191711,0.4722690284252167,300.23770241551097,364.746119529383,0.35,0.00009371162950989335,0.004537105560302734,
138823.39999997616,0,0.7779209017753601,0.47244375944137573,301.3410356148213,364.8228556662287,0.35,0.00009371162950989335,0.004537105560302734,
138867.29999995232,0,0.7786978483200073,0.4723566770553589,300.3281857571976,364.77285966666994,0.35,0.00009371162950989335,0.004537105560302734,
138911.29999995232,0,0.7791181206703186,0.47100770473480225,299.7342648394732,363.8402060974093,0.35,0.00009371162950989335,0.004537105560302734,
138954.5,0,0.7787957787513733,0.4720116853713989,300.28463068045437,364.46770979149267,0.35,0.00009371162950989335,0.004537105560302734,
138998.60000002384,0,0.7785259485244751,0.4721052050590515,300.57590330196547,364.5726344296738,0.35,0.00009371162950989335,0.004537105560302734,
139042.69999992847,0,0.7789134979248047,0.4723871350288391,299.92293467044567,364.8836356923171,0.35,0.00009371162950989335,0.004537105560302734,
139085.69999992847,0,0.7790408134460449,0.4701117277145386,299.5510049772672,363.3869297950815,0.35,0.00009371162950989335,0.004537105560302734,
139129.19999992847,0,0.7791341543197632,0.47094371914863586,299.5984771298188,363.8730520428039,0.35,0.00009371162950989335,0.004537105560302734,
139174.39999997616,0,0.7783561944961548,0.4720429480075836,300.9623391839698,364.4097118762784,0.35,0.00009371162950989335,0.004537105560302734,
139217.5,0,0.7777107954025269,0.4720733165740967,301.91547206905864,364.3417487539637,0.35,0.00009371162950989335,0.004537105560302734,
139261.19999992847,0,0.7788966298103333,0.4712820053100586,299.9351434613136,364.09435460208186,0.35,0.00009371162950989335,0.004537105560302734,
139305.39999997616,0,0.7781155109405518,0.47152432799339294,300.92099850467366,364.2783697895125,0.35,0.00009371162950989335,0.004537105560302734,
139348.89999997616,0,0.7789188623428345,0.471939355134964,299.9239802268885,364.55582272726696,0.35,0.00009371162950989335,0.004537105560302734,
139393.29999995232,0,0.7770434021949768,0.47186046838760376,302.7096897091574,364.23108480892614,0.35,0.00009371162950989335,0.004537105560302734,
139437.10000002384,0,0.7782827019691467,0.47237926721572876,301.11118751454296,364.6132445781526,0.35,0.00009371162950989335,0.004537105560302734,
139481.69999992847,0,0.7774940729141235,0.4730963706970215,302.2564973240402,365.0329832963338,0.35,0.00009371162950989335,0.004537105560302734,
139526.5,0,0.7783882021903992,0.4743157625198364,300.77277541672004,366.14997566143006,0.35,0.00009371162950989335,0.004537105560302734,
139570.19999992847,0,0.7790398001670837,0.4723855257034302,299.7837038669213,364.86712210744577,0.35,0.00009371162950989335,0.004537105560302734,
139613.5,0,0.7775669097900391,0.4730372428894043,302.1510960146761,364.999108486955,0.35,0.00009371162950989335,0.004537105560302734,
139657.60000002384,0,0.7785950303077698,0.47354960441589355,300.4305073426681,365.6519901613317,0.35,0.00009371162950989335,0.004537105560302734,
139701,0,0.7775917649269104,0.4724832773208618,302.1235008102518,364.5972389963952,0.35,0.00009371162950989335,0.004537105560302734,
139745.19999992847,0,0.7786093950271606,0.47360706329345703,300.2442424511911,365.8083020252435,0.35,0.00009371162950989335,0.004537105560302734,
139787.60000002384,0,0.7787032127380371,0.4760872721672058,300.12340413983884,367.5945632909307,0.35,0.00009371162950989335,0.004537105560302734,
139831.60000002384,0,0.7776432037353516,0.4761020243167877,301.5006144041738,367.59130838293953,0.35,0.00009371162950989335,0.004537105560302734,
139874.39999997616,0,0.7795745134353638,0.4709243178367615,299.10084838663033,363.81397170277603,0.35,0.00009371162950989335,0.004537105560302734,
139920,0,0.7784078121185303,0.4731561541557312,301.12479438594744,365.0488958543772,0.35,0.00009371162950989335,0.004537105560302734,
139963.29999995232,0,0.7790224552154541,0.4724798798561096,299.966801650463,364.8240634215947,0.35,0.00009371162950989335,0.004537105560302734,
140006.89999997616,0,0.7784519195556641,0.47277891635894775,300.79029939356303,364.974356404485,0.35,0.00009371162950989335,0.004537105560302734,
140050,0,0.7787824869155884,0.4725785255432129,300.1513636944687,364.9798018099278,0.35,0.00009371162950989335,0.004537105560302734,
140095.89999997616,0,0.7783966660499573,0.47269317507743835,300.9144794079765,364.8751011871278,0.35,0.00009371162950989335,0.004537105560302734,
140138.39999997616,0,0.7788867354393005,0.4725252389907837,300.04166139777794,364.92510445767107,0.35,0.00009371162950989335,0.004537105560302734,
140181,0,0.7785376906394958,0.4725129306316376,300.84663355198325,364.6656717917345,0.35,0.00009371162950989335,0.004537105560302734,
140224.60000002384,0,0.7792630195617676,0.4737127721309662,299.21441209482873,366.01463108137267,0.35,0.00009371162950989335,0.004537105560302734,
140268.19999992847,0,0.7785167098045349,0.4711555540561676,300.6280303556674,363.86090486367846,0.35,0.00009371162950989335,0.004537105560302734,
140312.79999995232,0,0.778829038143158,0.4721813201904297,300.0124510792292,364.74815053781003,0.35,0.00009371162950989335,0.004537105560302734,
140356.79999995232,0,0.7787207365036011,0.47363948822021484,300.63082611347977,365.46364571927285,0.35,0.00009371162950989335,0.004537105560302734,
140399.79999995232,0,0.7794479727745056,0.47384950518608093,299.03652783361076,366.0736384797441,0.35,0.00009371162950989335,0.004537105560302734,
140444.69999992847,0,0.7780867218971252,0.4727925658226013,301.35847903149534,364.9133369630518,0.35,0.00009371162950989335,0.004537105560302734,
140487.29999995232,0,0.7778549790382385,0.4745497703552246,301.59108326554644,366.2236295132646,0.35,0.00009371162950989335,0.004537105560302734,
140531.5,0,0.7791528701782227,0.47218412160873413,299.87097459906977,364.5615715202225,0.35,0.00009371162950989335,0.004537105560302734,
140574.69999992847,0,0.7791762948036194,0.47234636545181274,299.7196703118399,364.7627410613605,0.35,0.00009371162950989335,0.004537105560302734,
140618,0,0.7795189023017883,0.472014844417572,299.081368501454,364.6610239233624,0.35,0.00009371162950989335,0.004537105560302734,
140662.29999995232,0,0.7796412706375122,0.47174179553985596,299.01681638201114,364.40158459563565,0.35,0.00009371162950989335,0.004537105560302734,
140704.89999997616,0,0.778943657875061,0.4715167284011841,300.0639003771105,364.1332071880143,0.35,0.00009371162950989335,0.004537105560302734,
140748.10000002384,0,0.779284656047821,0.4706638753414154,299.44725501211326,363.64329706493635,0.35,0.00009371162950989335,0.004537105560302734,
140793.79999995232,0,0.7786060571670532,0.4727858901023865,300.6529479315341,364.9372893049394,0.3504604648643509,0.00012082883675583159,0.004357695579528809,
140842.29999995232,0,0.7793086171150208,0.47218507528305054,299.31849860032287,364.80533663732416,0.3504604648643509,0.00012082883675583159,0.004357695579528809,
140885.29999995232,0,0.7791194915771484,0.4725304841995239,299.61119350511876,365.0196445746933,0.3504604648643509,0.00012082883675583159,0.004357695579528809,
140928.5,0,0.7789406180381775,0.47195473313331604,299.88097539538694,364.57725867319823,0.3504604648643509,0.00012082883675583159,0.004357695579528809,
140974.19999992847,0,0.7783538103103638,0.4736928343772888,301.1286686960883,365.48198016257874,0.3504604648643509,0.00012082883675583159,0.004357695579528809,
141016.60000002384,0,0.7789647579193115,0.4727039337158203,299.8131963396942,365.14184256305134,0.3504604648643509,0.00012082883675583159,0.004357695579528809,
141059.60000002384,0,0.7785186767578125,0.4730200171470642,300.72217982061386,365.1358039735568,0.3504604648643509,0.00012082883675583159,0.004357695579528809,
141102.79999995232,0,0.778380274772644,0.47209033370018005,300.63099392929826,364.65246160186314,0.3504604648643509,0.00012082883675583159,0.004357695579528809,
141147.5,0,0.7791086435317993,0.4706808924674988,299.79665748810135,363.57024205081984,0.3504604648643509,0.00012082883675583159,0.004357695579528809,
141190.39999997616,0,0.778641939163208,0.4712081849575043,300.15378932035287,364.1142068032943,0.3504604648643509,0.00012082883675583159,0.004357695579528809,
141234.19999992847,0,0.7787342071533203,0.4717363715171814,300.2969816846846,364.31562959788243,0.3504604648643509,0.00012082883675583159,0.004357695579528809,
141276.79999995232,0,0.7777573466300964,0.4730270504951477,301.53896000194345,365.2507341476735,0.3504604648643509,0.00012082883675583159,0.004357695579528809,
141323,0,0.7786848545074463,0.47120046615600586,300.2339238655545,364.01669458822056,0.3504604648643509,0.00012082883675583159,0.004357695579528809,
141366.10000002384,0,0.778893232345581,0.4711652994155884,299.9606259302841,363.99587536762493,0.3504604648643509,0.00012082883675583159,0.004357695579528809,
141408.5,0,0.7787256836891174,0.47173643112182617,300.27823009964686,364.336181950236,0.3504604648643509,0.00012082883675583159,0.004357695579528809,
141450.39999997616,0,0.7788009643554688,0.47268539667129517,299.9679480066403,365.1658026701395,0.3504604648643509,0.00012082883675583159,0.004357695579528809,
141495.60000002384,0,0.7793607711791992,0.4723547101020813,299.2062441664277,364.9582552654579,0.3504604648643509,0.00012082883675583159,0.004357695579528809,
141539,0,0.7790857553482056,0.47153225541114807,299.63332835462336,364.3152375237982,0.3504604648643509,0.00012082883675583159,0.004357695579528809,
141582.5,0,0.7787635326385498,0.4715418219566345,300.1199397699286,364.2715570670668,0.3504604648643509,0.00012082883675583159,0.004357695579528809,
141626,0,0.7790142297744751,0.473102331161499,299.8543919927416,365.35717612151655,0.3504604648643509,0.00012082883675583159,0.004357695579528809,
141669.5,0,0.7779601216316223,0.4727399945259094,301.2725020797411,365.04883015701273,0.3504604648643509,0.00012082883675583159,0.004357695579528809,
141713.10000002384,0,0.7788372039794922,0.4718208909034729,299.874740657086,364.57503266611326,0.3504604648643509,0.00012082883675583159,0.004357695579528809,
141757.29999995232,0,0.7797777652740479,0.471045583486557,298.5510621622818,364.0972460876436,0.3504604648643509,0.00012082883675583159,0.004357695579528809,
141801,0,0.7795003652572632,0.4711328148841858,299.00552066564853,364.0933605331604,0.3504604648643509,0.00012082883675583159,0.004357695579528809,
141844.60000002384,0,0.7790287137031555,0.4697839319705963,299.9662235170581,362.87781602175016,0.3504604648643509,0.00012082883675583159,0.004357695579528809,
141886.79999995232,0,0.7813247442245483,0.4696037769317627,296.84170111879644,362.8760879164254,0.3504604648643509,0.00012082883675583159,0.004357695579528809,
141933.29999995232,0,0.7800244688987732,0.4688948690891266,298.82032346699145,362.1477527538591,0.3504604648643509,0.00012082883675583159,0.004357695579528809,
141976,0,0.7835941314697266,0.46750569343566895,294.3362019255177,361.0875461853109,0.3504604648643509,0.00012082883675583159,0.004357695579528809,
142022.69999992847,0,0.7826229929924011,0.4704385995864868,296.08865583542047,362.830459097491,0.3504604648643509,0.00012082883675583159,0.004357695579528809,
142067,0,0.7840268611907959,0.47093066573143005,293.3192681814804,363.8749159237838,0.3504604648643509,0.00012082883675583159,0.004357695579528809,
142109.60000002384,0,0.7836650013923645,0.46969905495643616,294.1852544915521,362.70930698240016,0.3504604648643509,0.00012082883675583159,0.004357695579528809,
142152.10000002384,0,0.7837362289428711,0.4712143540382385,294.14275525887706,363.76596468566675,0.3504604648643509,0.00012082883675583159,0.004357695579528809,
142197.69999992847,0,0.7840737104415894,0.4700462222099304,293.7189986602,362.9190931536563,0.3504604648643509,0.00012082883675583159,0.004357695579528809,
142240.79999995232,0,0.781882107257843,0.47432926297187805,296.87601587679944,365.7500380451361,0.3504604648643509,0.00012082883675583159,0.004357695579528809,
142283.39999997616,0,0.7837573289871216,0.47050777077674866,293.747910851253,363.51332716972104,0.3504604648643509,0.00012082883675583159,0.004357695579528809,
142326.29999995232,0,0.7825873494148254,0.4742576479911804,295.5935802313219,365.9710888582495,0.3504604648643509,0.00012082883675583159,0.004357695579528809,
142370,0,0.7841702699661255,0.4725278317928314,293.10683502544555,365.0444898845942,0.3504604648643509,0.00012082883675583159,0.004357695579528809,
142415.69999992847,0,0.7820967435836792,0.4719039797782898,296.6229038379588,363.9880393775551,0.3504604648643509,0.00012082883675583159,0.004357695579528809,
142458.39999997616,0,0.7841678857803345,0.47209596633911133,293.16351866689047,364.69706978662606,0.3504604648643509,0.00012082883675583159,0.004357695579528809,
142501.60000002384,0,0.7822302579879761,0.4742753803730011,296.0732133171333,365.9679119347752,0.3504604648643509,0.00012082883675583159,0.004357695579528809,
142546.89999997616,0,0.7822438478469849,0.4725988805294037,295.7231347297052,364.9928674362869,0.3504604648643509,0.00012082883675583159,0.004357695579528809,
142590,0,0.7846345901489258,0.47166427969932556,292.2769033934052,364.58097899846626,0.3504604648643509,0.00012082883675583159,0.004357695579528809,
142633.5,0,0.7831300497055054,0.47286808490753174,294.5248619675883,365.2305256456249,0.3504604648643509,0.00012082883675583159,0.004357695579528809,
142676.10000002384,0,0.7832544445991516,0.471616268157959,294.1094810291172,364.5024119492015,0.3504604648643509,0.00012082883675583159,0.004357695579528809,
142719.89999997616,0,0.7840117812156677,0.4713292121887207,293.1729359789973,364.27373808605284,0.3504604648643509,0.00012082883675583159,0.004357695579528809,
142763,0,0.7835812568664551,0.47159305214881897,293.7251887671455,364.4629104749878,0.3504604648643509,0.00012082883675583159,0.004357695579528809,
142806.19999992847,0,0.782464861869812,0.47324687242507935,295.3227675650521,365.5397678040463,0.3504604648643509,0.00012082883675583159,0.004357695579528809,
142848.29999995232,0,0.7828989624977112,0.4724839925765991,294.712102640334,365.027843678923,0.3504604648643509,0.00012082883675583159,0.004357695579528809,
142893.79999995232,0,0.7834814190864563,0.4727649390697479,293.88061350535156,365.28811590375454,0.3504604648643509,0.00012082883675583159,0.004357695579528809,
142937.39999997616,0,0.7831817865371704,0.47281691431999207,294.49348516433474,365.1698235664554,0.3504604648643509,0.00012082883675583159,0.004357695579528809,
142979.5,0,0.7829445600509644,0.4733997881412506,294.6738574252091,365.6735783053422,0.3504604648643509,0.00012082883675583159,0.004357695579528809,
143023.5,0,0.7823601961135864,0.47323697805404663,295.36965718056683,365.59168045045675,0.3504604648643509,0.00012082883675583159,0.004357695579528809,
143069.19999992847,0,0.783457338809967,0.47260260581970215,293.7596883218389,365.2725772584376,0.3504604648643509,0.00012082883675583159,0.004357695579528809,
143111.5,0,0.781801164150238,0.47440260648727417,296.28738871252244,366.2931869112713,0.3504604648643509,0.00012082883675583159,0.004357695579528809,
143153.5,0,0.7831284999847412,0.47213461995124817,294.2111538645844,364.9153312764843,0.3504604648643509,0.00012082883675583159,0.004357695579528809,
143196.69999992847,0,0.7835166454315186,0.47211623191833496,293.44246545113754,365.080815787431,0.3504604648643509,0.00012082883675583159,0.004357695579528809,
143241.5,0,0.7839042544364929,0.47062963247299194,293.08448603053546,363.92016460029674,0.3504604648643509,0.00012082883675583159,0.004357695579528809,
143284.19999992847,0,0.7832471132278442,0.47114837169647217,294.05653858028313,364.20708843771916,0.3504604648643509,0.00012082883675583159,0.004357695579528809,
143326.69999992847,0,0.7835372090339661,0.4704126715660095,293.48757248556103,363.8077031176135,0.3504604648643509,0.00012082883675583159,0.004357695579528809,
143369.89999997616,0,0.7841225862503052,0.47071710228919983,292.6457306538729,364.08715767486854,0.3504604648643509,0.00012082883675583159,0.004357695579528809,
143415.60000002384,0,0.7835819721221924,0.4714069366455078,293.6215689471219,364.39747719887237,0.3504604648643509,0.00012082883675583159,0.004357695579528809,
143459.5,0,0.7850213646888733,0.4699065387248993,291.1889306723583,363.6995929069384,0.3504604648643509,0.00012082883675583159,0.004357695579528809,
143503.10000002384,0,0.7835648655891418,0.4709683358669281,293.60683375873555,364.10599393451326,0.3504604648643509,0.00012082883675583159,0.004357695579528809,
143548.10000002384,0,0.7838110327720642,0.47075533866882324,292.88054874233467,364.22026292166555,0.3504604648643509,0.00012082883675583159,0.004357695579528809,
143591.60000002384,0,0.7840338349342346,0.47102734446525574,292.7898828660552,364.2906944577982,0.3504604648643509,0.00012082883675583159,0.004357695579528809,
143634.69999992847,0,0.7840127944946289,0.46997755765914917,292.81109547071026,363.5385656305849,0.3504604648643509,0.00012082883675583159,0.004357695579528809,
143676.60000002384,0,0.783343493938446,0.4736378788948059,293.8962864125133,366.0240242469366,0.3504604648643509,0.00012082883675583159,0.004357695579528809,
143721.29999995232,0,0.7842811346054077,0.47166377305984497,292.44897033898053,364.7647509568675,0.3504604648643509,0.00012082883675583159,0.004357695579528809,
143764.5,0,0.7830778360366821,0.4738690257072449,294.3701126075316,366.10124581902545,0.3504604648643509,0.00012082883675583159,0.004357695579528809,
143807.19999992847,0,0.782435953617096,0.4725261330604553,295.12095123746985,365.18168052690135,0.3504604648643509,0.00012082883675583159,0.004357695579528809,
143849.89999997616,0,0.7827263474464417,0.47335582971572876,294.86116898102046,365.70409726320577,0.3504604648643509,0.00012082883675583159,0.004357695579528809,
143895.29999995232,0,0.7826516032218933,0.47257471084594727,294.7826175070643,365.25807192153025,0.3504604648643509,0.00012082883675583159,0.004357695579528809,
143938.29999995232,0,0.7832436561584473,0.47236567735671997,293.98647343002654,365.1329275204496,0.3504604648643509,0.00012082883675583159,0.004357695579528809,
143981.10000002384,0,0.7839829325675964,0.4704674482345581,292.85833815304204,363.885423035111,0.3504604648643509,0.00012082883675583159,0.004357695579528809,
144024,0,0.7841277718544006,0.47111135721206665,292.83934998385166,364.2400223017647,0.3504604648643509,0.00012082883675583159,0.004357695579528809,
144068.69999992847,0,0.7847303748130798,0.4699225425720215,291.7702545969005,363.5780376392374,0.3504604648643509,0.00012082883675583159,0.004357695579528809,
144111,0,0.7844348549842834,0.47219398617744446,291.9681412244919,365.3285520269694,0.3504604648643509,0.00012082883675583159,0.004357695579528809,
144153.89999997616,0,0.784096360206604,0.4709046185016632,292.7754747028564,364.1595408850154,0.3504604648643509,0.00012082883675583159,0.004357695579528809,
144197.10000002384,0,0.784909188747406,0.47042256593704224,291.572469731596,363.9180322560472,0.3504604648643509,0.00012082883675583159,0.004357695579528809,
144242.79999995232,0,0.7840731739997864,0.47124621272087097,292.81206581618085,364.40096695226555,0.3504604648643509,0.00012082883675583159,0.004357695579528809,
144285.69999992847,0,0.7843307256698608,0.471382200717926,292.41620474544345,364.54206623804106,0.3504604648643509,0.00012082883675583159,0.004357695579528809,
144329.19999992847,0,0.7852728366851807,0.47027862071990967,291.01346462950823,363.8744525176271,0.3504604648643509,0.00012082883675583159,0.004357695579528809,
144371.60000002384,0,0.7843407988548279,0.4706261157989502,292.5372246757224,363.91005713776013,0.3504604648643509,0.00012082883675583159,0.004357695579528809,
144416.19999992847,0,0.7835625410079956,0.4706612229347229,293.50298323568006,363.9553240160902,0.3504604648643509,0.00012082883675583159,0.004357695579528809,
144460.10000002384,0,0.785376787185669,0.46971145272254944,290.8654804441521,363.4756315576581,0.3504604648643509,0.00012082883675583159,0.004357695579528809,
144504.19999992847,0,0.7841413617134094,0.4707878828048706,292.67907314790057,364.10082035992224,0.3504604648643509,0.00012082883675583159,0.004357695579528809,
144546.39999997616,0,0.7837809324264526,0.47135642170906067,293.20442688985224,364.4683392598987,0.3504604648643509,0.00012082883675583159,0.004357695579528809,
144591.79999995232,0,0.7839531898498535,0.47148141264915466,292.9618980600287,364.57276252654054,0.3504604648643509,0.00012082883675583159,0.004357695579528809,
144635,0,0.783547580242157,0.472362220287323,293.5729116517166,365.1466352914006,0.3504604648643509,0.00012082883675583159,0.004357695579528809,
144677.69999992847,0,0.7830643057823181,0.47192132472991943,294.14884839284605,364.85726245643826,0.3504604648643509,0.00012082883675583159,0.004357695579528809,
144720.5,0,0.7830852270126343,0.47162264585494995,294.147079411541,364.62576649386386,0.3504604648643509,0.00012082883675583159,0.004357695579528809,
144765.89999997616,0,0.7832789421081543,0.4723436236381531,293.84668565776417,365.1793139393358,0.3504604648643509,0.00012082883675583159,0.004357695579528809,
144808.5,0,0.7829063534736633,0.47249728441238403,294.5251157858863,365.1567248559844,0.3504604648643509,0.00012082883675583159,0.004357695579528809,
144850.29999995232,0,0.7830713391304016,0.47235003113746643,294.08041957578064,365.20486770151547,0.3504604648643509,0.00012082883675583159,0.004357695579528809,
144893.39999997616,0,0.7832188606262207,0.4718990921974182,293.9623056641526,364.8338366058026,0.3504604648643509,0.00012082883675583159,0.004357695579528809,
144938.10000002384,0,0.7819908261299133,0.4714493453502655,295.6402793539412,364.43993733078753,0.3504604648643509,0.00012082883675583159,0.004357695579528809,
144980.5,0,0.7840678095817566,0.4703066945075989,292.7526824347797,363.76773748445277,0.3504604648643509,0.00012082883675583159,0.004357695579528809,
145023,0,0.7836780548095703,0.4726361632347107,293.3158466416919,365.40302134978026,0.3504604648643509,0.00012082883675583159,0.004357695579528809,
145066.19999992847,0,0.7833847999572754,0.472248375415802,293.595609275416,365.1860989712141,0.3504604648643509,0.00012082883675583159,0.004357695579528809,
145124,0,0.7844555974006653,0.4720930755138397,292.04136921644886,365.1924652359711,0.3504604648643509,0.00012082883675583159,0.004357695579528809,
145124,1,0.384930819272995,0.5990810394287109,775.397944615698,458.88128708359557,0.3504604648643509,0.00012082883675583159,0.004357695579528809,
145177.60000002384,0,0.782278299331665,0.4735065698623657,295.22845339034836,365.95019090318203,0.3504604648643509,0.00012082883675583159,0.004357695579528809,
145177.60000002384,1,0.400806725025177,0.7260497808456421,752.3824883160685,548.9718790083193,0.3504604648643509,0.00012082883675583159,0.004357695579528809,
145234.29999995232,0,0.7848161458969116,0.4702149033546448,291.58561910225023,363.8365077847004,0.3504604648643509,0.00012082883675583159,0.004357695579528809,
145234.29999995232,1,0.41011714935302734,0.8204813003540039,741.5293156952174,617.5269353472917,0.3504604648643509,0.00012082883675583159,0.004357695579528809,
145289.39999997616,0,0.7833622694015503,0.4719320833683014,293.8066438463385,364.83922144084727,0.3504604648643509,0.00012082883675583159,0.004357695579528809,
145289.39999997616,1,0.4225919842720032,0.9814141988754272,724.7927097090703,732.9964101771958,0.3504604648643509,0.00012082883675583159,0.004357695579528809,
145346.10000002384,0,0.784912109375,0.46885961294174194,291.2988436970779,362.9646814051364,0.3504604648643509,0.00012082883675583159,0.004357695579528809,
145346.10000002384,1,0.44294819235801697,1.0592925548553467,697.6559951076545,788.4540496710789,0.3504604648643509,0.00012082883675583159,0.004357695579528809,
145400.19999992847,0,0.7838273644447327,0.4713907837867737,292.9474307231236,364.6214481496181,0.3504604648643509,0.00012082883675583159,0.004357695579528809,
145400.19999992847,1,0.4574785828590393,1.1005538702011108,679.9352939518473,818.6662275742668,0.3504604648643509,0.00012082883675583159,0.004357695579528809,
145457,0,0.7846960425376892,0.47005021572113037,291.40897872579365,363.92596401143373,0.3504604648643509,0.00012082883675583159,0.004357695579528809,
145457,1,0.459913432598114,1.1130560636520386,677.1186617331762,827.8310872218289,0.3504604648643509,0.00012082883675583159,0.004357695579528809,
145511.60000002384,0,0.7848811745643616,0.4694083333015442,291.0433354170516,363.54322020488127,0.3504604648643509,0.00012082883675583159,0.004357695579528809,
145511.60000002384,1,0.4670696556568146,1.053499460220337,666.160470059342,783.9028350482894,0.3504604648643509,0.00012082883675583159,0.004357695579528809,
145567.89999997616,0,0.7851113677024841,0.47048765420913696,290.87242059518894,364.2439861964655,0.3504604648643509,0.00012082883675583159,0.004357695579528809,
145567.89999997616,1,0.46814918518066406,1.0199508666992188,664.8403655516702,759.7866073399023,0.3504604648643509,0.00012082883675583159,0.004357695579528809,
145621.60000002384,0,0.7845427989959717,0.4711601734161377,291.79957023985685,364.6034248957328,0.3504604648643509,0.00012082883675583159,0.004357695579528809,
145621.60000002384,1,0.45822423696517944,0.9675247073173523,677.5936205854272,722.0706093455815,0.3504604648643509,0.00012082883675583159,0.004357695579528809,
145677.69999992847,0,0.7842081785202026,0.4712272882461548,292.3592129737557,364.5683656404418,0.3504604648643509,0.00012082883675583159,0.004357695579528809,
145677.69999992847,1,0.4622001051902771,0.9066352248191833,671.9351850448628,677.8660229741308,0.3504604648643509,0.00012082883675583159,0.004357695579528809,
145732.60000002384,0,0.7849167585372925,0.4713136553764343,291.0397194258654,364.88927233281487,0.3504604648643509,0.00012082883675583159,0.004357695579528809,
145732.60000002384,1,0.4653468132019043,0.8708716034889221,667.494034472832,651.84028211176,0.3504604648643509,0.00012082883675583159,0.004357695579528809,
145788,0,0.7841484546661377,0.47148996591567993,292.60626763196217,364.6477370985497,0.3504604648643509,0.00012082883675583159,0.004357695579528809,
145788,1,0.4670867323875427,0.8261455297470093,666.1006531254616,620.1840530172552,0.3504604648643509,0.00012082883675583159,0.004357695579528809,
145841.89999997616,0,0.7842574715614319,0.47068196535110474,292.330600508355,364.1536809744859,0.3504604648643509,0.00012082883675583159,0.004357695579528809,
145841.89999997616,1,0.4612070322036743,0.8216477036476135,675.1548703791913,617.8493677087934,0.3504604648643509,0.00012082883675583159,0.004357695579528809,
145898.60000002384,0,0.7851077318191528,0.47022518515586853,291.0745776904681,363.93141913152647,0.3504604648643509,0.00012082883675583159,0.004357695579528809,
145898.60000002384,1,0.46231937408447266,0.8532103300094604,673.3182193493208,640.3422457610001,0.3504604648643509,0.00012082883675583159,0.004357695579528809,
145953.29999995232,0,0.7847334742546082,0.47091221809387207,291.47925421461764,364.47287320408566,0.3504604648643509,0.00012082883675583159,0.004357695579528809,
145953.29999995232,1,0.4482288360595703,0.9490923285484314,691.9587742124527,709.7144894454009,0.3504604648643509,0.00012082883675583159,0.004357695579528809,
146009.5,0,0.7833559513092041,0.47060513496398926,293.08427355434594,364.3503014775953,0.3504604648643509,0.00012082883675583159,0.004357695579528809,
146009.5,1,0.42940741777420044,1.0707626342773438,715.0876699242028,796.7715982719463,0.3504604648643509,0.00012082883675583159,0.004357695579528809,
146063.89999997616,0,0.784591794013977,0.4687434732913971,291.3628452228736,363.0956858423518,0.3504604648643509,0.00012082883675583159,0.004357695579528809,
146063.89999997616,1,0.41187870502471924,1.1414406299591064,740.5845957573075,849.2398034178997,0.3504604648643509,0.00012082883675583159,0.004357695579528809,
146119.79999995232,0,0.7842439413070679,0.4684649705886841,291.83682356922316,362.87759129925206,0.3504604648643509,0.00012082883675583159,0.004357695579528809,
146119.79999995232,1,0.43676677346229553,1.14723539352417,708.4918598765181,853.3056443060677,0.3504604648643509,0.00012082883675583159,0.004357695579528809,
146173.19999992847,0,0.7849377989768982,0.4680488407611847,290.5498884956056,362.81800055073626,0.3504604648643509,0.00012082883675583159,0.004357695579528809,
146173.19999992847,1,0.46123456954956055,1.0835896730422974,673.8816407959571,805.724961767145,0.3504604648643509,0.00012082883675583159,0.004357695579528809,
146229.79999995232,0,0.7838759422302246,0.4686203598976135,292.3239598481299,362.97960519436504,0.3504604648643509,0.00012082883675583159,0.004357695579528809,
146229.79999995232,1,0.46808549761772156,1.007314682006836,665.5358992587412,751.0631032339903,0.3504604648643509,0.00012082883675583159,0.004357695579528809,
146283.89999997616,0,0.7837085723876953,0.46881014108657837,292.4887267411998,363.1465221678915,0.3504604648643509,0.00012082883675583159,0.004357695579528809,
146283.89999997616,1,0.4632759988307953,1.0060794353485107,671.5607809341197,750.0953372436061,0.3504604648643509,0.00012082883675583159,0.004357695579528809,
146339.10000002384,0,0.7839043736457825,0.4686196446418762,292.4052826126035,362.906515824102,0.3504604648643509,0.00012082883675583159,0.004357695579528809,
146339.10000002384,1,0.453225702047348,1.0380847454071045,684.1612098603823,772.9787808453424,0.3504604648643509,0.00012082883675583159,0.004357695579528809,
146395.19999992847,0,0.7834999561309814,0.4690855145454407,292.8296140135651,363.2995397153026,0.3504604648643509,0.00012082883675583159,0.004357695579528809,
146395.19999992847,1,0.43116551637649536,1.10508394241333,712.957911864644,821.5538859054762,0.3504604648643509,0.00012082883675583159,0.004357695579528809,
146450.79999995232,0,0.7830496430397034,0.46953845024108887,293.63505096479366,363.48345131782634,0.3504604648643509,0.00012082883675583159,0.004357695579528809,
146450.79999995232,1,0.40265652537345886,1.0934618711471558,750.3166462403638,813.674280951952,0.3504604648643509,0.00012082883675583159,0.004357695579528809,
146505.69999992847,0,0.7835586071014404,0.46952253580093384,292.93623459389653,363.5016206434065,0.3504604648643509,0.00012082883675583159,0.004357695579528809,
146505.69999992847,1,0.4095006585121155,1.1402835845947266,743.3394014678335,848.2760731972214,0.3504604648643509,0.00012082883675583159,0.004357695579528809,
146564.5,0,0.7838224172592163,0.4687243700027466,292.38972532584455,363.0561768237292,0.3504604648643509,0.00012082883675583159,0.004357695579528809,
146564.5,1,0.43414732813835144,1.1198585033416748,711.6537150418302,833.506364058531,0.3504604648643509,0.00012082883675583159,0.004357695579528809,
146619.69999992847,0,0.7845619916915894,0.4681215286254883,291.3247533922107,362.6943075335475,0.3504604648643509,0.00012082883675583159,0.004357695579528809,
146619.69999992847,1,0.42216646671295166,1.1436327695846558,728.9923612443232,851.4674408247329,0.3504604648643509,0.00012082883675583159,0.004357695579528809,
146682.19999992847,0,0.7834991216659546,0.46816766262054443,292.8181068517123,362.64641163541296,0.3504604648643509,0.00012082883675583159,0.004357695579528809,
146682.19999992847,1,0.39332062005996704,1.171231746673584,765.6534653797074,871.2381386586035,0.3504604648643509,0.00012082883675583159,0.004357695579528809,
146742.89999997616,0,0.7842614650726318,0.4671702980995178,291.62800259683775,362.05865878947014,0.3504604648643509,0.00012082883675583159,0.004357695579528809,
146742.89999997616,1,0.3882228136062622,1.2065284252166748,775.3388344786863,897.685891103064,0.3504604648643509,0.00012082883675583159,0.004357695579528809,
146806.60000002384,0,0.7841906547546387,0.467239648103714,291.6895638051046,362.1260875925659,0.3504604648643509,0.00012082883675583159,0.004357695579528809,
146806.60000002384,1,0.3791012167930603,1.2016621828079224,788.4789069672081,894.5339126207804,0.3504604648643509,0.00012082883675583159,0.004357695579528809,
146862.79999995232,0,0.7837966680526733,0.46893393993377686,292.22576721515213,363.3267788886254,0.3504604648643509,0.00012082883675583159,0.004357695579528809,
146862.79999995232,1,0.40608862042427063,1.1625301837921143,752.2813278912217,865.9559785307478,0.3504604648643509,0.00012082883675583159,0.004357695579528809,
146921.5,0,0.7840344309806824,0.46747085452079773,291.9783429984667,362.2389713486859,0.3504604648643509,0.00012082883675583159,0.004357695579528809,
146921.5,1,0.44864892959594727,1.1539802551269531,697.4194426954458,859.6919021648564,0.3504604648643509,0.00012082883675583159,0.004357695579528809,
146978.5,0,0.7834022641181946,0.4673765301704407,292.8967353702417,362.10458469420746,0.3504604648643509,0.00012082883675583159,0.004357695579528809,
146978.5,1,0.4591781795024872,1.1540732383728027,681.6685368306445,859.0039229820138,0.3504604648643509,0.00012082883675583159,0.004357695579528809,
147036.10000002384,0,0.7834789752960205,0.4689466953277588,292.87122245840806,363.190515889823,0.3504604648643509,0.00012082883675583159,0.004357695579528809,
147036.10000002384,1,0.43091440200805664,1.1390182971954346,721.228494402728,849.2160958132606,0.3504604648643509,0.00012082883675583159,0.004357695579528809,
147091.79999995232,0,0.7848896980285645,0.4675349295139313,290.7810636975495,362.3469336525236,0.3504604648643509,0.00012082883675583159,0.004357695579528809,
147091.79999995232,1,0.41845959424972534,1.1540634632110596,734.1874066731119,859.1441232182475,0.3504604648643509,0.00012082883675583159,0.004357695579528809,
147149.19999992847,0,0.7832512855529785,0.46866247057914734,293.25040532136916,362.93166549039654,0.3504604648643509,0.00012082883675583159,0.004357695579528809,
147149.19999992847,1,0.4306145906448364,1.1352531909942627,716.151284684658,844.5792230961572,0.3504604648643509,0.00012082883675583159,0.004357695579528809,
147211.29999995232,0,0.7821312546730042,0.47106635570526123,294.9259546513622,364.5108293571554,0.3504604648643509,0.00012082883675583159,0.004357695579528809,
147211.29999995232,1,0.43432044982910156,1.1255165338516235,715.3118759108537,839.0650802419398,0.3504604648643509,0.00012082883675583159,0.004357695579528809,
147274.39999997616,0,0.783626139163971,0.46992379426956177,292.79175054597545,363.8266840840015,0.3504604648643509,0.00012082883675583159,0.004357695579528809,
147274.39999997616,1,0.4961912930011749,1.1326348781585693,632.0944885923527,842.638498068756,0.3504604648643509,0.00012082883675583159,0.004357695579528809,
147334.5,0,0.7841958999633789,0.4694678485393524,291.63312340813764,363.76021172067044,0.3504604648643509,0.00012082883675583159,0.004357695579528809,
147334.5,1,0.5115090012550354,1.094423532485962,608.9771155780647,813.1760429612506,0.3504604648643509,0.00012082883675583159,0.004357695579528809,
147393,0,0.783989429473877,0.4690648317337036,292.0392142056543,363.38465443247077,0.3504604648643509,0.00012082883675583159,0.004357695579528809,
147393,1,0.4619380235671997,1.111899971961975,675.1309073531813,827.3140968108557,0.3504604648643509,0.00012082883675583159,0.004357695579528809,
147448.89999997616,0,0.7839683294296265,0.46679985523223877,292.15148562778415,361.7020178198839,0.3504604648643509,0.00012082883675583159,0.004357695579528809,
147448.89999997616,1,0.4074000120162964,1.1300630569458008,746.9559076666452,841.3236783137994,0.3504604648643509,0.00012082883675583159,0.004357695579528809,
147505.69999992847,0,0.7836549878120422,0.4680705666542053,292.84030344740506,362.4390477499166,0.3504604648643509,0.00012082883675583159,0.004357695579528809,
147505.69999992847,1,0.41201555728912354,1.1500134468078613,741.9843996601359,856.0611016626865,0.3504604648643509,0.00012082883675583159,0.004357695579528809,
147560.29999995232,0,0.7835889458656311,0.468408465385437,292.79831748611196,362.76110242311734,0.3504604648643509,0.00012082883675583159,0.004357695579528809,
147560.29999995232,1,0.47140926122665405,1.1251648664474487,663.8341305137483,837.268859830215,0.3504604648643509,0.00012082883675583159,0.004357695579528809,
147616.19999992847,0,0.7840989828109741,0.46844056248664856,291.76782662345,363.01419064708864,0.3504604648643509,0.00012082883675583159,0.004357695579528809,
147616.19999992847,1,0.5164628028869629,1.0801081657409668,601.6589997259721,802.2093900820462,0.3504604648643509,0.00012082883675583159,0.004357695579528809,
147670.29999995232,0,0.7840458154678345,0.4681033492088318,291.947606981171,362.7041511391401,0.3504604648643509,0.00012082883675583159,0.004357695579528809,
147670.29999995232,1,0.5098609924316406,1.0936319828033447,610.9107258059423,812.4915344788784,0.3504604648643509,0.00012082883675583159,0.004357695579528809,
147727.29999995232,0,0.7848358750343323,0.4667014479637146,290.77004789855323,361.7946250839551,0.3504604648643509,0.00012082883675583159,0.004357695579528809,
147727.29999995232,1,0.4773581027984619,1.1096704006195068,654.6524016333757,825.3193433885011,0.3504604648643509,0.00012082883675583159,0.004357695579528809,
147781.79999995232,0,0.7841171622276306,0.4675111770629883,291.79355760591545,362.31562198426883,0.3504604648643509,0.00012082883675583159,0.004357695579528809,
147781.79999995232,1,0.4582805335521698,1.126084566116333,679.875018355877,837.5586781106172,0.3504604648643509,0.00012082883675583159,0.004357695579528809,
147838.5,0,0.7837594151496887,0.47013574838638306,292.3840263438384,364.12511403094845,0.3504604648643509,0.00012082883675583159,0.004357695579528809,
147838.5,1,0.4529891908168793,1.1561907529830933,688.3665437557138,860.0360994740355,0.3504604648643509,0.00012082883675583159,0.004357695579528809,
147893.5,0,0.7844353914260864,0.4682448208332062,291.3589246296498,362.86024692756536,0.3504604648643509,0.00012082883675583159,0.004357695579528809,
147893.5,1,0.4518905282020569,1.1602964401245117,689.3705859045206,862.8164874844921,0.3504604648643509,0.00012082883675583159,0.004357695579528809,
147950.79999995232,0,0.7841566801071167,0.4671974778175354,291.7050638701528,362.112524488061,0.3504604648643509,0.00012082883675583159,0.004357695579528809,
147950.79999995232,1,0.43709808588027954,1.1756879091262817,709.5891497474892,874.4351910058078,0.3504604648643509,0.00012082883675583159,0.004357695579528809,
148005.19999992847,0,0.7840582132339478,0.46779459714889526,291.998474919234,362.44136529414817,0.3504604648643509,0.00012082883675583159,0.004357695579528809,
148005.19999992847,1,0.4146837592124939,1.1577568054199219,738.4072024113377,861.5744004510057,0.3504604648643509,0.00012082883675583159,0.004357695579528809,
148061.69999992847,0,0.7833051681518555,0.4690173268318176,293.1613801548583,363.1995896524909,0.3504604648643509,0.00012082883675583159,0.004357695579528809,
148061.69999992847,1,0.42283761501312256,1.1706223487854004,728.3500634051568,870.9811617804073,0.3504604648643509,0.00012082883675583159,0.004357695579528809,
148116.89999997616,0,0.7832486033439636,0.46923351287841797,292.8967725948015,363.560839019028,0.3504604648643509,0.00012082883675583159,0.004357695579528809,
148116.89999997616,1,0.503943920135498,1.1169883012771606,622.4240687269979,831.4906376970812,0.3504604648643509,0.00012082883675583159,0.004357695579528809,
148174.29999995232,0,0.7818415760993958,0.4716113209724426,294.93146003360516,365.1309430346596,0.3504604648643509,0.00012082883675583159,0.004357695579528809,
148174.29999995232,1,0.5424646735191345,1.129303216934204,572.1880411283502,839.910708727749,0.3504604648643509,0.00012082883675583159,0.004357695579528809,
148228.69999992847,0,0.7808859348297119,0.4741773307323456,295.94815206989097,367.10404116021203,0.3504604648643509,0.00012082883675583159,0.004357695579528809,
148228.69999992847,1,0.5697618126869202,1.1165602207183838,530.858072091321,826.4201192469594,0.3504604648643509,0.00012082883675583159,0.004357695579528809,
148285,0,0.7809293866157532,0.4735424518585205,295.5233174958829,366.8657978348681,0.3504604648643509,0.00012082883675583159,0.004357695579528809,
148285,1,0.535134494304657,1.124847412109375,581.8184983940995,836.8254871294156,0.3504604648643509,0.00012082883675583159,0.004357695579528809,
148339.29999995232,0,0.7814268469810486,0.47119593620300293,295.0390836910053,365.0867609427749,0.3504604648643509,0.00012082883675583159,0.004357695579528809,
148339.29999995232,1,0.5035949945449829,1.1463563442230225,624.55302070026,853.3475813436778,0.3504604648643509,0.00012082883675583159,0.004357695579528809,
148396.29999995232,0,0.7823312878608704,0.4698133170604706,293.4600690902861,364.3357277940298,0.3504604648643509,0.00012082883675583159,0.004357695579528809,
148396.29999995232,1,0.4846971035003662,1.1653285026550293,647.7765464767962,866.6136224630311,0.3504604648643509,0.00012082883675583159,0.004357695579528809,
148455.69999992847,0,0.7826147079467773,0.47021424770355225,292.78374042625535,364.80045110545694,0.3504604648643509,0.00012082883675583159,0.004357695579528809,
148455.69999992847,1,0.5250751376152039,1.0971953868865967,590.1935276210362,814.1952487051107,0.3504604648643509,0.00012082883675583159,0.004357695579528809,
148511.29999995232,0,0.7821127772331238,0.4720306992530823,294.07608439580576,365.73785009974483,0.3504604648643509,0.00012082883675583159,0.004357695579528809,
148511.29999995232,1,0.5398610830307007,1.1011910438537598,570.5351910895151,816.5191168332353,0.3504604648643509,0.00012082883675583159,0.004357695579528809,
148567.79999995232,0,0.7837263345718384,0.4685715138912201,291.4258822697466,363.58157846629206,0.3504604648643509,0.00012082883675583159,0.004357695579528809,
148567.79999995232,1,0.5507226586341858,1.0973635911941528,555.8817643706799,813.1586679994214,0.3504604648643509,0.00012082883675583159,0.004357695579528809,
148625.19999992847,0,0.7836888432502747,0.47047868371009827,291.2479049961388,365.0793042692251,0.3504604648643509,0.00012082883675583159,0.004357695579528809,
148625.19999992847,1,0.5305598974227905,1.1338305473327637,585.2999270048251,841.9930776684852,0.3504604648643509,0.00012082883675583159,0.004357695579528809,
148682.19999992847,0,0.7831103205680847,0.47043922543525696,292.07414133087013,365.00393541192483,0.7300000000000001,0.0006453958828623431,0.026627302169799805,
148682.19999992847,1,0.526118278503418,1.1244487762451172,589.7122952718464,834.4197438158952,0.7300000000000001,0.0006453958828623431,0.026627302169799805,
148745.5,0,0.781691312789917,0.4664936661720276,294.63554248968353,361.7394521874224,0.7300000000000001,0.0006453958828623431,0.026627302169799805,
148745.5,1,0.49928519129753113,1.187256097793579,629.8846323568105,882.7229921562167,0.7300000000000001,0.0006453958828623431,0.026627302169799805,
148800.60000002384,0,0.7809019684791565,0.4729239344596863,296.02322861201446,366.1437538093051,0.7300000000000001,0.0006453958828623431,0.026627302169799805,
148800.60000002384,1,0.5050613284111023,1.1598069667816162,618.7466133876985,861.1704537713674,0.7300000000000001,0.0006453958828623431,0.026627302169799805,
148859.19999992847,0,0.7818818092346191,0.4694373309612274,294.54826065137627,363.7662436739954,0.7300000000000001,0.0006453958828623431,0.026627302169799805,
148859.19999992847,1,0.5026763677597046,1.1447070837020874,621.5449411292416,850.1529192620013,0.7300000000000001,0.0006453958828623431,0.026627302169799805,
148914.39999997616,0,0.7838017344474792,0.4678363800048828,291.82958986403696,362.76740376173547,0.7300000000000001,0.0006453958828623431,0.026627302169799805,
148914.39999997616,1,0.49623075127601624,1.1419976949691772,630.6537963411064,848.6804892368866,0.7300000000000001,0.0006453958828623431,0.026627302169799805,
148971.5,0,0.7834146618843079,0.4672172963619232,292.1734526770641,362.4093404158576,0.7300000000000001,0.0006453958828623431,0.026627302169799805,
148971.5,1,0.496462881565094,1.1509790420532227,630.2616579420037,855.0959204807239,0.7300000000000001,0.0006453958828623431,0.026627302169799805,
149026.89999997616,0,0.7827422022819519,0.4697911739349365,293.1389975898587,364.2020459324915,0.7300000000000001,0.0006453958828623431,0.026627302169799805,
149026.89999997616,1,0.4943581819534302,1.1630866527557373,632.4403635218621,863.528274441239,0.7300000000000001,0.0006453958828623431,0.026627302169799805,
149085.5,0,0.7816973328590393,0.4688989222049713,294.8620482172232,363.33215478907283,0.7300000000000001,0.0006453958828623431,0.026627302169799805,
149085.5,1,0.4904586672782898,1.1470459699630737,637.2161015220099,851.8557052275091,0.7300000000000001,0.0006453958828623431,0.026627302169799805,
149138.89999997616,0,0.7834115028381348,0.46851637959480286,292.1602600998781,363.35457480148034,0.7300000000000001,0.0006453958828623431,0.026627302169799805,
149138.89999997616,1,0.48665767908096313,1.1460459232330322,643.3552064382982,851.8304006100651,0.7300000000000001,0.0006453958828623431,0.026627302169799805,
149195.29999995232,0,0.7830832600593567,0.4719073176383972,292.7759972060911,365.6828783862652,0.7300000000000001,0.0006453958828623431,0.026627302169799805,
149195.29999995232,1,0.4940447211265564,1.1505309343338013,632.4626092016367,854.2699130145969,0.7300000000000001,0.0006453958828623431,0.026627302169799805,
149250.69999992847,0,0.783227264881134,0.46977555751800537,292.4261646272595,364.2439055653289,0.7300000000000001,0.0006453958828623431,0.026627302169799805,
149250.69999992847,1,0.49478375911712646,1.1474337577819824,631.2810447141295,851.9005303673092,0.7300000000000001,0.0006453958828623431,0.026627302169799805,
149306.89999997616,0,0.7815762758255005,0.4708854854106903,295.05700180534143,364.738438116294,0.7300000000000001,0.0006453958828623431,0.026627302169799805,
149306.89999997616,1,0.4951421618461609,1.1514824628829956,630.7901915835275,854.7963785861124,0.7300000000000001,0.0006453958828623431,0.026627302169799805,
149363.79999995232,0,0.7804152369499207,0.47396981716156006,296.82148233303906,366.78949323439144,0.7300000000000001,0.0006453958828623431,0.026627302169799805,
149363.79999995232,1,0.4951789975166321,1.1458475589752197,630.0812084378599,850.3306367468771,0.7300000000000001,0.0006453958828623431,0.026627302169799805,
149419.79999995232,0,0.7811565399169922,0.47008663415908813,295.52296449641915,364.2060603382626,0.7300000000000001,0.0006453958828623431,0.026627302169799805,
149419.79999995232,1,0.5165042877197266,1.1158769130706787,602.4396817479876,828.5291136401212,0.7300000000000001,0.0006453958828623431,0.026627302169799805,
149475.89999997616,0,0.7855114936828613,0.46979641914367676,288.6620938480097,364.7244586931704,0.7300000000000001,0.0006453958828623431,0.026627302169799805,
149475.89999997616,1,0.5354887843132019,1.1091889142990112,579.19120178626,824.3717664692905,0.7300000000000001,0.0006453958828623431,0.026627302169799805,
149531.29999995232,0,0.7821707725524902,0.4743921458721161,293.3157675591102,367.82855205877297,0.7300000000000001,0.0006453958828623431,0.026627302169799805,
149531.29999995232,1,0.5585503578186035,1.073197841644287,548.4626862429983,797.6959879114847,0.7300000000000001,0.0006453958828623431,0.026627302169799805,
149586.69999992847,0,0.7832790017127991,0.4682599902153015,292.0580846831956,363.32399397106946,0.7300000000000001,0.0006453958828623431,0.026627302169799805,
149586.69999992847,1,0.5644115805625916,1.0898773670196533,538.9874365822121,808.2767904453666,0.7300000000000001,0.0006453958828623431,0.026627302169799805,
149643,0,0.7839260697364807,0.4710758626461029,291.4783995877906,365.2107051819382,0.7300000000000001,0.0006453958828623431,0.026627302169799805,
149643,1,0.5286151170730591,1.1048614978790283,589.8230398068232,822.2660786597685,0.7300000000000001,0.0006453958828623431,0.026627302169799805,
149699,0,0.7838297486305237,0.47087210416793823,291.266823457933,365.25284785325954,0.7300000000000001,0.0006453958828623431,0.026627302169799805,
149699,1,0.5159732103347778,1.1392621994018555,607.7089008014078,847.8311988564042,0.7300000000000001,0.0006453958828623431,0.026627302169799805,
149756.19999992847,0,0.7830439805984497,0.47097131609916687,292.81450987720757,365.01582055640256,0.7300000000000001,0.0006453958828623431,0.026627302169799805,
149756.19999992847,1,0.5143126249313354,1.1263090372085571,608.7145326135412,837.9961720149616,0.7300000000000001,0.0006453958828623431,0.026627302169799805,
149812.5,0,0.7834218144416809,0.47289785742759705,291.8557713513186,366.6741732833854,0.7300000000000001,0.0006453958828623431,0.026627302169799805,
149812.5,1,0.4935048222541809,1.1639546155929565,637.8789125902116,866.1740462944986,0.7300000000000001,0.0006453958828623431,0.026627302169799805,
149870.29999995232,0,0.7815196514129639,0.472303569316864,295.1227693224665,365.76349850192753,0.7300000000000001,0.0006453958828623431,0.026627302169799805,
149870.29999995232,1,0.48096466064453125,1.1621501445770264,651.870715257284,864.0223958739274,0.7300000000000001,0.0006453958828623431,0.026627302169799805,
149928,0,0.7818548679351807,0.47009986639022827,294.58089770805395,364.24437018815127,0.7300000000000001,0.0006453958828623431,0.026627302169799805,
149928,1,0.4954054355621338,1.1585829257965088,630.5869993782051,859.988469534661,0.7300000000000001,0.0006453958828623431,0.026627302169799805,
149984.79999995232,0,0.7842196226119995,0.46922165155410767,290.6013107001843,364.15631532060524,0.7300000000000001,0.0006453958828623431,0.026627302169799805,
149984.79999995232,1,0.502273440361023,1.1359986066818237,621.6852297132152,843.6618242632208,0.7300000000000001,0.0006453958828623431,0.026627302169799805,
150041.29999995232,0,0.7843567728996277,0.4702644646167755,290.254334174067,365.00023352749287,0.7300000000000001,0.0006453958828623431,0.026627302169799805,
150041.29999995232,1,0.5117732882499695,1.1505191326141357,612.9509707210683,855.8782893035409,0.7300000000000001,0.0006453958828623431,0.026627302169799805,
150095.79999995232,0,0.7830954790115356,0.4730149209499359,291.9916698317131,366.91397834055493,0.7300000000000001,0.0006453958828623431,0.026627302169799805,
150095.79999995232,1,0.5113673806190491,1.1192984580993652,612.1831210097263,832.802072529462,0.7300000000000001,0.0006453958828623431,0.026627302169799805,
150153.39999997616,0,0.7821875810623169,0.4732120931148529,293.08939327647784,367.0909229499762,0.7300000000000001,0.0006453958828623431,0.026627302169799805,
150153.39999997616,1,0.5077139735221863,1.1292643547058105,615.1317741632897,839.0543646390902,0.7300000000000001,0.0006453958828623431,0.026627302169799805,
150208.10000002384,0,0.7835509181022644,0.4693203568458557,291.46600264542235,364.22259250864204,0.7300000000000001,0.0006453958828623431,0.026627302169799805,
150208.10000002384,1,0.4886947274208069,1.1590747833251953,641.8408352835208,861.745703210404,0.7300000000000001,0.0006453958828623431,0.026627302169799805,
150265,0,0.7838521003723145,0.46681156754493713,291.66479692758594,362.08769672607906,0.7300000000000001,0.0006453958828623431,0.026627302169799805,
150265,1,0.4818895757198334,1.1756807565689087,650.0410619019759,873.4592568877649,0.7300000000000001,0.0006453958828623431,0.026627302169799805,
150320.29999995232,0,0.7837048172950745,0.46780312061309814,291.9287054909481,362.7579621126697,0.7300000000000001,0.0006453958828623431,0.026627302169799805,
150320.29999995232,1,0.4832976460456848,1.109821081161499,648.2491364381187,826.0453575684452,0.7300000000000001,0.0006453958828623431,0.026627302169799805,
150377.39999997616,0,0.78307044506073,0.46837735176086426,293.4903121679763,362.7211490126894,0.7300000000000001,0.0006453958828623431,0.026627302169799805,
150377.39999997616,1,0.514218270778656,1.1424789428710938,606.9807527242758,848.6687751010788,0.7300000000000001,0.0006453958828623431,0.026627302169799805,
150431.89999997616,0,0.7824841737747192,0.46987372636795044,294.591306496504,363.5775846532772,0.7300000000000001,0.0006453958828623431,0.026627302169799805,
150431.89999997616,1,0.5117426514625549,1.1730836629867554,611.8979688636593,871.6227840423269,0.7300000000000001,0.0006453958828623431,0.026627302169799805,
150488.5,0,0.784466028213501,0.4714112877845764,291.99653763497906,364.7216502958267,0.42500000000000004,0.00008987566214314457,0.005957484245300293,
150488.5,1,0.48797857761383057,1.152059555053711,642.4333432835073,856.5419239579304,0.42500000000000004,0.00008987566214314457,0.005957484245300293,
150547.79999995232,0,0.782394289970398,0.46929261088371277,294.83235624258384,363.07810221112493,0.42500000000000004,0.00008987566214314457,0.005957484245300293,
150547.79999995232,1,0.49130916595458984,1.147737741470337,636.6042281562197,852.6231919750907,0.42500000000000004,0.00008987566214314457,0.005957484245300293,
150603.39999997616,0,0.781764566898346,0.4774594008922577,295.71194417909226,368.910454187521,0.42500000000000004,0.00008987566214314457,0.005957484245300293,
150603.39999997616,1,0.500451922416687,1.1338236331939697,624.2882787518801,842.2563829584351,0.42500000000000004,0.00008987566214314457,0.005957484245300293,
150661.10000002384,0,0.7840695977210999,0.47371718287467957,292.1123698092557,366.6270244221066,0.42500000000000004,0.00008987566214314457,0.005957484245300293,
150661.10000002384,1,0.5336771011352539,1.1063683032989502,579.4971536907592,821.0264084309803,0.42500000000000004,0.00008987566214314457,0.005957484245300293,
150716.10000002384,0,0.7829025983810425,0.4703350067138672,294.0014867019429,363.9443341001419,0.42500000000000004,0.00008987566214314457,0.005957484245300293,
150716.10000002384,1,0.5317941308021545,1.124957799911499,582.4345111823548,834.7776144866308,0.42500000000000004,0.00008987566214314457,0.005957484245300293,
150773.29999995232,0,0.782400369644165,0.4694775342941284,294.8196654551849,363.21442253794595,0.42500000000000004,0.00008987566214314457,0.005957484245300293,
150773.29999995232,1,0.5104271769523621,1.1439869403839111,611.4248394655276,849.5181622274407,0.42500000000000004,0.00008987566214314457,0.005957484245300293,
150829.39999997616,0,0.7838310599327087,0.4688076972961426,292.66240119414135,362.9400026691052,0.42500000000000004,0.00008987566214314457,0.005957484245300293,
150829.39999997616,1,0.4904290735721588,1.1345369815826416,639.2699989515199,843.912868106406,0.42500000000000004,0.00008987566214314457,0.005957484245300293,
150885.79999995232,0,0.7849546074867249,0.46738672256469727,291.16683715156046,361.952908181751,0.42500000000000004,0.00008987566214314457,0.005957484245300293,
150885.79999995232,1,0.5056611895561218,1.1168086528778076,616.5777285100514,829.36759526906,0.42500000000000004,0.00008987566214314457,0.005957484245300293,
150940.29999995232,0,0.7845178842544556,0.46578550338745117,291.47153933596576,360.957334249029,0.42500000000000004,0.00008987566214314457,0.005957484245300293,
150940.29999995232,1,0.5150972604751587,1.1211495399475098,604.8947386434571,832.7417308253254,0.42500000000000004,0.00008987566214314457,0.005957484245300293,
150999.19999992847,0,0.785419225692749,0.4675009846687317,290.1855583045045,362.2729181708188,0.42500000000000004,0.00008987566214314457,0.005957484245300293,
150999.19999992847,1,0.5208063721656799,1.1216362714767456,598.1626503927497,833.4393238395264,0.42500000000000004,0.00008987566214314457,0.005957484245300293,
151053.60000002384,0,0.783698558807373,0.4682631492614746,292.4351593204701,362.7931107951358,0.42500000000000004,0.00008987566214314457,0.005957484245300293,
151053.60000002384,1,0.5276535749435425,1.113167405128479,588.3763700589338,826.7131042535501,0.42500000000000004,0.00008987566214314457,0.005957484245300293,
151109.5,0,0.7852463126182556,0.4674490690231323,290.4401269458501,362.2154116792126,0.42500000000000004,0.00008987566214314457,0.005957484245300293,
151109.5,1,0.5286355018615723,1.111998200416565,586.6204296324617,825.5432549410962,0.42500000000000004,0.00008987566214314457,0.005957484245300293,
151166.10000002384,0,0.7847946286201477,0.4670092463493347,291.08509757140155,361.8581035113166,0.42500000000000004,0.00008987566214314457,0.005957484245300293,
151166.10000002384,1,0.5264881253242493,1.113550066947937,590.179563935511,827.1861984551962,0.42500000000000004,0.00008987566214314457,0.005957484245300293,
151224,0,0.7846828699111938,0.46900084614753723,291.19592683169003,363.3116819717089,0.42500000000000004,0.00008987566214314457,0.005957484245300293,
151224,1,0.5324246883392334,1.1045198440551758,581.3169694708347,819.8483358534218,0.42500000000000004,0.00008987566214314457,0.005957484245300293,
151280.19999992847,0,0.7855641841888428,0.4690793752670288,289.8007360317331,363.52879587620583,0.42500000000000004,0.00008987566214314457,0.005957484245300293,
151280.19999992847,1,0.5331400632858276,1.1088947057724,580.8532659229344,823.307848805731,0.42500000000000004,0.00008987566214314457,0.005957484245300293,
151336.69999992847,0,0.7853357791900635,0.47072356939315796,290.4408530750028,364.5028134236437,0.42500000000000004,0.00008987566214314457,0.005957484245300293,
151336.69999992847,1,0.5334709286689758,1.1126704216003418,580.4565876145549,826.0443641789619,0.42500000000000004,0.00008987566214314457,0.005957484245300293,
151391.89999997616,0,0.7844417095184326,0.4706362187862396,291.56037374212474,364.4551502838072,0.42500000000000004,0.00008987566214314457,0.005957484245300293,
151391.89999997616,1,0.5341552495956421,1.1143471002578735,580.8645707395483,828.0655889714075,0.42500000000000004,0.00008987566214314457,0.005957484245300293,
151448.39999997616,0,0.7852075099945068,0.4710744619369507,290.35078717687395,364.9094749654254,0.42500000000000004,0.00008987566214314457,0.005957484245300293,
151448.39999997616,1,0.5482814908027649,1.0961741209030151,560.7968138551595,813.6818119674558,0.42500000000000004,0.00008987566214314457,0.005957484245300293,
151503.89999997616,0,0.7854379415512085,0.47125670313835144,290.1549774375027,364.98103970926974,0.42500000000000004,0.00008987566214314457,0.005957484245300293,
151503.89999997616,1,0.5495209693908691,1.1181139945983887,560.0098124881434,830.0286500784808,0.42500000000000004,0.00008987566214314457,0.005957484245300293,
151560.39999997616,0,0.7852322459220886,0.4724094569683075,290.3410828426689,365.8575054914264,0.42500000000000004,0.00008987566214314457,0.005957484245300293,
151560.39999997616,1,0.5495413541793823,1.1112916469573975,559.553303877397,824.8251457762788,0.42500000000000004,0.00008987566214314457,0.005957484245300293,
151616.89999997616,0,0.7850099205970764,0.46917596459388733,290.656752808723,363.51070354134225,0.42500000000000004,0.00008987566214314457,0.005957484245300293,
151616.89999997616,1,0.5491816997528076,1.118273377418518,559.8773004814415,829.7573774160121,0.42500000000000004,0.00008987566214314457,0.005957484245300293,