t,handIndex,x_raw,y_raw,x_refined,y_refined,tapScore,tapSpeed,tapDist,tapLabel
4203.100000023842,0,0.37182149291038513,1.0726062059402466,787.4768761527237,797.2708352553004,,,,
4246.100000023842,0,0.3871532082557678,1.008703351020813,767.9254244890832,751.3091798297276,,,,
4286.799999952316,0,0.4019084572792053,0.9447696805000305,750.1995596952183,706.0051548441668,,,,
4327.600000023842,0,0.4015730321407318,0.8753811120986938,749.4390534005441,655.298017293653,,,,
4370.799999952316,0,0.3886529803276062,0.7791774272918701,766.664519245666,586.472841336019,,,,
4423.899999976158,0,0.386401891708374,0.7431744337081909,768.5324844711259,559.8908073278236,,,,
4423.899999976158,1,0.772843599319458,0.4775317311286926,296.62760126161857,373.24347724849906,,,,
4483.399999976158,0,0.39521586894989014,0.7142430543899536,757.6718722399735,539.3416044834651,,,,
4483.399999976158,1,0.5777850151062012,0.4749247431755066,563.5074963475269,361.1204923718515,,,,
4538.399999976158,0,0.4025651216506958,0.690438449382782,748.731245015207,522.5020383573043,,,,
4538.399999976158,1,0.5768332481384277,0.6237406134605408,559.9074598945822,472.9006112371735,,,,
4592.899999976158,0,0.4059433341026306,0.685028612613678,744.6905764866367,518.783241440542,,,,
4592.899999976158,1,0.5704344511032104,0.6173464059829712,570.3458593147286,466.3907768855655,,,,
4646,0,0.41075101494789124,0.6729479432106018,739.2096681465674,510.48649753361644,,,,
4646,1,0.5671243667602539,0.6676321625709534,571.1864915984575,505.3405557242978,,,,
4703.199999928474,0,0.4177587330341339,0.6703188419342041,731.0274232723639,509.03378120388624,,,,
4703.199999928474,1,0.5640413761138916,0.693097710609436,574.4979184484941,524.1044441680798,,,,
4756.100000023842,0,0.41770535707473755,0.676328182220459,731.2176670815309,513.4259039907541,,,,
4756.100000023842,1,0.562472939491272,0.6950135827064514,577.5683481534495,524.7525195137524,,,,
4812.600000023842,0,0.4165801405906677,0.6922275424003601,732.8795948796496,524.9904898840841,,,,
4812.600000023842,1,0.5618951320648193,0.701521635055542,578.6628147771107,529.1787366862089,,,,
4865.299999952316,0,0.41669511795043945,0.703769862651825,732.8450982768079,533.3595562008438,,,,
4865.299999952316,1,0.5613168478012085,0.7035722732543945,579.049687184656,530.9136661938253,,,,
4922.199999928474,0,0.41539132595062256,0.7012367248535156,735.3140703010575,531.9346451816984,,,,
4922.199999928474,1,0.5603704452514648,0.7032482028007507,580.6487648212269,530.3963120943387,,,,
4975.899999976158,0,0.41599035263061523,0.7025282979011536,734.4040868520642,532.795339597541,,,,
4975.899999976158,1,0.5616995096206665,0.7057734727859497,578.4331287354885,532.5893397272897,,,,
5030,0,0.41688019037246704,0.703777551651001,732.679918069706,533.4020711893895,,,,
5030,1,0.5629342794418335,0.7099444270133972,576.4493978328311,535.8747725902061,,,,
5082.600000023842,0,0.41671299934387207,0.7095028162002563,733.1295090684278,537.6440334030792,,,,
5082.600000023842,1,0.5636187791824341,0.7121110558509827,575.3327786142642,537.5984839946058,,,,
5138.699999928474,0,0.4178365468978882,0.714457631111145,731.3816690631174,541.0535076107014,,,,
5138.699999928474,1,0.563838005065918,0.7132604122161865,574.766659966308,538.6160519774847,,,,
5191.399999976158,0,0.4179285764694214,0.7163530588150024,731.5498716619323,542.5642776593397,,,,
5191.399999976158,1,0.5634957551956177,0.7137148380279541,575.1015094343021,539.0107954913576,,,,
5245.199999928474,0,0.4168103337287903,0.726203978061676,733.0331628524012,549.6830531865716,,,,
5245.199999928474,1,0.5637698173522949,0.7140117883682251,574.170645851561,539.5931147135819,,,,
5299.5,0,0.41435253620147705,0.7301636934280396,736.2723096748499,552.5805732787869,,,,
5299.5,1,0.5636047124862671,0.7146803736686707,573.8922852037015,540.3713545451457,,,,
5355.199999928474,0,0.4141291379928589,0.7313962578773499,736.8828199772141,553.626963934264,,,,
5355.199999928474,1,0.5627380609512329,0.7149045467376709,575.042516245369,540.5084418524251,,,,
5409,0,0.4128440320491791,0.7310711145401001,738.7717305575597,553.5091721470685,,,,
5409,1,0.5623070001602173,0.7150377631187439,575.4538767592167,540.687431314847,,,,
5464.799999952316,0,0.4126203954219818,0.7304397821426392,739.1651735910721,553.104863633653,,,,
5464.799999952316,1,0.5629529356956482,0.7136505842208862,574.523551616636,539.7492626001916,,,,
5521.899999976158,0,0.4098140001296997,0.7279620170593262,743.0206002033674,551.4421048518019,,,,
5521.899999976158,1,0.565568208694458,0.7107109427452087,570.5796162072479,537.9711471463839,,,,
5577.199999928474,0,0.41085052490234375,0.7234869003295898,741.424323828033,548.0958569422044,,,,
5577.199999928474,1,0.5681803226470947,0.7056825757026672,566.7940784102012,534.5901116407432,,,,
5630.600000023842,0,0.41033899784088135,0.7212179899215698,742.2231566795946,546.5290169818476,,,,
5630.600000023842,1,0.5702603459358215,0.7042810916900635,564.0900214799095,533.6030960185797,,,,
5683.899999976158,0,0.40988826751708984,0.7143007516860962,742.7545718040242,541.527608636926,,,,
5683.899999976158,1,0.5719163417816162,0.697661280632019,561.8509068243116,528.8996445775074,,,,
5739.399999976158,0,0.40965014696121216,0.7102425694465637,743.2924688582868,538.7122705742346,,,,
5739.399999976158,1,0.5739790201187134,0.6910249590873718,559.1164296043362,524.1705751560312,,,,
5793,0,0.40907007455825806,0.710625410079956,744.151769169539,539.04040754948,,,,
5793,1,0.5743570327758789,0.6884044408798218,558.4377006489494,522.3839465075393,,,,
5849.199999928474,0,0.410896360874176,0.7039371728897095,741.4129819273137,534.0420904559335,,,,
5849.199999928474,1,0.5761628150939941,0.6833734512329102,556.3311276076847,518.656324962365,,,,
5902.699999928474,0,0.41187533736228943,0.6974172592163086,740.1438323846412,529.340286039285,,,,
5902.699999928474,1,0.5776037573814392,0.6794995069503784,554.3267532593009,515.9494998642057,,,,
5958.199999928474,0,0.4112965166568756,0.6953925490379333,741.1702822182606,528.0135470068005,,,,
5958.199999928474,1,0.5785320401191711,0.6771551966667175,552.9554663109373,514.354438288725,,,,
6012.5,0,0.4136985242366791,0.6883940696716309,737.7294257009386,522.8058821993803,,,,
6012.5,1,0.5799751281738281,0.6747217178344727,551.1808496015029,512.5657390735448,,,,
6068.100000023842,0,0.4128233790397644,0.6828534603118896,738.5663588919241,518.6820143764555,,,,
6068.100000023842,1,0.5795395374298096,0.6704707145690918,552.3298716841343,509.1973127187291,,,,
6120.899999976158,0,0.4120851159095764,0.6800812482833862,739.9174633929813,516.8779291703137,,,,
6120.899999976158,1,0.5797577500343323,0.6699973940849304,552.0830664270221,508.8391232399165,,,,
6173.799999952316,0,0.41216784715652466,0.674962043762207,739.4914864508211,513.0414764568095,,,,
6173.799999952316,1,0.5806242823600769,0.6689655780792236,550.7569817930535,508.2113510933399,,,,
6226.600000023842,0,0.41070541739463806,0.6725039482116699,741.5155249641351,511.34381203050543,,,,
6226.600000023842,1,0.5808367729187012,0.6687173247337341,550.405410166309,508.0742804213109,,,,
6279.899999976158,0,0.41117382049560547,0.6672583818435669,740.6557758602939,507.44294031533843,,,,
6279.899999976158,1,0.5809102058410645,0.666946530342102,550.5529336564699,506.67190337238947,,,,
6331.5,0,0.4102022647857666,0.6657052040100098,742.0300612727901,506.3873527049793,,,,
6331.5,1,0.5815208554267883,0.6686855554580688,549.4990708641822,508.06740779568224,,,,
6388.5,0,0.4101555347442627,0.6638299226760864,741.9008006792044,504.9461899201713,,,,
6388.5,1,0.5810689926147461,0.6680626273155212,550.2869924180321,507.50883590388025,,,,
6442.399999976158,0,0.4092673063278198,0.6610418558120728,743.1281189650906,502.98246780869437,,,,
6442.399999976158,1,0.5814447402954102,0.6680096983909607,549.7533494709952,507.49860012683047,,,,
6496.899999976158,0,0.4090801775455475,0.6601777076721191,743.8585685041439,502.59110305505214,,,,
6496.899999976158,1,0.5804540514945984,0.6674907207489014,551.4545718401351,506.891777032609,,,,
6549.799999952316,0,0.40991657972335815,0.6566426753997803,742.4780167312204,499.9014077728679,,,,
6549.799999952316,1,0.5813046097755432,0.6673043966293335,550.1852716749246,506.85594692807524,,,,
6603.5,0,0.40962308645248413,0.6540344953536987,742.5266421669658,497.86637848009207,,,,
6603.5,1,0.5812124609947205,0.6665679216384888,550.4467389037649,506.2476755066734,,,,
6654.799999952316,0,0.4090343415737152,0.6529075503349304,743.4438182528302,497.1341851525417,,,,
6654.799999952316,1,0.5811797976493835,0.6665105819702148,550.4229488018594,506.24217340643577,,,,
6709.699999928474,0,0.40821272134780884,0.6516920924186707,744.1613930877404,496.0959757047624,,,,
6709.699999928474,1,0.5808408260345459,0.6662642955780029,550.9910108160295,505.99142963628765,,,,
6762.399999976158,0,0.40771549940109253,0.6494622230529785,745.0530569845769,494.61550872010037,,,,
6762.399999976158,1,0.5821739435195923,0.6668535470962524,548.9880345826587,506.57678837426374,,,,
6819.799999952316,0,0.40704822540283203,0.6495367288589478,745.8957598220171,494.6636277537876,,,,
6819.799999952316,1,0.58185213804245,0.6658569574356079,549.2760211759551,505.92528340785367,,,,
6874,0,0.4071175456047058,0.6492343544960022,745.7990155071253,494.44203303364276,,,,
6874,1,0.5819475650787354,0.6667914390563965,549.3747885070715,506.47986342607453,,,,
6929.399999976158,0,0.40697187185287476,0.6485916972160339,745.7979154122738,493.8875528572708,,,,
6929.399999976158,1,0.5818796157836914,0.6663669347763062,549.3828784832469,506.21671717812615,,,,
6982.899999976158,0,0.40705567598342896,0.6479933261871338,745.6311600324682,493.4272826204591,,,,
6982.899999976158,1,0.5817885398864746,0.6653908491134644,549.732222817906,505.38766126356904,,,,
7039,0,0.4067363142967224,0.6475490927696228,745.953876496374,493.06454463586556,,,,
7039,1,0.5829374194145203,0.6647523641586304,548.0877442072824,505.0225492314993,,,,
7092,0,0.40670543909072876,0.6474562883377075,746.2165627177933,493.10822792215424,,,,
7092,1,0.5834733247756958,0.6654643416404724,547.2575564550067,505.61250124346526,,,,
7147.399999976158,0,0.40681666135787964,0.6477020978927612,745.8686608032792,493.1835212994735,,,,
7147.399999976158,1,0.5845773816108704,0.6632896661758423,545.8681725107991,504.0340395702377,,,,
7200.699999928474,0,0.406838983297348,0.6480422616004944,745.921119178499,493.46876255196395,,,,
7200.699999928474,1,0.5841048359870911,0.6630785465240479,546.409353670104,503.91592589844254,,,,
7255.5,0,0.40672123432159424,0.6479924321174622,745.9410067290377,493.36762792260794,,,,
7255.5,1,0.5850299596786499,0.6624565720558167,545.2127681585429,503.47469580864356,,,,
7309.100000023842,0,0.4065968990325928,0.6485142707824707,746.4195499679679,493.9012684333003,,,,
7309.100000023842,1,0.584984540939331,0.6614524722099304,545.1482194645524,502.8164176524713,,,,
7362.5,0,0.4068034291267395,0.648348331451416,745.7591585765535,493.5852778938414,,,,
7362.5,1,0.5854690670967102,0.660807192325592,544.5745327262116,502.327385187377,,,,
7414,0,0.4066846966743469,0.6487958431243896,746.1778826251006,494.04064637544985,,,,
7414,1,0.5855736136436462,0.6618063449859619,544.3545016134817,503.09198166882373,,,,
7468.799999952316,0,0.4065394997596741,0.6483240127563477,745.9498515091223,493.4928931199116,,,,
7468.799999952316,1,0.5854696035385132,0.6618705987930298,544.5256181521918,503.11837097334114,,,,
7524.799999952316,0,0.40657854080200195,0.6481631994247437,746.2890941390282,493.57296730477367,,,,
7524.799999952316,1,0.5854678153991699,0.6615805625915527,544.544248796166,502.90097340125567,,,,
7577.799999952316,0,0.40669089555740356,0.6492263078689575,746.1878278214717,494.359388493737,,,,
7577.799999952316,1,0.5854927897453308,0.6615220904350281,544.4812045649084,502.87516280388115,,,,
7632.399999976158,0,0.40661168098449707,0.6493875980377197,746.2695233475204,494.46581287562697,,,,
7632.399999976158,1,0.5857877731323242,0.6612322926521301,544.1384865298604,502.6482326511961,,,,
7686.299999952316,0,0.4066122770309448,0.6497519612312317,746.2829336559712,494.73513846427954,,,,
7686.299999952316,1,0.5858758687973022,0.6606141328811646,544.1114695764035,502.15795687360975,,,,
7742,0,0.4067518711090088,0.6493313908576965,746.1159937899712,494.4381061135735,,,,
7742,1,0.5859013199806213,0.6602555513381958,544.1278624920396,501.87380427457344,,,,
7796,0,0.4066987633705139,0.6491310596466064,746.2416780526737,494.32217646266025,,,,
7796,1,0.5857322812080383,0.6606299877166748,544.2650660107096,502.1853304037681,,,,
7851.5,0,0.4066787660121918,0.6498126983642578,746.2472796295291,494.8031648004015,,,,
7851.5,1,0.58575838804245,0.6611467599868774,544.1649866203556,502.5924813709604,,,,
7904.699999928474,0,0.40687692165374756,0.6491972208023071,745.9537944111711,494.34045352611236,,,,
7904.699999928474,1,0.5857833623886108,0.6610899567604065,543.9883173105374,502.6269860264474,,,,
7959.799999952316,0,0.40672457218170166,0.6492199301719666,746.1907837075346,494.37741856317325,,,,
7959.799999952316,1,0.5858582854270935,0.6605560779571533,543.8969376524138,502.24025213036634,,,,
8012.5,0,0.40686658024787903,0.6487669348716736,745.9544858574033,494.0244716742223,,,,
8012.5,1,0.5858040452003479,0.6613671183586121,544.0190977189367,502.79682723488975,,,,
8067.399999976158,0,0.40726619958877563,0.6478520631790161,745.3334603923879,493.31154349486263,,,,
8067.399999976158,1,0.5860886573791504,0.6609314680099487,543.636602984866,502.49261716272594,,,,
8121.699999928474,0,0.4073832035064697,0.6478822231292725,745.1639112438653,493.3234040701301,,,,
8121.699999928474,1,0.5861305594444275,0.6615732908248901,543.5631023275674,502.96504055674836,,,,
8176.600000023842,0,0.40716248750686646,0.6476755738258362,745.4681750751668,493.1854480585346,,,,
8176.600000023842,1,0.5861454010009766,0.6610699892044067,543.5573959688234,502.59576719191534,,,,
8229.699999928474,0,0.4071439206600189,0.6477705836296082,745.586392043975,493.30064304035733,,,,
8229.699999928474,1,0.5861070156097412,0.6600658893585205,543.9035989005379,501.71646472637525,,,,
8284.399999976158,0,0.4070146083831787,0.6486335396766663,745.8811448435619,493.98532150781944,,,,
8284.399999976158,1,0.5866189002990723,0.6595391035079956,543.1887148623373,501.3689259757221,,,,
8338,0,0.4069313108921051,0.6498808860778809,745.7824776613692,494.78241829878345,,,,
8338,1,0.5863606333732605,0.6603174209594727,543.3428252842469,502.02219716290676,,,,
8393.600000023842,0,0.4067557454109192,0.6493406295776367,746.1946779091236,494.4857406623143,,,,
8393.600000023842,1,0.5862428545951843,0.6602997779846191,543.6582112053867,501.9228914782416,,,,
8447.699999928474,0,0.40669965744018555,0.6494829654693604,746.4204232679473,494.6628158379134,,,,
8447.699999928474,1,0.586393415927887,0.6601559519767761,543.3893180469888,501.8595702731521,,,,
8502.199999928474,0,0.4067651033401489,0.6488409042358398,746.1927678450247,494.1308497814463,,,,
8502.199999928474,1,0.5862547755241394,0.6604486703872681,543.6214555206124,502.04147646803926,,,,
8554.799999952316,0,0.406994104385376,0.6487598419189453,745.8616275296265,494.05391426759866,,,,
8554.799999952316,1,0.5865318179130554,0.6600452065467834,543.3209511485104,501.72228903950656,,,,
8609.199999928474,0,0.4070044159889221,0.6483818292617798,745.6610107115811,493.68922514426936,,,,
8609.199999928474,1,0.5861301422119141,0.6599740982055664,544.0725826197379,501.5434736061717,,,,
8662.100000023842,0,0.4071241617202759,0.6480938196182251,745.4607847324118,493.4584253040508,,,,
8662.100000023842,1,0.5862969160079956,0.660295307636261,543.6725758020307,501.87521429535036,,,,
8717.799999952316,0,0.40746641159057617,0.648360013961792,745.1620296031756,493.7193217045707,,,,
8717.799999952316,1,0.5861194133758545,0.6604498624801636,543.9767268320006,501.9452550621697,,,,
8772,0,0.40729624032974243,0.64825439453125,745.2260570454442,493.56679821516946,,,,
8772,1,0.5866080522537231,0.6599676609039307,543.0174719683034,501.7748879914251,,,,
8826.5,0,0.40752938389778137,0.6486362218856812,745.1863416067562,493.9697362067137,,,,
8826.5,1,0.5862175226211548,0.660619854927063,543.5477702765179,502.2285757907444,,,,
8879.299999952316,0,0.4072587192058563,0.648267388343811,745.2927579310273,493.58549852482133,,,,
8879.299999952316,1,0.5859705209732056,0.6612824201583862,544.1068356124068,502.57713051556834,,,,
8934.600000023842,0,0.40749436616897583,0.6479467749595642,745.0001822121817,493.3591810391467,,,,
8934.600000023842,1,0.5862765908241272,0.6598511338233948,543.5353929014112,501.6419227228764,,,,
8988.5,0,0.4071122407913208,0.6482938528060913,745.4933761773775,493.6111116640106,,,,
8988.5,1,0.586201548576355,0.65998375415802,543.7508912654383,501.67421708225294,,,,
9043.699999928474,0,0.40757423639297485,0.6490086317062378,745.0792595181704,494.21353155446275,,,,
9043.699999928474,1,0.586257815361023,0.6606893539428711,543.6013812273812,502.22332286009856,,,,
9096.799999952316,0,0.4073030650615692,0.6483325958251953,745.2259941410911,493.6274451860252,,,,
9096.799999952316,1,0.5860042572021484,0.6605424284934998,543.8379940621115,502.1638006159685,,,,
9151.600000023842,0,0.407187819480896,0.6483697891235352,745.4393777718172,493.68708770860366,,,,
9151.600000023842,1,0.5861583352088928,0.6602978110313416,543.839296243171,501.8827086578155,,,,
9205.199999928474,0,0.40710800886154175,0.6480169296264648,745.4538725369763,493.38924785458414,,,,
9205.199999928474,1,0.5858330726623535,0.6605527997016907,544.1394846970065,502.1279436105879,,,,
9259.199999928474,0,0.4070930480957031,0.6487993001937866,745.8300863534405,494.1286552540102,,,,
9259.199999928474,1,0.5860511660575867,0.6609089970588684,543.8531759577606,502.38817871558854,,,,
9311.5,0,0.40695327520370483,0.648783802986145,745.8373955467099,494.03360092021114,,,,
9311.5,1,0.5861783623695374,0.6608927845954895,543.666521233427,502.3890713950692,,,,
9367.299999952316,0,0.40721264481544495,0.647966742515564,745.3674384765725,493.37688020915795,,,,
9367.299999952316,1,0.5861978530883789,0.6609283685684204,543.6245588262523,502.4236417729582,,,,
9419.399999976158,0,0.4069671034812927,0.6476696133613586,745.6755757866256,493.15987313255306,,,,
9419.399999976158,1,0.5867310166358948,0.6593364477157593,542.9452433779671,501.2758113031887,,,,
9474.5,0,0.4070623219013214,0.648105263710022,745.6466319181478,493.5197657726036,,,,
9474.5,1,0.5865997076034546,0.6591591238975525,543.2989662930477,501.04969978737313,,,,
9526.5,0,0.4068101644515991,0.6486623287200928,745.967559226102,493.919944147953,,,,
9526.5,1,0.5864193439483643,0.6594951748847961,543.7475261784944,501.17408987593046,,,,
9581.600000023842,0,0.40710294246673584,0.6488096714019775,745.6093036933456,494.0341973380744,,,,
9581.600000023842,1,0.5864071249961853,0.660057783126831,543.481726868606,501.7307228289839,,,,
9634.199999928474,0,0.4072105884552002,0.6487496495246887,745.3805927253935,493.9458238788454,,,,
9634.199999928474,1,0.5864267349243164,0.6597076654434204,543.6620158444081,501.36841781427535,,,,
9688.199999928474,0,0.40721672773361206,0.6488385200500488,745.5332234240936,494.08925949428703,,,,
9688.199999928474,1,0.5862088203430176,0.6611894965171814,543.8476922155471,502.48563496015834,,,,
9740.399999976158,0,0.40694940090179443,0.6490145921707153,745.8236453489267,494.1905400392483,,,,
9740.399999976158,1,0.5862663388252258,0.6610280275344849,543.8350822658742,502.3365162965212,,,,
9795.899999976158,0,0.40756750106811523,0.6489390134811401,744.8905249688703,494.06557150187086,,,,
9795.899999976158,1,0.5859382152557373,0.65948486328125,544.3182069339041,501.1912473769019,,,,
9849.799999952316,0,0.407082200050354,0.6498221755027771,745.4495551791136,494.67026118436956,,,,
9849.799999952316,1,0.5860375165939331,0.6594033241271973,544.2387707061799,501.1065906895025,,,,
9905.100000023842,0,0.40697312355041504,0.6492261290550232,745.8407677939103,494.36624007005133,,,,
9905.100000023842,1,0.5862878561019897,0.6583899855613708,543.8528678423638,500.41259541597583,,,,
9958.100000023842,0,0.40660932660102844,0.6505990624427795,746.4696044448012,495.43434591177845,,,,
9958.100000023842,1,0.5863655805587769,0.6575319766998291,543.7423369608989,499.8008149310246,,,,
10014.199999928474,0,0.4069671332836151,0.64927738904953,745.8761026336628,494.4167288925536,,,,
10014.199999928474,1,0.5865562558174133,0.6587688326835632,543.4950005827214,500.69312362217636,,,,
10067.100000023842,0,0.40695151686668396,0.6496305465698242,745.9087453625802,494.677202151664,,,,
10067.100000023842,1,0.5864456295967102,0.6594562530517578,543.5802774588673,501.21849370807536,,,,
10122.399999976158,0,0.406992644071579,0.6502147912979126,745.9680261646511,495.15237650444533,,,,
10122.399999976158,1,0.5861623883247375,0.6594544053077698,543.9848821510508,501.1944588275959,,,,
10178.399999976158,0,0.4072645902633667,0.6505558490753174,745.4162609944907,495.2982984156659,,,,
10178.399999976158,1,0.5859713554382324,0.6588572263717651,544.1930506509011,500.78412110984175,,,,
10232.299999952316,0,0.40721529722213745,0.6503297090530396,745.368964175208,495.0806722689397,,,,
10232.299999952316,1,0.5861749649047852,0.6590075492858887,543.8251821938422,500.9498924035608,,,,
10287.600000023842,0,0.407288134098053,0.6503133773803711,745.2919185209753,495.076984356182,,,,
10287.600000023842,1,0.5863301157951355,0.6578840017318726,543.6565535028654,500.1249186008752,,,,
10339.799999952316,0,0.4076787829399109,0.6508036851882935,744.6157292856856,495.3415073835337,,,,
10339.799999952316,1,0.586749792098999,0.6575334072113037,543.147111139428,499.8576195085496,,,,
10395.600000023842,0,0.40729647874832153,0.650963306427002,745.0739386600314,495.4406394423907,,,,
10395.600000023842,1,0.5866594910621643,0.6585698127746582,543.2102700965683,500.6319017543428,,,,
10450.199999928474,0,0.4073604345321655,0.6505524516105652,745.1646567650896,495.23179116873746,,,,
10450.199999928474,1,0.5866886377334595,0.6578037738800049,543.2433948378995,500.04261176241016,,,,
10505.600000023842,0,0.4071112871170044,0.6507594585418701,745.7424746616142,495.5087078452819,,,,
10505.600000023842,1,0.586783766746521,0.658104419708252,543.112712010077,500.2638687560086,,,,
10558.5,0,0.40744203329086304,0.6509782075881958,744.8684046965152,495.44159439007177,,,,
10558.5,1,0.587318480014801,0.6576459407806396,542.487255787696,499.902000194099,,,,
10613.899999976158,0,0.40728646516799927,0.650600790977478,745.0907065464587,495.18163466913444,,,,
10613.899999976158,1,0.5866402983665466,0.6599038243293762,543.445397472009,501.4788382018727,,,,
10666.100000023842,0,0.40722692012786865,0.650935173034668,745.4241940907607,495.5514773637406,,,,
10666.100000023842,1,0.5866411328315735,0.6604721546173096,543.3523178336715,501.93792297450415,,,,
10720.600000023842,0,0.407267302274704,0.6506601572036743,745.351817809649,495.3432000097452,,,,
10720.600000023842,1,0.5869051218032837,0.6584236025810242,543.0260414636256,500.4566831149882,,,,
10773.600000023842,0,0.4075016677379608,0.6506224870681763,744.6866720472547,495.1315783996407,,,,
10773.600000023842,1,0.5871413350105286,0.6588956117630005,542.7221374751841,500.79736802106567,,,,
10829.399999976158,0,0.4072751998901367,0.6511067152023315,745.3068340412173,495.64737022733686,,,,
10829.399999976158,1,0.5871288180351257,0.6588770747184753,542.7354022144722,500.78551109472164,,,,
10882.799999952316,0,0.4073641896247864,0.6506251692771912,744.8478998560155,495.1259281808941,,,,
10882.799999952316,1,0.5870544910430908,0.6606215238571167,542.83569420485,502.038729498325,,,,
10938.600000023842,0,0.40725570917129517,0.6500743627548218,745.2190387707878,494.8475949173329,,,,
10938.600000023842,1,0.5870727300643921,0.6587198376655579,542.7166329321392,500.7210292889367,,,,
10991.399999976158,0,0.40701988339424133,0.6501909494400024,745.5967102494407,494.9695837086255,,,,
10991.399999976158,1,0.5869276523590088,0.6587865352630615,542.9706858938441,500.73230947756906,,,,
11045.699999928474,0,0.40721601247787476,0.6504321694374084,745.0728171331156,495.00507688836,,,,
11045.699999928474,1,0.5868005752563477,0.6580700874328613,543.3573952570218,500.0944266941001,,,,
11098.600000023842,0,0.4069750905036926,0.6505624055862427,745.5429684755507,495.181198388617,,,,
11098.600000023842,1,0.5867780447006226,0.6595434546470642,543.4337653462582,501.1290422443211,,,,
11154.5,0,0.4072723388671875,0.6503146886825562,744.9497955422459,494.89431169752487,,,,
11154.5,1,0.5871149301528931,0.6594707369804382,542.7677613294163,501.20506394479037,,,,
11206.699999928474,0,0.4071139097213745,0.6509440541267395,745.1889656872922,495.36617010714383,,,,
11206.699999928474,1,0.5868628025054932,0.6599231958389282,543.2101361326016,501.46575147365746,,,,
11263.199999928474,0,0.4072955250740051,0.6508054733276367,744.8861564261591,495.230149621043,,,,
11263.199999928474,1,0.5866360068321228,0.6598119735717773,543.6126624331044,501.32398444936445,,,,
11316.5,0,0.40736132860183716,0.6506690382957458,744.7997167531846,495.1307733280879,,,,
11316.5,1,0.58754563331604,0.6574054956436157,542.1507797789266,499.75351827657335,,,,
11372.600000023842,0,0.40754616260528564,0.6510580778121948,744.5773368480292,495.41822243573085,,,,
11372.600000023842,1,0.5870106816291809,0.6565345525741577,542.9594598269183,499.0594091168967,,,,
11425.100000023842,0,0.4075334072113037,0.6510043740272522,744.5790942881291,495.3720279748981,,,,
11425.100000023842,1,0.5867464542388916,0.6580962538719177,543.3144915382064,500.1746790411453,,,,
11480.600000023842,0,0.4070247411727905,0.6508795619010925,745.3899674767132,495.36416870696115,,,,
11480.600000023842,1,0.5870357155799866,0.65763258934021,542.9188523152246,499.8546514185082,,,,
11533.600000023842,0,0.40701326727867126,0.6500511765480042,745.3837670435727,494.7570798330663,,,,
11533.600000023842,1,0.586828887462616,0.6579426527023315,543.2622037142766,500.0350245717178,,,,
11589.600000023842,0,0.4068816900253296,0.6501495242118835,745.7149843758384,494.9103668279358,,,,
11589.600000023842,1,0.5870882272720337,0.658499538898468,542.8279852950272,500.49169477292656,,,,
11641.899999976158,0,0.4069340229034424,0.650452196598053,745.7785454728147,495.19353298171586,,,,
11641.899999976158,1,0.5872534513473511,0.6586018204689026,542.6705722826223,500.5359427604788,,,,
11697.799999952316,0,0.40702077746391296,0.6501830816268921,745.5414041603515,494.93676602967133,,,,
11697.799999952316,1,0.5869348645210266,0.6589704751968384,543.2126356678098,500.7277596207584,,,,
11750.100000023842,0,0.4073261618614197,0.6495275497436523,744.9515856157124,494.3638757615994,,,,
11750.100000023842,1,0.5869892835617065,0.6596968173980713,543.0848246509807,501.2827186431374,,,,
11804.5,0,0.40707075595855713,0.6491193175315857,745.4826437556823,494.17347479976,,,,
11804.5,1,0.5869554877281189,0.6575425267219543,543.1002446789955,499.7468849883776,,,,
11857.899999976158,0,0.406767338514328,0.6497920751571655,745.8015198668339,494.6228348727754,,,,
11857.899999976158,1,0.5870983004570007,0.6586076617240906,542.7860570336151,500.5852672940676,,,,
11914.299999952316,0,0.407243549823761,0.6494588255882263,745.150562172561,494.36191931611285,,,,
11914.299999952316,1,0.5868510007858276,0.6604729890823364,543.1394388154506,501.90834569648473,,,,
11966.799999952316,0,0.40715736150741577,0.6499146223068237,745.3742136926116,494.74731231985,,,,
11966.799999952316,1,0.5875389575958252,0.6581788063049316,542.0520736612187,500.36770021725556,,,,
12021.299999952316,0,0.40704667568206787,0.6498571038246155,745.3541143352732,494.6240353979971,,,,
12021.299999952316,1,0.587458610534668,0.6589821577072144,542.204007582256,500.9199109925189,,,,
12073.699999928474,0,0.4068911075592041,0.6495338082313538,745.6594380643601,494.4451392860693,,,,
12073.699999928474,1,0.5864768028259277,0.6609721779823303,543.6775944426589,502.2355598512563,,,,
12129.199999928474,0,0.40703248977661133,0.650127112865448,745.4509249222348,494.85839565021405,,,,
12129.199999928474,1,0.587099015712738,0.6586606502532959,542.688898155135,500.6752460857871,,,,
12183.799999952316,0,0.40702688694000244,0.650011420249939,745.5304818134327,494.8116104580536,,,,
12183.799999952316,1,0.587004542350769,0.6585562825202942,542.8962308510452,500.55359202562573,,,,
12239.5,0,0.4067942500114441,0.6505336165428162,745.8442145993083,495.19560830293943,,,,
12239.5,1,0.5867509245872498,0.6598088145256042,543.1855423430073,501.4744700495762,,,,
12293.199999928474,0,0.40718093514442444,0.65055912733078,745.1734830915153,495.12501465548746,,,,
12293.199999928474,1,0.5866928100585938,0.6592201590538025,543.3909832844225,500.9796259017773,,,,
12348.299999952316,0,0.40705573558807373,0.6499441266059875,745.369386545227,494.7003733136003,,,,
12348.299999952316,1,0.5867568850517273,0.6582398414611816,543.3099745019484,500.2732482096768,,,,
12400.699999928474,0,0.40694814920425415,0.6505769491195679,745.6658337058658,495.23614180686195,,,,
12400.699999928474,1,0.5866143703460693,0.6597393155097961,543.5458686307101,501.323648535841,,,,
12457.600000023842,0,0.40715253353118896,0.6505885124206543,745.1594423607261,495.1203984174008,,,,
12457.600000023842,1,0.5871288776397705,0.6576656699180603,542.7871164476614,499.88525228405604,,,,
12510.199999928474,0,0.4072645902633667,0.65030837059021,744.922760843232,494.8706887909678,,,,
12510.199999928474,1,0.5868805646896362,0.6595727801322937,543.1577654999737,501.2296373901895,,,,
12565.299999952316,0,0.4069395661354065,0.6506190896034241,745.6302190133939,495.2430793358121,,,,
12565.299999952316,1,0.5869168043136597,0.657888650894165,543.1254991343776,500.0093578852161,,,,
12617.199999928474,0,0.4072067141532898,0.6506302952766418,744.8949522334663,495.0495454610763,,,,
12617.199999928474,1,0.5870010852813721,0.6603421568870544,542.947259699677,501.81418502364033,,,,
12671.799999952316,0,0.40728211402893066,0.6503246426582336,745.0015297321883,494.93448625245514,,,,
12671.799999952316,1,0.5870743989944458,0.6602460741996765,542.9409370520859,501.6973245191284,,,,
12724.799999952316,0,0.40697336196899414,0.6504969596862793,745.6127373589691,495.16810387141163,,,,
12724.799999952316,1,0.5871334671974182,0.6582909226417542,542.7083221265539,500.3748864446612,,,,
12781.5,0,0.4069596529006958,0.6501858234405518,745.5704251868708,494.91394661169517,,,,
12781.5,1,0.5872868299484253,0.657921314239502,542.4746158645944,500.1289032772063,,,,
12834.299999952316,0,0.4069859981536865,0.6500915884971619,745.5297979626692,494.8426098696933,,,,
12834.299999952316,1,0.5867713093757629,0.6593356132507324,543.2047335272607,501.10932321258605,,,,
12890.399999976158,0,0.40747779607772827,0.6488275527954102,744.6899252655336,493.82517873177864,,,,
12890.399999976158,1,0.5868756771087646,0.6584945917129517,543.1035155089396,500.48625297343386,,,,
12942.699999928474,0,0.4069298505783081,0.6493502855300903,745.549974433577,494.28269295978885,,,,
12942.699999928474,1,0.5862898826599121,0.6596675515174866,543.9464807320644,501.2800427553954,,,,
12997.799999952316,0,0.4077126979827881,0.6509296894073486,744.7303198577301,495.5116742847401,,,,
12997.799999952316,1,0.5873348712921143,0.6578309535980225,542.4870827415573,500.0239621687,,,,
13050,0,0.40698379278182983,0.6496544480323792,745.4388931130878,494.4803092771918,,,,
13050,1,0.5866602659225464,0.6604227423667908,543.2915601565595,501.9218956941888,,,,
13105,0,0.40699654817581177,0.6494860053062439,745.5112094963696,494.40402060322714,,,,
13105,1,0.5868902206420898,0.6598174571990967,543.1402677486567,501.40860667458935,,,,
13158.199999928474,0,0.4070419371128082,0.6503589153289795,745.0873841842248,494.8444975256568,,,,
13158.199999928474,1,0.5869095921516418,0.6584317684173584,543.1009986287577,500.41879613425164,,,,
13214.299999952316,0,0.4070703089237213,0.6502810716629028,745.133695692408,494.83148365135503,,,,
13214.299999952316,1,0.5867184996604919,0.660228431224823,543.322676716315,501.72485952563994,,,,
13266.699999928474,0,0.4062787592411041,0.6502573490142822,746.7702376710446,495.12867743782454,,,,
13266.699999928474,1,0.5874637365341187,0.6586617231369019,542.0677694419823,500.75816161187475,,,,
13320.399999976158,0,0.4061739146709442,0.6501060128211975,746.9966231335032,495.0646587074577,,,,
13320.399999976158,1,0.5873737335205078,0.6592004895210266,542.276826047578,501.0962430017441,,,,
13373.899999976158,0,0.4071198105812073,0.6467190980911255,745.4993790279605,492.4851188002902,,,,
13373.899999976158,1,0.5868550539016724,0.6602953672409058,542.8741185803498,501.9199688249134,,,,
13430.100000023842,0,0.40687501430511475,0.6468707919120789,746.1876328620555,492.778040780617,,,,
13430.100000023842,1,0.5868463516235352,0.6594675779342651,542.819128224168,501.358902811559,,,,
13483.100000023842,0,0.4074505567550659,0.6481249928474426,745.4793425591441,493.6947203539739,,,,
13483.100000023842,1,0.5864149332046509,0.6597148776054382,543.4936828769839,501.47214926889467,,,,
13538.600000023842,0,0.4070654511451721,0.6495840549468994,746.2606832116896,494.8818234545375,,,,
13538.600000023842,1,0.587078869342804,0.6606769561767578,542.2244921441177,502.38401118636904,,,,
13591.600000023842,0,0.4074088931083679,0.6487995386123657,746.115746615625,494.45266650395035,,,,
13591.600000023842,1,0.5869451761245728,0.6603192090988159,542.5250160825873,502.05970388394627,,,,
13647.799999952316,0,0.4072590470314026,0.6497957706451416,746.2958640382966,495.1646457581001,,,,
13647.799999952316,1,0.5868123769760132,0.6590773463249207,542.7682111057114,501.1274543617631,,,,
13700.600000023842,0,0.4072701334953308,0.6496383547782898,746.1988002132232,495.0134904178325,,,,
13700.600000023842,1,0.5870625972747803,0.6599671840667725,542.2439436728065,501.873680967716,,,,
13754.600000023842,0,0.4072268009185791,0.6502243280410767,746.3294796318401,495.4697247462529,,,,
13754.600000023842,1,0.5880470871925354,0.66083824634552,540.4557541078029,502.76497255694716,,,,
13807.199999928474,0,0.40685391426086426,0.6508980989456177,746.8228480490765,495.96214457595005,,,,
13807.199999928474,1,0.5878601670265198,0.6608805656433105,540.6282990480182,502.82789341033197,,,,
13863.199999928474,0,0.4065984785556793,0.6515575051307678,747.2312714413383,496.47376476256596,,,,
13863.199999928474,1,0.5871840715408325,0.6603466272354126,541.8537544611729,502.2658829385853,,,,
13916.600000023842,0,0.4071265459060669,0.6495130658149719,746.5484878181269,494.9986780460339,,,,
13916.600000023842,1,0.587099015712738,0.6608322262763977,541.9205901795503,502.63655551655415,,,,
13972.5,0,0.40678125619888306,0.6511784791946411,746.9732719461841,496.1900211137495,,,,
13972.5,1,0.587528645992279,0.6612943410873413,541.1404601945932,503.0830539882137,,,,
14025.100000023842,0,0.407147079706192,0.6510963439941406,746.5780918746995,496.1637646806142,,,,
14025.100000023842,1,0.5873133540153503,0.6613582372665405,541.6107611851007,503.0329771345631,,,,
14081.199999928474,0,0.4072985351085663,0.650926411151886,746.3323065793735,496.0180738078766,,,,
14081.199999928474,1,0.5868710279464722,0.6597433090209961,542.4115117461531,501.75214436828594,,,,
14134,0,0.40707194805145264,0.6513367295265198,746.5282718958525,496.27091787191176,,,,
14134,1,0.5868555307388306,0.6603742241859436,542.4518391332083,502.1959655569307,,,,
14188.799999952316,0,0.4072840213775635,0.6509584188461304,746.3091845215857,496.02228942148406,,,,
14188.799999952316,1,0.5878292322158813,0.6609431505203247,540.7413088418796,502.8372330412069,,,,
14241.899999976158,0,0.4069863557815552,0.6512402892112732,746.519663648789,496.14743075980215,,,,
14241.899999976158,1,0.5871002674102783,0.6613386273384094,542.1671316411617,502.87575717340997,,,,
14297.199999928474,0,0.40765586495399475,0.6505481004714966,745.5176783834148,495.58187598389213,,,,
14297.199999928474,1,0.5866341590881348,0.6609179973602295,543.0580042548803,502.4204214196081,,,,
14349.699999928474,0,0.4070160984992981,0.6498600244522095,746.4748832240865,495.1505524605584,,,,
14349.699999928474,1,0.5867605209350586,0.6614727973937988,542.6923573597518,502.92597840136534,,,,
14405.199999928474,0,0.40707510709762573,0.6504287123680115,746.3451381196593,495.5349861612702,,,,
14405.199999928474,1,0.586654007434845,0.6602551937103271,542.918671070939,502.00272934899874,,,,
14458.600000023842,0,0.4069455862045288,0.650516927242279,746.686849249864,495.67922022537414,,,,
14458.600000023842,1,0.5863640308380127,0.6626042127609253,543.3399236059726,503.66793169717977,,,,
14514.199999928474,0,0.4071400761604309,0.6495131850242615,746.226693021182,494.85945102925103,,,,
14514.199999928474,1,0.5867223143577576,0.6627383232116699,542.5613668587167,503.9291255573098,,,,
14566.5,0,0.4071088135242462,0.6497363448143005,746.3108699307627,495.04058707037643,,,,
14566.5,1,0.5868516564369202,0.6615197658538818,542.6030081562513,502.9457029351598,,,,
14620.799999952316,0,0.4071548283100128,0.6496567726135254,746.2382838679376,494.9769627299048,,,,
14620.799999952316,1,0.5867464542388916,0.6608906984329224,542.8733616337018,502.42221032611565,,,,
14674,0,0.40709418058395386,0.650068998336792,746.451713649463,495.336224551375,,,,
14674,1,0.5867486596107483,0.6598683595657349,542.8148322750279,501.7152012456469,,,,
14727.399999976158,0,0.4072245955467224,0.6500207185745239,746.1360338595572,495.2330057616928,,,,
14727.399999976158,1,0.5872430801391602,0.6606334447860718,541.8985528847796,502.41170330064983,,,,
14781.299999952316,0,0.4074791371822357,0.6496260166168213,745.7134715633205,494.90376474790344,,,,
14781.299999952316,1,0.5868561863899231,0.6601287126541138,542.6039810575885,501.9406442532975,,,,
14835.5,0,0.40683653950691223,0.650292158126831,746.8480582864289,495.5272159375698,,,,
14835.5,1,0.5870605707168579,0.6602044105529785,542.2671081879856,502.0339303268477,,,,
14888,0,0.4069767892360687,0.6498522162437439,746.4885080024534,495.1280107229422,,,,
14888,1,0.5875104069709778,0.6606731414794922,541.4322977195433,502.5028523210292,,,,
14942.5,0,0.4070603847503662,0.6500952243804932,746.087174216939,495.16506764189637,,,,
14942.5,1,0.5871429443359375,0.6601476669311523,542.1466337045233,502.0007912403889,,,,
14994.299999952316,0,0.40715253353118896,0.64937424659729,746.1371505163996,494.7251219471294,,,,
14994.299999952316,1,0.5865577459335327,0.661421000957489,543.0731396016034,502.8258423990933,,,,
15048.199999928474,0,0.4072433412075043,0.6497795581817627,745.9626477949388,494.9896229774561,,,,
15048.199999928474,1,0.5871974229812622,0.6615574359893799,541.7725628506191,503.1697188627998,,,,
15100.199999928474,0,0.40714728832244873,0.6502364277839661,746.2263008575939,495.3842883447807,,,,
15100.199999928474,1,0.5873284339904785,0.6610068082809448,541.9131722919786,502.6173391105161,,,,
15155.100000023842,0,0.4070342779159546,0.6502841114997864,746.4477993725692,495.454139034926,,,,
15155.100000023842,1,0.587174117565155,0.6606252193450928,542.0640399954614,502.3664794264198,,,,
15208,0,0.40735870599746704,0.650725245475769,746.0013335732508,495.75736734923845,,,,
15208,1,0.5872543454170227,0.6608136892318726,541.8198730269125,502.5739734096024,,,,
15262.799999952316,0,0.4073294997215271,0.650425910949707,746.044162085398,495.54436055275073,,,,
15262.799999952316,1,0.5876251459121704,0.6605590581893921,541.3615211298687,502.38242883302144,,,,
15316.399999976158,0,0.40740063786506653,0.6504023671150208,746.0957952381289,495.59282841272875,,,,
15316.399999976158,1,0.5872151255607605,0.6616244912147522,541.8144086888568,503.1857426934273,,,,
15371.199999928474,0,0.40735796093940735,0.6486859321594238,746.1504434559646,494.3570051490455,,,,
15371.199999928474,1,0.5882660150527954,0.6635714173316956,540.2481334638125,504.6973053492941,,,,
15424.199999928474,0,0.4072055220603943,0.6475740075111389,746.4230686431926,493.59157478436157,,,,
15424.199999928474,1,0.5874485969543457,0.6601388454437256,541.3674743728353,502.1898432034539,,,,
15478.600000023842,0,0.4079008400440216,0.6479860544204712,745.8263741469732,494.0189074571989,,,,
15478.600000023842,1,0.5876646041870117,0.6613565683364868,541.050459334654,503.08661268818787,,,,
15531.299999952316,0,0.40810492634773254,0.647309422492981,745.5984259614836,493.54632139300423,,,,
15531.299999952316,1,0.5880221724510193,0.6618104577064514,540.3995143588518,503.50779065232734,,,,
15586.199999928474,0,0.40843215584754944,0.6471182107925415,745.5424248219425,493.5646017539195,,,,
15586.199999928474,1,0.588228702545166,0.6640621423721313,540.2796489429355,505.0586022022438,,,,
15638.299999952316,0,0.40888023376464844,0.6472309231758118,745.3827133681416,493.81677138567227,,,,
15638.299999952316,1,0.589192271232605,0.6638522148132324,538.5069265971955,505.16539885244157,,,,
15692.899999976158,0,0.40877771377563477,0.6448522806167603,745.6063840787228,492.14136835467264,,,,
15692.899999976158,1,0.5889593362808228,0.6631693840026855,538.8627304210752,504.64681916937195,,,,
15745.899999976158,0,0.40873590111732483,0.6452993154525757,745.9925928541082,492.59424104733296,,,,
15745.899999976158,1,0.5896247625350952,0.6655030250549316,537.5931815090565,506.51895135697134,,,,
15800.899999976158,0,0.4088679552078247,0.6455764770507812,745.883381568556,492.816868535632,,,,
15800.899999976158,1,0.5915402173995972,0.6630974411964417,534.5762496788177,505.0343400982661,,,,
15852.699999928474,0,0.4093986749649048,0.6456089615821838,745.0883298115828,492.79548846419726,,,,
15852.699999928474,1,0.5915337204933167,0.666054368019104,534.4184526044764,507.2334326392461,,,,
15907.299999952316,0,0.4094173014163971,0.6454285979270935,745.1512936837058,492.69925794400245,,,,
15907.299999952316,1,0.5903714895248413,0.6670851111412048,536.6309397733783,507.66094701271595,,,,
15960,0,0.40943241119384766,0.6459734439849854,745.190363730092,493.1140031013873,,,,
15960,1,0.5915675759315491,0.6631549596786499,534.6200287554885,505.0420857263238,,,,
16014.5,0,0.4095926284790039,0.6460161209106445,745.0041173539759,493.1519405788781,,,,
16014.5,1,0.5908474326133728,0.6658809185028076,535.7120676722894,506.93111997211037,,,,
16066.799999952316,0,0.40951523184776306,0.6461958289146423,745.2104764194767,493.3221324152495,0.4871389458827192,0.00022044557301736142,0.0065631866455078125,
16066.799999952316,1,0.5906296372413635,0.6673717498779297,535.9358295430513,508.02845647800746,0.4871389458827192,0.00022044557301736142,0.0065631866455078125,
16126,0,0.4100954234600067,0.6458259224891663,744.3213031851134,492.9999588547113,0.4871389458827192,0.00022044557301736142,0.0065631866455078125,
16126,1,0.5905033946037292,0.6659419536590576,536.1348140334716,506.9827471074707,0.4871389458827192,0.00022044557301736142,0.0065631866455078125,
16177.799999952316,0,0.4100939631462097,0.6460175514221191,744.4280478101513,493.17798827425287,0.4871389458827192,0.00022044557301736142,0.0065631866455078125,
16177.799999952316,1,0.5906360745429993,0.6656448245048523,536.0043479588082,506.75163611995333,0.4871389458827192,0.00022044557301736142,0.0065631866455078125,
16233.5,0,0.4099865257740021,0.6463789939880371,744.6061042968073,493.4535893176145,0.4871389458827192,0.00022044557301736142,0.0065631866455078125,
16233.5,1,0.5922710299491882,0.6637209057807922,533.5940851592374,505.50307281863456,0.4871389458827192,0.00022044557301736142,0.0065631866455078125,
16286.899999976158,0,0.4103112816810608,0.6469106674194336,744.1489991005752,493.8206971766693,0.4871389458827192,0.00022044557301736142,0.0065631866455078125,
16286.899999976158,1,0.5924462676048279,0.6628064513206482,533.4316963726558,504.8183575153386,0.4871389458827192,0.00022044557301736142,0.0065631866455078125,
16341.299999952316,0,0.4100066125392914,0.6472368240356445,744.7872956439503,494.1485975272323,0.4871389458827192,0.00022044557301736142,0.0065631866455078125,
16341.299999952316,1,0.5928671360015869,0.662589430809021,532.6654232302831,504.75799109818024,0.4871389458827192,0.00022044557301736142,0.0065631866455078125,
16393.399999976158,0,0.4101818799972534,0.6476212739944458,744.5933806090235,494.4366335013608,0.4871389458827192,0.00022044557301736142,0.0065631866455078125,
16393.399999976158,1,0.5924386978149414,0.6640562415122986,533.2107647709306,505.8153689280674,0.4871389458827192,0.00022044557301736142,0.0065631866455078125,
16448.899999976158,0,0.4104166030883789,0.6473138928413391,744.1430604095419,494.1596319903201,0.4871389458827192,0.00022044557301736142,0.0065631866455078125,
16448.899999976158,1,0.5910959243774414,0.6659524440765381,535.1586357974084,507.08411155353843,0.4871389458827192,0.00022044557301736142,0.0065631866455078125,
16501.5,0,0.41041141748428345,0.647551953792572,744.2220873156064,494.3580461926223,0.4871389458827192,0.00022044557301736142,0.0065631866455078125,
16501.5,1,0.5907534956932068,0.6635971069335938,535.7318164532529,505.3304010448981,0.4871389458827192,0.00022044557301736142,0.0065631866455078125,
16557.899999976158,0,0.4103703796863556,0.6471085548400879,744.25516942169,494.0315639024203,0.4871389458827192,0.00022044557301736142,0.0065631866455078125,
16557.899999976158,1,0.5922443270683289,0.6636677384376526,533.436750238787,505.5451335262216,0.4871389458827192,0.00022044557301736142,0.0065631866455078125,
16611.600000023842,0,0.41040682792663574,0.6474705338478088,744.313510006807,494.3310706330825,0.4871389458827192,0.00022044557301736142,0.0065631866455078125,
16611.600000023842,1,0.5919804573059082,0.6619658470153809,534.0803995957347,504.19070093833534,0.4871389458827192,0.00022044557301736142,0.0065631866455078125,
16668.100000023842,0,0.41027864813804626,0.6474601626396179,744.3807177721332,494.2877489038074,0.4871389458827192,0.00022044557301736142,0.0065631866455078125,
16668.100000023842,1,0.5918276309967041,0.6617860794067383,534.2646071497182,504.06615444419947,0.4871389458827192,0.00022044557301736142,0.0065631866455078125,
16720.600000023842,0,0.4104572832584381,0.6473842263221741,744.0706762357539,494.20265439596756,0.4871389458827192,0.00022044557301736142,0.0065631866455078125,
16720.600000023842,1,0.5926036238670349,0.6605095267295837,533.1471132498388,503.1998720723289,0.4871389458827192,0.00022044557301736142,0.0065631866455078125,
16775.699999928474,0,0.41034001111984253,0.6472492814064026,744.3946012086719,494.17013575306964,0.4871389458827192,0.00022044557301736142,0.0065631866455078125,
16775.699999928474,1,0.5923250913619995,0.6606522798538208,533.3266430513312,503.3767978357497,0.4871389458827192,0.00022044557301736142,0.0065631866455078125,
16828.699999928474,0,0.41033366322517395,0.6473292708396912,744.2462665642182,494.16959634765885,0.4871389458827192,0.00022044557301736142,0.0065631866455078125,
16828.699999928474,1,0.5914417505264282,0.6638135313987732,534.7237530738543,505.5407798154539,0.4871389458827192,0.00022044557301736142,0.0065631866455078125,
16886.5,0,0.41034549474716187,0.6474959850311279,744.3630346001859,494.3387073305825,0.4871389458827192,0.00022044557301736142,0.0065631866455078125,
16886.5,1,0.591985821723938,0.6622553467750549,533.9497864380334,504.4518354018609,0.4871389458827192,0.00022044557301736142,0.0065631866455078125,
16939.100000023842,0,0.4102434813976288,0.6472399234771729,744.4310992583618,494.1311736712887,0.4871389458827192,0.00022044557301736142,0.0065631866455078125,
16939.100000023842,1,0.5918077826499939,0.6613115072250366,534.4177007664089,503.6694632866901,0.4871389458827192,0.00022044557301736142,0.0065631866455078125,
16994.699999928474,0,0.4100993871688843,0.6464201211929321,744.7618383669221,493.5948920446509,0.4871389458827192,0.00022044557301736142,0.0065631866455078125,
16994.699999928474,1,0.5905912518501282,0.6603001952171326,536.0079573396945,502.9269479805679,0.4871389458827192,0.00022044557301736142,0.0065631866455078125,
17046.399999976158,0,0.4101564288139343,0.647415816783905,744.675822960553,494.3070307695736,0.4871389458827192,0.00022044557301736142,0.0065631866455078125,
17046.399999976158,1,0.591708242893219,0.6607133150100708,534.4217250753454,503.29192284138594,0.4871389458827192,0.00022044557301736142,0.0065631866455078125,
17101.299999952316,0,0.4102475345134735,0.6477154493331909,744.5896725032611,494.5339134362747,0.4871389458827192,0.00022044557301736142,0.0065631866455078125,
17101.299999952316,1,0.5908560752868652,0.6612781882286072,535.6886729916948,503.62253131669934,0.4871389458827192,0.00022044557301736142,0.0065631866455078125,
17156.699999928474,0,0.40996938943862915,0.6466689705848694,744.9204000009253,493.77119463537576,0.4871389458827192,0.00022044557301736142,0.0065631866455078125,
17156.699999928474,1,0.5912730097770691,0.6605950593948364,535.1085302353404,503.15088029915495,0.4871389458827192,0.00022044557301736142,0.0065631866455078125,
17212.299999952316,0,0.4096726179122925,0.6456420421600342,745.1735498316452,492.9850644129671,0.4871389458827192,0.00022044557301736142,0.0065631866455078125,
17212.299999952316,1,0.5912678241729736,0.6636278033256531,535.0795513903857,505.34987734726144,0.4871389458827192,0.00022044557301736142,0.0065631866455078125,
17267.100000023842,0,0.41017481684684753,0.6465863585472107,744.5901338140751,493.6869629972006,0.4871389458827192,0.00022044557301736142,0.0065631866455078125,
17267.100000023842,1,0.5922178626060486,0.6619822382926941,533.6690262497943,504.24831405996457,0.4871389458827192,0.00022044557301736142,0.0065631866455078125,
17320.5,0,0.4096040725708008,0.6451396942138672,745.2264113193908,492.61039526028543,0.4871389458827192,0.00022044557301736142,0.0065631866455078125,
17320.5,1,0.592105507850647,0.66254723072052,533.8152624290897,504.6540818186983,0.4871389458827192,0.00022044557301736142,0.0065631866455078125,
17375.199999928474,0,0.40983760356903076,0.6461650729179382,745.0134133614857,493.38055331276126,0.4871389458827192,0.00022044557301736142,0.0065631866455078125,
17375.199999928474,1,0.5912899374961853,0.6633803248405457,535.1766433778275,505.1171544313796,0.4871389458827192,0.00022044557301736142,0.0065631866455078125,
17428.699999928474,0,0.40992477536201477,0.6456999778747559,744.8963975790571,493.0436764787785,0.4871389458827192,0.00022044557301736142,0.0065631866455078125,
17428.699999928474,1,0.5913822054862976,0.6616692543029785,534.9494395443841,503.93267279596654,0.4871389458827192,0.00022044557301736142,0.0065631866455078125,
17484.299999952316,0,0.41006773710250854,0.6466009020805359,744.847922750319,493.7416917236258,0.4871389458827192,0.00022044557301736142,0.0065631866455078125,
17484.299999952316,1,0.5917686223983765,0.6616190075874329,534.2865656915998,503.9687295766422,0.4871389458827192,0.00022044557301736142,0.0065631866455078125,
17536.799999952316,0,0.41023075580596924,0.6467404365539551,744.7760241442469,493.8915861505704,0.4871389458827192,0.00022044557301736142,0.0065631866455078125,
17536.799999952316,1,0.5913875699043274,0.6603623628616333,534.9675573220513,502.98088129537297,0.4871389458827192,0.00022044557301736142,0.0065631866455078125,
17591.199999928474,0,0.40988779067993164,0.6458412408828735,745.1069435509373,493.20516670964787,0.4871389458827192,0.00022044557301736142,0.0065631866455078125,
17591.199999928474,1,0.5916914939880371,0.6618912816047668,534.3763666586894,504.1685637871869,0.4871389458827192,0.00022044557301736142,0.0065631866455078125,
17643.5,0,0.4097442030906677,0.646669864654541,745.1760572778724,493.7598821504673,0.4871389458827192,0.00022044557301736142,0.0065631866455078125,
17643.5,1,0.5911900401115417,0.6622928380966187,535.0481634735755,504.4449332536825,0.4871389458827192,0.00022044557301736142,0.0065631866455078125,
17697.600000023842,0,0.40973812341690063,0.6471660733222961,745.3151088611859,494.1650633159745,0.4871389458827192,0.00022044557301736142,0.0065631866455078125,
17697.600000023842,1,0.5920968651771545,0.6604592204093933,533.7230059303346,503.1942918376222,0.4871389458827192,0.00022044557301736142,0.0065631866455078125,
17748.899999976158,0,0.40982505679130554,0.6477066874504089,745.2606829825831,494.5748395657077,0.4871389458827192,0.00022044557301736142,0.0065631866455078125,
17748.899999976158,1,0.5919198989868164,0.6602824926376343,534.103385033658,503.00198655336663,0.4871389458827192,0.00022044557301736142,0.0065631866455078125,
17802.899999976158,0,0.40992045402526855,0.6481829285621643,745.2704207862581,494.9648593077119,0.4871389458827192,0.00022044557301736142,0.0065631866455078125,
17802.899999976158,1,0.5921813249588013,0.6604552865028381,533.6189315759885,503.18976644133505,0.4871389458827192,0.00022044557301736142,0.0065631866455078125,
17856.100000023842,0,0.4098697900772095,0.6482203602790833,745.3943450421668,495.0127004845329,0.4871389458827192,0.00022044557301736142,0.0065631866455078125,
17856.100000023842,1,0.5920811891555786,0.6603415608406067,533.7786817104626,503.0946086937972,0.4871389458827192,0.00022044557301736142,0.0065631866455078125,
17911.5,0,0.40968677401542664,0.6493268013000488,745.796117115913,495.867821670425,0.4871389458827192,0.00022044557301736142,0.0065631866455078125,
17911.5,1,0.5907946825027466,0.6619583368301392,535.683759807789,504.14847211755193,0.4871389458827192,0.00022044557301736142,0.0065631866455078125,
17963.899999976158,0,0.4093745946884155,0.649450957775116,746.2337015168569,495.970325148527,0.4871389458827192,0.00022044557301736142,0.0065631866455078125,
17963.899999976158,1,0.590724527835846,0.6624726057052612,535.6653280101086,504.56526603257845,0.4871389458827192,0.00022044557301736142,0.0065631866455078125,
18017.5,0,0.409711092710495,0.6485906839370728,745.6013032806609,495.28068157548756,0.4871389458827192,0.00022044557301736142,0.0065631866455078125,
18017.5,1,0.591135561466217,0.6623859405517578,534.99514010791,504.5640116199726,0.4871389458827192,0.00022044557301736142,0.0065631866455078125,
18069.799999952316,0,0.40997591614723206,0.6494067907333374,745.0953814874166,495.80890777148716,0.4871389458827192,0.00022044557301736142,0.0065631866455078125,
18069.799999952316,1,0.5901760458946228,0.6630359888076782,536.4469161419277,504.936766082499,0.4871389458827192,0.00022044557301736142,0.0065631866455078125,
18123.399999976158,0,0.41008618474006653,0.6489768028259277,744.9441303393749,495.4956863573216,0.4871389458827192,0.00022044557301736142,0.0065631866455078125,
18123.399999976158,1,0.5905397534370422,0.6635514497756958,535.6831093997367,505.4345196543556,0.4871389458827192,0.00022044557301736142,0.0065631866455078125,
18175.799999952316,0,0.4103103280067444,0.6486130356788635,744.5365650249349,495.1901215060867,0.4871389458827192,0.00022044557301736142,0.0065631866455078125,
18175.799999952316,1,0.5909741520881653,0.6642051935195923,535.0880280313828,505.92151294497484,0.4871389458827192,0.00022044557301736142,0.0065631866455078125,
18230.600000023842,0,0.4099675714969635,0.6492332220077515,745.0424149969282,495.66101063769884,0.4871389458827192,0.00022044557301736142,0.0065631866455078125,
18230.600000023842,1,0.5905775427818298,0.6637469530105591,535.6941325841539,505.55037022382726,0.4871389458827192,0.00022044557301736142,0.0065631866455078125,
18282.600000023842,0,0.40997710824012756,0.6487203240394592,744.9069450906374,495.24685936430365,0.4871389458827192,0.00022044557301736142,0.0065631866455078125,
18282.600000023842,1,0.5903297066688538,0.6634268164634705,536.150036036261,505.26112219459566,0.4871389458827192,0.00022044557301736142,0.0065631866455078125,
18338,0,0.4099993407726288,0.64836585521698,744.7559235221914,494.94642484415397,0.4871389458827192,0.00022044557301736142,0.0065631866455078125,
18338,1,0.5910853147506714,0.6621986627578735,534.9627895739344,504.46970311575865,0.4871389458827192,0.00022044557301736142,0.0065631866455078125,
18389.799999952316,0,0.4098109304904938,0.6494801044464111,745.3568515666386,495.8796943864045,0.4871389458827192,0.00022044557301736142,0.0065631866455078125,
18389.799999952316,1,0.5915446281433105,0.6626558303833008,534.2555965975931,504.84832772859767,0.4871389458827192,0.00022044557301736142,0.0065631866455078125,
18443.5,0,0.4099454879760742,0.649137556552887,745.0724806937166,495.59278171186395,0.4871389458827192,0.00022044557301736142,0.0065631866455078125,
18443.5,1,0.591808021068573,0.6604012846946716,533.8816234547536,503.24020749967525,0.4871389458827192,0.00022044557301736142,0.0065631866455078125,
18495.399999976158,0,0.4102751612663269,0.648249626159668,744.4021512399726,494.86247174197416,0.4871389458827192,0.00022044557301736142,0.0065631866455078125,
18495.399999976158,1,0.59173983335495,0.6605633497238159,534.1874280526577,503.2661499391667,0.4871389458827192,0.00022044557301736142,0.0065631866455078125,
18551.600000023842,0,0.41004300117492676,0.6489513516426086,744.8252247319098,495.4141601612966,0.4871389458827192,0.00022044557301736142,0.0065631866455078125,
18551.600000023842,1,0.5911146402359009,0.662824273109436,535.0557118484963,504.8653482808739,0.4871389458827192,0.00022044557301736142,0.0065631866455078125,
18604,0,0.4098884165287018,0.64833003282547,744.9888752870085,494.9542514006523,0.4871389458827192,0.00022044557301736142,0.0065631866455078125,
18604,1,0.5913188457489014,0.6627607941627502,534.6945823768832,504.8616032337138,0.4871389458827192,0.00022044557301736142,0.0065631866455078125,
18658.100000023842,0,0.4101865589618683,0.648178219795227,744.5308911440151,494.8167480469014,0.4871389458827192,0.00022044557301736142,0.0065631866455078125,
18658.100000023842,1,0.5914863348007202,0.6622268557548523,534.6355034218954,504.4116514681718,0.4871389458827192,0.00022044557301736142,0.0065631866455078125,
18710.600000023842,0,0.4100232720375061,0.6488984823226929,744.823323721279,495.36613146712335,0.4871389458827192,0.00022044557301736142,0.0065631866455078125,
18710.600000023842,1,0.5915136337280273,0.6615028381347656,534.5283813861344,503.92093545234263,0.4871389458827192,0.00022044557301736142,0.0065631866455078125,
18765.399999976158,0,0.41008830070495605,0.6486786007881165,744.6810675751253,495.18606026858095,0.4871389458827192,0.00022044557301736142,0.0065631866455078125,
18765.399999976158,1,0.5912564992904663,0.6627097129821777,534.7372736615125,504.8403286222288,0.4871389458827192,0.00022044557301736142,0.0065631866455078125,
18817.799999952316,0,0.4099513292312622,0.6488677263259888,744.9810507978191,495.3680194017492,0.4871389458827192,0.00022044557301736142,0.0065631866455078125,
18817.799999952316,1,0.591120719909668,0.6629841327667236,534.8547402630383,505.0613319417697,0.4871389458827192,0.00022044557301736142,0.0065631866455078125,
18871.799999952316,0,0.40985965728759766,0.6491313576698303,745.2003917510282,495.59483500027454,0.4871389458827192,0.00022044557301736142,0.0065631866455078125,
18871.799999952316,1,0.5913517475128174,0.6621872186660767,534.6335841040241,504.45652509014315,0.4871389458827192,0.00022044557301736142,0.0065631866455078125,
18924.5,0,0.41016286611557007,0.6493076682090759,744.6424807850582,495.6599506112626,0.4871389458827192,0.00022044557301736142,0.0065631866455078125,
18924.5,1,0.5915109515190125,0.6625291109085083,534.4751835100805,504.68368642962423,0.4871389458827192,0.00022044557301736142,0.0065631866455078125,
18978.799999952316,0,0.4099932610988617,0.6489413380622864,744.9169979374947,495.417231037759,0.4871389458827192,0.00022044557301736142,0.0065631866455078125,
18978.799999952316,1,0.5911334753036499,0.6622410416603088,535.0329140493668,504.4448672874277,0.4871389458827192,0.00022044557301736142,0.0065631866455078125,
19031.799999952316,0,0.41003528237342834,0.6492708921432495,744.9315518536233,495.67937550097355,0.4871389458827192,0.00022044557301736142,0.0065631866455078125,
19031.799999952316,1,0.5907658338546753,0.6627531051635742,535.33903690856,504.88251784210746,0.4871389458827192,0.00022044557301736142,0.0065631866455078125,
19086.699999928474,0,0.41004478931427,0.6487536430358887,744.8643111070238,495.2869332504516,0.4871389458827192,0.00022044557301736142,0.0065631866455078125,
19086.699999928474,1,0.5910558700561523,0.6629438996315002,535.1781662209918,504.931464057841,0.4871389458827192,0.00022044557301736142,0.0065631866455078125,
19138.600000023842,0,0.4101433753967285,0.6481370329856873,744.7465067358031,494.8460307708113,0.4871389458827192,0.00022044557301736142,0.0065631866455078125,
19138.600000023842,1,0.5912710428237915,0.6625128388404846,534.8664583495489,504.6364869747594,0.4871389458827192,0.00022044557301736142,0.0065631866455078125,
19193.399999976158,0,0.4099593758583069,0.6484678387641907,744.91705872283,495.0604553886136,0.4871389458827192,0.00022044557301736142,0.0065631866455078125,
19193.399999976158,1,0.5908430814743042,0.6627019643783569,535.4459692457145,504.75921004664184,0.4871389458827192,0.00022044557301736142,0.0065631866455078125,
19247.100000023842,0,0.41006410121917725,0.6485437750816345,744.7584582346466,495.10610776025453,0.4871389458827192,0.00022044557301736142,0.0065631866455078125,
19247.100000023842,1,0.5906228423118591,0.6624773740768433,535.9149722276727,504.5173114189515,0.4871389458827192,0.00022044557301736142,0.0065631866455078125,
19302.5,0,0.4098968207836151,0.6486493349075317,745.0989704352132,495.22829569085013,0.4871389458827192,0.00022044557301736142,0.0065631866455078125,
19302.5,1,0.5909789800643921,0.6621752977371216,535.1828706872345,504.4176937989705,0.4871389458827192,0.00022044557301736142,0.0065631866455078125,
19354.199999928474,0,0.41017401218414307,0.6488102078437805,744.6784166878294,495.3201794144247,0.4871389458827192,0.00022044557301736142,0.0065631866455078125,
19354.199999928474,1,0.5902993083000183,0.6612456440925598,536.11732374697,503.7211237716027,0.4871389458827192,0.00022044557301736142,0.0065631866455078125,
19408.100000023842,0,0.4100351631641388,0.6491625308990479,744.9660591608341,495.6137843741451,0.4871389458827192,0.00022044557301736142,0.0065631866455078125,
19408.100000023842,1,0.5910012125968933,0.6613755226135254,535.2709875869501,503.79251044455236,0.4871389458827192,0.00022044557301736142,0.0065631866455078125,
19461.299999952316,0,0.4100261330604553,0.6487360000610352,744.8764313030581,495.2699389178684,0.4871389458827192,0.00022044557301736142,0.0065631866455078125,
19461.299999952316,1,0.5908781290054321,0.6622347831726074,535.3434934025429,504.44723264664395,0.4871389458827192,0.00022044557301736142,0.0065631866455078125,
19517.299999952316,0,0.41006165742874146,0.6491180658340454,744.8632648297161,495.55680157694013,0.4871389458827192,0.00022044557301736142,0.0065631866455078125,
19517.299999952316,1,0.5903937816619873,0.6632896065711975,535.955430727519,505.2100928450989,0.4871389458827192,0.00022044557301736142,0.0065631866455078125,
19569.100000023842,0,0.4101710915565491,0.6481070518493652,744.6240893321424,494.7926157433995,0.4871389458827192,0.00022044557301736142,0.0065631866455078125,
19569.100000023842,1,0.5905625820159912,0.6635878682136536,535.5883060028696,505.48807474390344,0.4871389458827192,0.00022044557301736142,0.0065631866455078125,
19622.699999928474,0,0.4103206992149353,0.6482141613960266,744.4107946060346,494.86170711564137,0.4871389458827192,0.00022044557301736142,0.0065631866455078125,
19622.699999928474,1,0.5902100801467896,0.6625815033912659,536.0881316413892,504.74324420135025,0.4871389458827192,0.00022044557301736142,0.0065631866455078125,
19674.699999928474,0,0.41002535820007324,0.6484135389328003,744.8709107849504,495.03538802927136,0.4871389458827192,0.00022044557301736142,0.0065631866455078125,
19674.699999928474,1,0.5909789800643921,0.6615728139877319,535.0380035857692,504.0444210406241,0.4871389458827192,0.00022044557301736142,0.0065631866455078125,
19728.799999952316,0,0.40992438793182373,0.6479750275611877,744.9182141512354,494.6895827823896,0.4871389458827192,0.00022044557301736142,0.0065631866455078125,
19728.799999952316,1,0.590846598148346,0.6634275913238525,535.3585459798504,505.3167242200664,0.4871389458827192,0.00022044557301736142,0.0065631866455078125,
19781.5,0,0.410075306892395,0.6480070352554321,744.7567688020974,494.72430783871533,0.4871389458827192,0.00022044557301736142,0.0065631866455078125,
19781.5,1,0.5908032059669495,0.6629163026809692,535.3695640775836,504.9673020364127,0.4871389458827192,0.00022044557301736142,0.0065631866455078125,
19835.799999952316,0,0.41038456559181213,0.648193359375,744.2381933181845,494.8130633174374,0.4871389458827192,0.00022044557301736142,0.0065631866455078125,
19835.799999952316,1,0.5917749404907227,0.6606479287147522,534.0041011524562,503.3847490705247,0.4871389458827192,0.00022044557301736142,0.0065631866455078125,
19887,0,0.410379558801651,0.6482043266296387,744.2204549783936,494.81195560283646,0.4871389458827192,0.00022044557301736142,0.0065631866455078125,
19887,1,0.5918022394180298,0.6607498526573181,533.9995919204692,503.445514564173,0.4871389458827192,0.00022044557301736142,0.0065631866455078125,
19941,0,0.4100797176361084,0.648133397102356,744.7263954243055,494.80619011718187,0.4871389458827192,0.00022044557301736142,0.0065631866455078125,
19941,1,0.5913376808166504,0.6607906818389893,534.7941202856898,503.39104555968623,0.4871389458827192,0.00022044557301736142,0.0065631866455078125,
19993.299999952316,0,0.4101719856262207,0.6478987336158752,744.5646187372604,494.62110289739525,0.4871389458827192,0.00022044557301736142,0.0065631866455078125,
19993.299999952316,1,0.5915870666503906,0.660713791847229,534.3027886647172,503.40799892747134,0.4871389458827192,0.00022044557301736142,0.0065631866455078125,
20048.199999928474,0,0.4102112054824829,0.6480185389518738,744.5560054241839,494.7227237639733,0.4871389458827192,0.00022044557301736142,0.0065631866455078125,
20048.199999928474,1,0.592290997505188,0.6584165096282959,533.3820001736391,501.76217600513036,0.4871389458827192,0.00022044557301736142,0.0065631866455078125,
20100.5,0,0.41028422117233276,0.6484853029251099,744.4672564263763,495.0605295133859,0.4871389458827192,0.00022044557301736142,0.0065631866455078125,
20100.5,1,0.5918547511100769,0.6606102585792542,533.8793861509789,503.366955139739,0.4871389458827192,0.00022044557301736142,0.0065631866455078125,
20155.299999952316,0,0.41015154123306274,0.6483495235443115,744.6730009895213,494.9759706997222,0.4871389458827192,0.00022044557301736142,0.0065631866455078125,
20155.299999952316,1,0.5915384888648987,0.6589972376823425,534.369632290691,502.17013694484865,0.4871389458827192,0.00022044557301736142,0.0065631866455078125,
20208.100000023842,0,0.4101736545562744,0.648806095123291,744.6826692130039,495.31860498049355,0.4871389458827192,0.00022044557301736142,0.0065631866455078125,
20208.100000023842,1,0.5916188359260559,0.6587908267974854,534.2405125054577,502.0324551140742,0.4871389458827192,0.00022044557301736142,0.0065631866455078125,
20262.199999928474,0,0.4101332128047943,0.6484730839729309,744.7212986802348,495.0740341867715,0.4871389458827192,0.00022044557301736142,0.0065631866455078125,
20262.199999928474,1,0.5918656587600708,0.6587308049201965,534.0458275476261,501.9385402216516,0.4871389458827192,0.00022044557301736142,0.0065631866455078125,
20315.399999976158,0,0.41031116247177124,0.6480005383491516,744.3833706263473,494.69325384057294,0.4871389458827192,0.00022044557301736142,0.0065631866455078125,
20315.399999976158,1,0.5916637182235718,0.6591376066207886,534.3654295654422,502.20564432113605,0.4871389458827192,0.00022044557301736142,0.0065631866455078125,
20369.199999928474,0,0.4104192554950714,0.6475089192390442,744.1969775851124,494.3214531766523,0.4871389458827192,0.00022044557301736142,0.0065631866455078125,
20369.199999928474,1,0.5914634466171265,0.6596091389656067,534.4544321083454,502.61539266826827,0.4871389458827192,0.00022044557301736142,0.0065631866455078125,
20420.699999928474,0,0.410358726978302,0.6477587223052979,744.3586848551162,494.53252444946384,0.4871389458827192,0.00022044557301736142,0.0065631866455078125,
20420.699999928474,1,0.5911998748779297,0.6602555513381958,535.0206963807576,502.9844291340638,0.4871389458827192,0.00022044557301736142,0.0065631866455078125,
20475.100000023842,0,0.41014042496681213,0.6490293741226196,744.6983269376607,495.4695319905645,0.4871389458827192,0.00022044557301736142,0.0065631866455078125,
20475.100000023842,1,0.5916267037391663,0.6595379114151001,534.3076441087767,502.5381465654974,0.4871389458827192,0.00022044557301736142,0.0065631866455078125,
20528.399999976158,0,0.4102931618690491,0.6477276086807251,744.4576361056144,494.51566134262004,0.4871389458827192,0.00022044557301736142,0.0065631866455078125,
20528.399999976158,1,0.5921634435653687,0.6590781211853027,533.6238630043144,502.20573785531485,0.4871389458827192,0.00022044557301736142,0.0065631866455078125,
20584.699999928474,0,0.41031765937805176,0.6485152244567871,744.4172258034487,495.0794090284739,0.4871389458827192,0.00022044557301736142,0.0065631866455078125,
20584.699999928474,1,0.5919634699821472,0.6605602502822876,533.7141891593501,503.3416899347813,0.4871389458827192,0.00022044557301736142,0.0065631866455078125,
20637.100000023842,0,0.4101133644580841,0.6488138437271118,744.7882753717688,495.33455652837006,0.4871389458827192,0.00022044557301736142,0.0065631866455078125,
20637.100000023842,1,0.592079758644104,0.6600638628005981,533.5190810521758,503.0033031559058,0.4871389458827192,0.00022044557301736142,0.0065631866455078125,
20692,0,0.41017425060272217,0.6484471559524536,744.6703254453879,495.0559349659006,0.4871389458827192,0.00022044557301736142,0.0065631866455078125,
20692,1,0.59185791015625,0.6598638892173767,533.8374608346054,502.84518678839737,0.4871389458827192,0.00022044557301736142,0.0065631866455078125,
20743.299999952316,0,0.4102590084075928,0.6486574411392212,744.5188129124574,495.19156448675216,0.4871389458827192,0.00022044557301736142,0.0065631866455078125,
20743.299999952316,1,0.5915595293045044,0.6622292995452881,534.3915864507941,504.47680076794614,0.4871389458827192,0.00022044557301736142,0.0065631866455078125,
20797.799999952316,0,0.41018736362457275,0.6481215953826904,744.5813928125501,494.7950332776725,0.4871389458827192,0.00022044557301736142,0.0065631866455078125,
20797.799999952316,1,0.591755747795105,0.6596476435661316,534.0052683624762,502.67422013457934,0.4871389458827192,0.00022044557301736142,0.0065631866455078125,
20850.600000023842,0,0.4104222059249878,0.6491109132766724,744.2256326099802,495.4869408891993,0.4871389458827192,0.00022044557301736142,0.0065631866455078125,
20850.600000023842,1,0.5916142463684082,0.6603176593780518,534.0781025012705,503.2011110960633,0.4871389458827192,0.00022044557301736142,0.0065631866455078125,
20905.199999928474,0,0.4104054570198059,0.6495095491409302,744.3280091273851,495.8038508777529,0.4871389458827192,0.00022044557301736142,0.0065631866455078125,
20905.199999928474,1,0.5913604497909546,0.6625339984893799,534.5755502248895,504.7257499390376,0.4871389458827192,0.00022044557301736142,0.0065631866455078125,
20957.199999928474,0,0.41026949882507324,0.649567186832428,744.5038860129515,495.8460303166989,0.4871389458827192,0.00022044557301736142,0.0065631866455078125,
20957.199999928474,1,0.5917784571647644,0.6610417366027832,533.819813560513,503.7420454339358,0.4871389458827192,0.00022044557301736142,0.0065631866455078125,
21011.5,0,0.41000765562057495,0.6494714021682739,744.894031163837,495.7972180406454,0.4871389458827192,0.00022044557301736142,0.0065631866455078125,
21011.5,1,0.5916524529457092,0.6591168642044067,534.0255245652502,502.3380388285442,0.4871389458827192,0.00022044557301736142,0.0065631866455078125,
21065.100000023842,0,0.41012948751449585,0.6491158604621887,744.6093666082475,495.49386001202515,0.4871389458827192,0.00022044557301736142,0.0065631866455078125,
21065.100000023842,1,0.5913920998573303,0.6607873439788818,534.4672737458355,503.4962349254017,0.4871389458827192,0.00022044557301736142,0.0065631866455078125,
21119.5,0,0.4101570248603821,0.6492297649383545,744.6855218377756,495.61690568142166,0.4871389458827192,0.00022044557301736142,0.0065631866455078125,
21119.5,1,0.5917536020278931,0.6595119833946228,534.0663946066265,502.5523599088419,0.4871389458827192,0.00022044557301736142,0.0065631866455078125,
21171.5,0,0.4101808965206146,0.6485523581504822,744.47347529908,495.0620650472364,0.4871389458827192,0.00022044557301736142,0.0065631866455078125,
21171.5,1,0.5916690230369568,0.6603965163230896,534.316886992834,503.1296969236538,0.4871389458827192,0.00022044557301736142,0.0065631866455078125,
21226.100000023842,0,0.41002458333969116,0.6480424404144287,744.7145969725656,494.710215964299,0.4871389458827192,0.00022044557301736142,0.0065631866455078125,
21226.100000023842,1,0.5912814140319824,0.6596895456314087,534.7436386809869,502.64982557236397,0.4871389458827192,0.00022044557301736142,0.0065631866455078125,
21278.5,0,0.41014599800109863,0.648102879524231,744.4797176294554,494.7240604521533,0.4871389458827192,0.00022044557301736142,0.0065631866455078125,
21278.5,1,0.59112149477005,0.6587761640548706,535.0107227648562,501.9659932243221,0.4871389458827192,0.00022044557301736142,0.0065631866455078125,
21334,0,0.40998807549476624,0.6485115885734558,744.7347256936423,495.03809884267906,0.4871389458827192,0.00022044557301736142,0.0065631866455078125,
21334,1,0.5920007228851318,0.6612521409988403,533.6872820811168,503.8312827354103,0.4871389458827192,0.00022044557301736142,0.0065631866455078125,
21386.399999976158,0,0.4100114703178406,0.6489022374153137,744.7936487843006,495.3523402141612,0.4871389458827192,0.00022044557301736142,0.0065631866455078125,
21386.399999976158,1,0.5914116501808167,0.6622618436813354,534.5611799210913,504.5084704409367,0.4871389458827192,0.00022044557301736142,0.0065631866455078125,
21441.399999976158,0,0.4101550579071045,0.6490216255187988,744.6544244042276,495.4547161537733,0.4871389458827192,0.00022044557301736142,0.0065631866455078125,
21441.399999976158,1,0.5910065174102783,0.6614817976951599,535.2250636412601,503.8856582810501,0.4871389458827192,0.00022044557301736142,0.0065631866455078125,
21494.199999928474,0,0.41022926568984985,0.6480115056037903,744.4052365303739,494.67028800565964,0.4871389458827192,0.00022044557301736142,0.0065631866455078125,
21494.199999928474,1,0.5919265151023865,0.6599938869476318,534.1770970307427,502.7590252712188,0.4871389458827192,0.00022044557301736142,0.0065631866455078125,
21548.799999952316,0,0.40998661518096924,0.6490029692649841,744.8523999678525,495.43479881287345,0.4871389458827192,0.00022044557301736142,0.0065631866455078125,
21548.799999952316,1,0.5916415452957153,0.6599963307380676,534.370786853641,502.8336610128887,0.4871389458827192,0.00022044557301736142,0.0065631866455078125,
21601.299999952316,0,0.410087525844574,0.648159921169281,744.5837639575433,494.7760635141025,0.4871389458827192,0.00022044557301736142,0.0065631866455078125,
21601.299999952316,1,0.5915769934654236,0.6583878397941589,534.4438767415955,501.6795732378201,0.4871389458827192,0.00022044557301736142,0.0065631866455078125,
21655.699999928474,0,0.41019126772880554,0.6483224034309387,744.3735683878256,494.86399454587513,0.4871389458827192,0.00022044557301736142,0.0065631866455078125,
21655.699999928474,1,0.5913833379745483,0.6610115170478821,534.4111568145692,503.6853446937919,0.4871389458827192,0.00022044557301736142,0.0065631866455078125,
21708.100000023842,0,0.41017138957977295,0.647872805595398,744.4092444012907,494.5441388915104,0.4871389458827192,0.00022044557301736142,0.0065631866455078125,
21708.100000023842,1,0.5913553237915039,0.6606974601745605,534.7735208395026,503.3230852257596,0.4871389458827192,0.00022044557301736142,0.0065631866455078125,
21762.600000023842,0,0.41033095121383667,0.6482408046722412,744.2573222235956,494.82874147293387,0.4871389458827192,0.00022044557301736142,0.0065631866455078125,
21762.600000023842,1,0.5920597314834595,0.6613293886184692,533.9584838527112,503.74120205478704,0.4871389458827192,0.00022044557301736142,0.0065631866455078125,
21815.600000023842,0,0.41006118059158325,0.6491011381149292,744.7457729988347,495.5013606198598,0.4871389458827192,0.00022044557301736142,0.0065631866455078125,
21815.600000023842,1,0.5908417105674744,0.6603327989578247,535.2300368583161,503.14483385554075,0.4871389458827192,0.00022044557301736142,0.0065631866455078125,
21870.299999952316,0,0.41032838821411133,0.6483503580093384,744.3545094338233,494.94260030516085,0.4871389458827192,0.00022044557301736142,0.0065631866455078125,
21870.299999952316,1,0.5920615196228027,0.6594660878181458,533.7950227736357,502.4679871871741,0.4871389458827192,0.00022044557301736142,0.0065631866455078125,
21922,0,0.41017332673072815,0.6486716270446777,744.5367116494348,495.16787656102383,0.4871389458827192,0.00022044557301736142,0.0065631866455078125,
21922,1,0.5914231538772583,0.6602418422698975,534.5841343004172,503.0382923061499,0.4871389458827192,0.00022044557301736142,0.0065631866455078125,
21976.799999952316,0,0.4101666212081909,0.6479129791259766,744.5387647243955,494.6192248712417,0.4871389458827192,0.00022044557301736142,0.0065631866455078125,
21976.799999952316,1,0.5913392305374146,0.6581109762191772,534.8483052269219,501.43778532997453,0.4871389458827192,0.00022044557301736142,0.0065631866455078125,
22029.100000023842,0,0.4100166857242584,0.6492636203765869,744.8491328602283,495.63541043340035,0.4871389458827192,0.00022044557301736142,0.0065631866455078125,
22029.100000023842,1,0.5920066833496094,0.6605288982391357,533.7833112691907,503.267525442033,0.4871389458827192,0.00022044557301736142,0.0065631866455078125,
22085.199999928474,0,0.4101960062980652,0.6477228999137878,744.4311535198583,494.4562625438038,0.4871389458827192,0.00022044557301736142,0.0065631866455078125,
22085.199999928474,1,0.591736912727356,0.6613103151321411,534.0130791135495,503.8780697717967,0.4871389458827192,0.00022044557301736142,0.0065631866455078125,
22138.600000023842,0,0.4103308916091919,0.6484907865524292,744.2502558210477,495.0060531259578,0.4871389458827192,0.00022044557301736142,0.0065631866455078125,
22138.600000023842,1,0.5910453796386719,0.6597195267677307,535.0288270010443,502.67849505459833,0.4871389458827192,0.00022044557301736142,0.0065631866455078125,
22192.299999952316,0,0.4102381467819214,0.6481468081474304,744.3800238551333,494.7625283237046,0.4871389458827192,0.00022044557301736142,0.0065631866455078125,
22192.299999952316,1,0.5914294719696045,0.6608090400695801,534.3986748130787,503.5204196907036,0.4871389458827192,0.00022044557301736142,0.0065631866455078125,
22243.399999976158,0,0.4100673198699951,0.6488609313964844,744.6475763787369,495.29494704639444,0.4871389458827192,0.00022044557301736142,0.0065631866455078125,
22243.399999976158,1,0.5913529396057129,0.6616144776344299,534.5910736469657,504.0612369152037,0.4871389458827192,0.00022044557301736142,0.0065631866455078125,
22297.799999952316,0,0.4101630449295044,0.6478221416473389,744.4612805068028,494.5231975121093,0.4871389458827192,0.00022044557301736142,0.0065631866455078125,
22297.799999952316,1,0.5910584330558777,0.6591072678565979,534.8661445739729,502.2982161661748,0.4871389458827192,0.00022044557301736142,0.0065631866455078125,
22350.5,0,0.41014307737350464,0.6479943990707397,744.5215468725645,494.66020868639174,0.4871389458827192,0.00022044557301736142,0.0065631866455078125,
22350.5,1,0.5909115672111511,0.6631800532341003,535.1658743618751,505.1843541236737,0.4871389458827192,0.00022044557301736142,0.0065631866455078125,
22405.699999928474,0,0.4104824960231781,0.6486532092094421,743.9941144595922,495.0996551461052,0.4871389458827192,0.00022044557301736142,0.0065631866455078125,
22405.699999928474,1,0.591396689414978,0.6614975333213806,534.3627325675656,504.0481044886093,0.4871389458827192,0.00022044557301736142,0.0065631866455078125,
22457.799999952316,0,0.41030561923980713,0.648749828338623,744.2998856583787,495.19903234122023,0.4871389458827192,0.00022044557301736142,0.0065631866455078125,
22457.799999952316,1,0.591697096824646,0.6603556275367737,534.0478719578255,503.1973574801602,0.4871389458827192,0.00022044557301736142,0.0065631866455078125,
22513,0,0.4102557301521301,0.6480653285980225,744.3669209537967,494.7073806012865,0.4871389458827192,0.00022044557301736142,0.0065631866455078125,
22513,1,0.591799795627594,0.6616004705429077,534.0686432390158,504.0304887132442,0.4871389458827192,0.00022044557301736142,0.0065631866455078125,
22565.600000023842,0,0.40997928380966187,0.647655189037323,744.6941475553245,494.4021116775635,0.4871389458827192,0.00022044557301736142,0.0065631866455078125,
22565.600000023842,1,0.5922390222549438,0.660668134689331,533.311304201127,503.43998565315667,0.4871389458827192,0.00022044557301736142,0.0065631866455078125,
22620.699999928474,0,0.40982574224472046,0.6491624116897583,745.1654882418142,495.58882227549634,0.4871389458827192,0.00022044557301736142,0.0065631866455078125,
22620.699999928474,1,0.5927037000656128,0.6603782773017883,532.7381787122789,503.2224000440605,0.4871389458827192,0.00022044557301736142,0.0065631866455078125,
22672.799999952316,0,0.41022253036499023,0.6487953662872314,744.4195093319422,495.236778964168,0.4871389458827192,0.00022044557301736142,0.0065631866455078125,
22672.799999952316,1,0.5918107032775879,0.6623194217681885,534.046360673052,504.5516110861067,0.4871389458827192,0.00022044557301736142,0.0065631866455078125,
22727.5,0,0.4103270173072815,0.6484040021896362,744.2954216583879,494.9586008710509,0.4871389458827192,0.00022044557301736142,0.0065631866455078125,
22727.5,1,0.5913386940956116,0.6603700518608093,534.5290942403553,503.1984835344018,0.4871389458827192,0.00022044557301736142,0.0065631866455078125,
22780.600000023842,0,0.41007891297340393,0.6498730778694153,744.8082183105065,496.08839586183905,0.4871389458827192,0.00022044557301736142,0.0065631866455078125,
22780.600000023842,1,0.5917441248893738,0.6612249612808228,534.1168611570944,503.7697441905235,0.4871389458827192,0.00022044557301736142,0.0065631866455078125,
22836,0,0.4099995791912079,0.6501152515411377,744.9274062717061,496.26919673784823,0.4871389458827192,0.00022044557301736142,0.0065631866455078125,
22836,1,0.59172523021698,0.6597044467926025,533.9606268802456,502.7495434976702,0.4871389458827192,0.00022044557301736142,0.0065631866455078125,
22887.399999976158,0,0.4101122319698334,0.6489306688308716,744.629789717135,495.35990532234393,0.4871389458827192,0.00022044557301736142,0.0065631866455078125,
22887.399999976158,1,0.5918882489204407,0.6612130999565125,533.778628421492,503.8248390685393,0.4871389458827192,0.00022044557301736142,0.0065631866455078125,
22942,0,0.41033586859703064,0.6487160921096802,744.2714871870536,495.17859998048175,0.4871389458827192,0.00022044557301736142,0.0065631866455078125,
22942,1,0.5915133953094482,0.6609536409378052,534.267283945126,503.6343957592197,0.4871389458827192,0.00022044557301736142,0.0065631866455078125,
22995.899999976158,0,0.4102271795272827,0.649965763092041,744.5394816203183,496.12617053469216,0.4871389458827192,0.00022044557301736142,0.0065631866455078125,
22995.899999976158,1,0.5918064117431641,0.6601174473762512,533.9370271977967,503.013879368425,0.4871389458827192,0.00022044557301736142,0.0065631866455078125,
23052,0,0.41002967953681946,0.6506108045578003,744.9052940459333,496.6319727734527,0.4871389458827192,0.00022044557301736142,0.0065631866455078125,
23052,1,0.5919615626335144,0.6615520715713501,533.7017505185129,504.0619267709227,0.4871389458827192,0.00022044557301736142,0.0065631866455078125,
23105.5,0,0.41022294759750366,0.6501045823097229,744.5822180814044,496.2398394578098,0.4871389458827192,0.00022044557301736142,0.0065631866455078125,
23105.5,1,0.5920290946960449,0.6603077054023743,533.6393310617863,503.1560897941788,0.4871389458827192,0.00022044557301736142,0.0065631866455078125,
23159.299999952316,0,0.4101276993751526,0.648523211479187,744.5576508075706,495.0470801156764,0.4871389458827192,0.00022044557301736142,0.0065631866455078125,
23159.299999952316,1,0.5920279026031494,0.6584601402282715,533.8004015684369,501.7595150887018,0.4871389458827192,0.00022044557301736142,0.0065631866455078125,
23211.899999976158,0,0.41030681133270264,0.6487212181091309,744.2286218421019,495.1522526551049,0.4871389458827192,0.00022044557301736142,0.0065631866455078125,
23211.899999976158,1,0.5916279554367065,0.6603655815124512,533.977787099904,503.2692798952693,0.4871389458827192,0.00022044557301736142,0.0065631866455078125,
23267.5,0,0.41028159856796265,0.648522675037384,744.3237402582994,495.03290348506926,0.4871389458827192,0.00022044557301736142,0.0065631866455078125,
23267.5,1,0.5919369459152222,0.6609898805618286,533.744712445256,503.65243553347045,0.4871389458827192,0.00022044557301736142,0.0065631866455078125,
23319.600000023842,0,0.40995076298713684,0.6484688520431519,744.9177303559676,495.05738370338537,0.4871389458827192,0.00022044557301736142,0.0065631866455078125,
23319.600000023842,1,0.5914244055747986,0.661882221698761,534.522350432909,504.2445362260721,0.4871389458827192,0.00022044557301736142,0.0065631866455078125,
23373.5,0,0.40977907180786133,0.6487630009651184,745.2752092681358,495.31938257857695,0.4871389458827192,0.00022044557301736142,0.0065631866455078125,
23373.5,1,0.5906683206558228,0.6638189554214478,535.5573149219996,505.61087854598327,0.4871389458827192,0.00022044557301736142,0.0065631866455078125,
23427.100000023842,0,0.41014742851257324,0.649491548538208,744.7159263215397,495.8120173634233,0.4871389458827192,0.00022044557301736142,0.0065631866455078125,
23427.100000023842,1,0.589963972568512,0.6636984944343567,536.6211790771572,505.45544883449736,0.4871389458827192,0.00022044557301736142,0.0065631866455078125,
23482.100000023842,0,0.4101625978946686,0.6496685743331909,744.7221640412199,495.9488360359035,0.4871389458827192,0.00022044557301736142,0.0065631866455078125,
23482.100000023842,1,0.5917521715164185,0.660396158695221,533.8336380079149,503.2852775566076,0.4871389458827192,0.00022044557301736142,0.0065631866455078125,
23534.600000023842,0,0.4101303219795227,0.6494095325469971,744.7310580345429,495.75049334572196,0.4871389458827192,0.00022044557301736142,0.0065631866455078125,
23534.600000023842,1,0.5910904407501221,0.6626429557800293,534.886712281526,504.81849661630395,0.4871389458827192,0.00022044557301736142,0.0065631866455078125,
23588.5,0,0.4099406599998474,0.648224949836731,745.0985814819065,494.9428969676277,0.4871389458827192,0.00022044557301736142,0.0065631866455078125,
23588.5,1,0.590353786945343,0.6630174517631531,536.0530173346532,504.99452634011794,0.4871389458827192,0.00022044557301736142,0.0065631866455078125,
23641,0,0.4102015793323517,0.6480594277381897,744.4697529848985,494.71564079208287,0.4871389458827192,0.00022044557301736142,0.0065631866455078125,
23641,1,0.5904127359390259,0.663985550403595,535.9358340053383,505.70920430523665,0.4871389458827192,0.00022044557301736142,0.0065631866455078125,
23695.100000023842,0,0.4103267788887024,0.6480053663253784,744.4901009354842,494.7433334941177,0.4871389458827192,0.00022044557301736142,0.0065631866455078125,
23695.100000023842,1,0.5901508331298828,0.663402795791626,536.276386337802,505.287376676633,0.4871389458827192,0.00022044557301736142,0.0065631866455078125,
23747.699999928474,0,0.4105915427207947,0.6480548977851868,744.1052539627966,494.7621722059129,0.4871389458827192,0.00022044557301736142,0.0065631866455078125,
23747.699999928474,1,0.5914868116378784,0.6613238453865051,534.2412798030699,503.92554016768935,0.4871389458827192,0.00022044557301736142,0.0065631866455078125,
23803,0,0.4101886451244354,0.6500755548477173,744.8993522712474,496.31767704454296,0.4871389458827192,0.00022044557301736142,0.0065631866455078125,
23803,1,0.5917577743530273,0.6609604954719543,534.0210812381023,503.6118636545808,0.4871389458827192,0.00022044557301736142,0.0065631866455078125,
23854.899999976158,0,0.4103772044181824,0.6489487886428833,744.3995731384721,495.4130945038621,0.4871389458827192,0.00022044557301736142,0.0065631866455078125,
23854.899999976158,1,0.591756284236908,0.6610579490661621,534.001805800323,503.690786485229,0.4871389458827192,0.00022044557301736142,0.0065631866455078125,
23909.799999952316,0,0.4106501340866089,0.648750364780426,744.0235432642627,495.26044313971255,0.4871389458827192,0.00022044557301736142,0.0065631866455078125,
23909.799999952316,1,0.5914067625999451,0.6619524955749512,534.513491649054,504.3082227180221,0.4871389458827192,0.00022044557301736142,0.0065631866455078125,
23962.5,0,0.41036051511764526,0.649750292301178,744.4941249869953,496.0168759997025,0.4871389458827192,0.00022044557301736142,0.0065631866455078125,
23962.5,1,0.5918000936508179,0.6607463955879211,533.7789999208102,503.53472857429534,0.4871389458827192,0.00022044557301736142,0.0065631866455078125,
24018.5,0,0.4105561375617981,0.6485898494720459,744.1658840847138,495.15295304783996,0.4871389458827192,0.00022044557301736142,0.0065631866455078125,
24018.5,1,0.5916702151298523,0.660359799861908,533.9822614941301,503.2413254526307,0.4871389458827192,0.00022044557301736142,0.0065631866455078125,
24071.899999976158,0,0.41047894954681396,0.6503657698631287,744.3442802093641,496.46065606224005,0.4871389458827192,0.00022044557301736142,0.0065631866455078125,
24071.899999976158,1,0.5916789174079895,0.6604353785514832,534.1866770597392,503.2069343353089,0.4871389458827192,0.00022044557301736142,0.0065631866455078125,
24125.899999976158,0,0.41061803698539734,0.6501681804656982,744.1447431295566,496.31057066619206,0.4871389458827192,0.00022044557301736142,0.0065631866455078125,
24125.899999976158,1,0.591002345085144,0.6625192165374756,535.0697439737706,504.7001875479911,0.4871389458827192,0.00022044557301736142,0.0065631866455078125,
24179.199999928474,0,0.41059398651123047,0.6499766707420349,744.1137457349516,496.1501112663165,0.4871389458827192,0.00022044557301736142,0.0065631866455078125,
24179.199999928474,1,0.5909380316734314,0.6614227890968323,535.2572036818977,503.8666536341653,0.4871389458827192,0.00022044557301736142,0.0065631866455078125,
24233.699999928474,0,0.4105852246284485,0.6502648591995239,744.109123280211,496.35179583662864,0.4871389458827192,0.00022044557301736142,0.0065631866455078125,
24233.699999928474,1,0.5915663242340088,0.6617024540901184,534.2569400840603,504.14987804079016,0.4871389458827192,0.00022044557301736142,0.0065631866455078125,
24286.699999928474,0,0.4107409119606018,0.6493421792984009,743.8027447905289,495.647904288634,0.4871389458827192,0.00022044557301736142,0.0065631866455078125,
24286.699999928474,1,0.5912315845489502,0.6627802848815918,534.6699332968839,504.93230831905146,0.4871389458827192,0.00022044557301736142,0.0065631866455078125,
24341.5,0,0.4104567766189575,0.6499820351600647,744.2315910879364,496.13272307584555,0.4871389458827192,0.00022044557301736142,0.0065631866455078125,
24341.5,1,0.5915220379829407,0.660808801651001,534.2982291242665,503.5128089302663,0.4871389458827192,0.00022044557301736142,0.0065631866455078125,
24394.100000023842,0,0.41048771142959595,0.649204432964325,744.1001817146166,495.5388067949492,0.4871389458827192,0.00022044557301736142,0.0065631866455078125,
24394.100000023842,1,0.590918242931366,0.6627359390258789,535.1512045248141,504.8671416466342,0.4871389458827192,0.00022044557301736142,0.0065631866455078125,
24449,0,0.41032159328460693,0.6507351398468018,744.4801836514104,496.7027188011929,0.4871389458827192,0.00022044557301736142,0.0065631866455078125,
24449,1,0.5908368229866028,0.6632544994354248,535.1096840483889,505.3007069435057,0.4871389458827192,0.00022044557301736142,0.0065631866455078125,
24501.399999976158,0,0.4105752408504486,0.6497203707695007,743.9358125199377,495.890725613552,0.4871389458827192,0.00022044557301736142,0.0065631866455078125,
24501.399999976158,1,0.5906558632850647,0.6623964309692383,535.6278750085564,504.5636690916314,0.4871389458827192,0.00022044557301736142,0.0065631866455078125,
24555.899999976158,0,0.4105183482170105,0.64934903383255,744.0594758635772,495.6423638551958,0.4871389458827192,0.00022044557301736142,0.0065631866455078125,
24555.899999976158,1,0.5916423201560974,0.6607614159584045,533.9351504535483,503.5640896638133,0.4871389458827192,0.00022044557301736142,0.0065631866455078125,
24608.5,0,0.4105374217033386,0.6495804190635681,744.0413918711253,495.8113196374803,0.4871389458827192,0.00022044557301736142,0.0065631866455078125,
24608.5,1,0.5916350483894348,0.6626288294792175,534.1434196684339,504.82741898622345,0.4871389458827192,0.00022044557301736142,0.0065631866455078125,
24664.399999976158,0,0.41057848930358887,0.6492410898208618,743.9768723562703,495.56254785596997,0.4871389458827192,0.00022044557301736142,0.0065631866455078125,
24664.399999976158,1,0.5919446349143982,0.6607431173324585,533.5143410530547,503.56456434729193,0.4871389458827192,0.00022044557301736142,0.0065631866455078125,
24717.699999928474,0,0.41051995754241943,0.6502031087875366,744.0430797220451,496.2519505312397,0.4871389458827192,0.00022044557301736142,0.0065631866455078125,
24717.699999928474,1,0.5918567180633545,0.6607946753501892,533.8543231989792,503.50903728894315,0.4871389458827192,0.00022044557301736142,0.0065631866455078125,
24772,0,0.41081470251083374,0.64921635389328,743.5198833436843,495.4865841162791,0.4871389458827192,0.00022044557301736142,0.0065631866455078125,
24772,1,0.5913004875183105,0.6609596610069275,534.6617990809963,503.5882765610633,0.4871389458827192,0.00022044557301736142,0.0065631866455078125,
24823.799999952316,0,0.41073447465896606,0.6508524417877197,743.7353484966692,496.7070739441274,0.4871389458827192,0.00022044557301736142,0.0065631866455078125,
24823.799999952316,1,0.5917502045631409,0.6606044769287109,533.9670122381926,503.3818285519397,0.4871389458827192,0.00022044557301736142,0.0065631866455078125,
24878.100000023842,0,0.4106180667877197,0.6504639983177185,744.0319850099995,496.48226104390676,0.4871389458827192,0.00022044557301736142,0.0065631866455078125,
24878.100000023842,1,0.5920249223709106,0.6609789133071899,533.4954581438586,503.70042032338426,0.4871389458827192,0.00022044557301736142,0.0065631866455078125,
24930.600000023842,0,0.4105817377567291,0.6508325338363647,744.0469832405648,496.7359729601541,0.4871389458827192,0.00022044557301736142,0.0065631866455078125,
24930.600000023842,1,0.5916594862937927,0.6594568490982056,533.9344605919546,502.6161940244657,0.4871389458827192,0.00022044557301736142,0.0065631866455078125,
24984.600000023842,0,0.41062596440315247,0.6495120525360107,743.9732076331754,495.77887053468385,0.4871389458827192,0.00022044557301736142,0.0065631866455078125,
24984.600000023842,1,0.592271089553833,0.6595004200935364,533.2706421613577,502.59907371300534,0.4871389458827192,0.00022044557301736142,0.0065631866455078125,
25037.799999952316,0,0.41070878505706787,0.6509732604026794,743.7757926754167,496.79689492677494,0.4871389458827192,0.00022044557301736142,0.0065631866455078125,
25037.799999952316,1,0.5916710495948792,0.6618323922157288,534.2495828349105,504.19071661056313,0.4871389458827192,0.00022044557301736142,0.0065631866455078125,
25092.399999976158,0,0.41092342138290405,0.6493759751319885,743.4703539386735,495.63533717137113,0.4871389458827192,0.00022044557301736142,0.0065631866455078125,
25092.399999976158,1,0.5919669270515442,0.661721408367157,533.8300741600959,504.12785353866434,0.4871389458827192,0.00022044557301736142,0.0065631866455078125,
25145.299999952316,0,0.4107539653778076,0.6498005390167236,743.704110303603,495.94734671270305,0.4871389458827192,0.00022044557301736142,0.0065631866455078125,
25145.299999952316,1,0.5922904014587402,0.6600929498672485,533.3838715451755,502.96875223055247,0.4871389458827192,0.00022044557301736142,0.0065631866455078125,
25199.899999976158,0,0.41056472063064575,0.6506474018096924,744.0121586202705,496.5816729844639,0.4871389458827192,0.00022044557301736142,0.0065631866455078125,
25199.899999976158,1,0.5914739370346069,0.6617527008056641,534.4676349195946,504.14765831204215,0.4871389458827192,0.00022044557301736142,0.0065631866455078125,
25252.699999928474,0,0.41054174304008484,0.6505311131477356,744.0738845952,496.5099519821012,0.4871389458827192,0.00022044557301736142,0.0065631866455078125,
25252.699999928474,1,0.591428279876709,0.6625863909721375,534.4997707620466,504.7588787489776,0.4871389458827192,0.00022044557301736142,0.0065631866455078125,
25307.100000023842,0,0.4105822443962097,0.6506458520889282,743.9943145962214,496.5822638803841,0.4871389458827192,0.00022044557301736142,0.0065631866455078125,
25307.100000023842,1,0.5913709998130798,0.6613486409187317,534.5838579106037,503.8632140968103,0.4871389458827192,0.00022044557301736142,0.0065631866455078125,
25360.399999976158,0,0.410605788230896,0.6503721475601196,743.9212750037519,496.36919802552916,0.4871389458827192,0.00022044557301736142,0.0065631866455078125,
25360.399999976158,1,0.5909697413444519,0.6624493598937988,535.1181527125595,504.647104130592,0.4871389458827192,0.00022044557301736142,0.0065631866455078125,
25415.100000023842,0,0.4105526804924011,0.6496143937110901,743.9807219261785,495.8204251797441,0.4871389458827192,0.00022044557301736142,0.0065631866455078125,
25415.100000023842,1,0.5902606844902039,0.6628905534744263,536.0945403828849,504.93593734185424,0.4871389458827192,0.00022044557301736142,0.0065631866455078125,
25467.699999928474,0,0.4106591045856476,0.6492223739624023,743.8669493404981,495.54655966888583,0.4871389458827192,0.00022044557301736142,0.0065631866455078125,
25467.699999928474,1,0.5910854339599609,0.6606321930885315,535.0836605682091,503.29103791397614,0.4871389458827192,0.00022044557301736142,0.0065631866455078125,
25522.899999976158,0,0.41042035818099976,0.6498391628265381,744.1838547304094,495.9948659759155,0.4871389458827192,0.00022044557301736142,0.0065631866455078125,
25522.899999976158,1,0.591679573059082,0.6616654396057129,534.0748473875062,504.13855070778334,0.4871389458827192,0.00022044557301736142,0.0065631866455078125,
25575.399999976158,0,0.4101000428199768,0.6510183215141296,744.7559402137209,496.903744223844,0.4871389458827192,0.00022044557301736142,0.0065631866455078125,
25575.399999976158,1,0.5910913944244385,0.6619146466255188,535.1414380658397,504.1866861658046,0.4871389458827192,0.00022044557301736142,0.0065631866455078125,
25630.199999928474,0,0.4104158282279968,0.6497142314910889,744.2331936011509,495.92110650900753,0.4871389458827192,0.00022044557301736142,0.0065631866455078125,
25630.199999928474,1,0.592048168182373,0.6622023582458496,533.632418179883,504.51301661960235,0.4871389458827192,0.00022044557301736142,0.0065631866455078125,
25682.299999952316,0,0.4104353189468384,0.6493211984634399,744.0995465919087,495.59755815627,0.4871389458827192,0.00022044557301736142,0.0065631866455078125,
25682.299999952316,1,0.5911239981651306,0.6621983051300049,534.9328090004369,504.46128707652764,0.4871389458827192,0.00022044557301736142,0.0065631866455078125,
25737.100000023842,0,0.41015249490737915,0.6510810852050781,744.7272801824203,496.962995100732,0.4871389458827192,0.00022044557301736142,0.0065631866455078125,
25737.100000023842,1,0.5919275879859924,0.6607540845870972,533.7974804706242,503.46582890778086,0.4871389458827192,0.00022044557301736142,0.0065631866455078125,
25789.299999952316,0,0.41040241718292236,0.6494542956352234,744.2067576442539,495.7177386505863,0.4871389458827192,0.00022044557301736142,0.0065631866455078125,
25789.299999952316,1,0.5914269685745239,0.6615331768989563,534.4731472541549,504.01232756531067,0.4871389458827192,0.00022044557301736142,0.0065631866455078125,
25843.899999976158,0,0.41045695543289185,0.6500504612922668,744.107181671851,496.13586441287157,0.4871389458827192,0.00022044557301736142,0.0065631866455078125,
25843.899999976158,1,0.5919692516326904,0.6609745025634766,533.6698810503566,503.65512779958937,0.4871389458827192,0.00022044557301736142,0.0065631866455078125,
25896.5,0,0.4105026125907898,0.649662971496582,744.0088327540517,495.8419158002073,0.4871389458827192,0.00022044557301736142,0.0065631866455078125,
25896.5,1,0.5917510390281677,0.6620782017707825,533.9179676030891,504.46258624600506,0.4871389458827192,0.00022044557301736142,0.0065631866455078125,
25951.600000023842,0,0.4105277955532074,0.6497194766998291,743.9471543266936,495.8715234524743,0.4871389458827192,0.00022044557301736142,0.0065631866455078125,
25951.600000023842,1,0.5904951691627502,0.6619973182678223,535.9057171031792,504.24573747369703,0.4871389458827192,0.00022044557301736142,0.0065631866455078125,
26004.399999976158,0,0.4100812077522278,0.6511617302894592,744.7755144152966,497.00533753471296,0.4871389458827192,0.00022044557301736142,0.0065631866455078125,
26004.399999976158,1,0.5904588103294373,0.6632195711135864,535.9123973182337,505.14267474000235,0.4871389458827192,0.00022044557301736142,0.0065631866455078125,
26059.299999952316,0,0.410055547952652,0.6512241363525391,744.8329401892917,497.05926382872883,0.4871389458827192,0.00022044557301736142,0.0065631866455078125,
26059.299999952316,1,0.590721607208252,0.6635019183158875,535.4542361197108,505.3972259922922,0.4871389458827192,0.00022044557301736142,0.0065631866455078125,
26111.5,0,0.4106362462043762,0.6505947113037109,743.8114179183975,496.5028527876969,0.4871389458827192,0.00022044557301736142,0.0065631866455078125,
26111.5,1,0.5899375081062317,0.6619841456413269,536.77310813367,504.1704390497998,0.4871389458827192,0.00022044557301736142,0.0065631866455078125,
26166.799999952316,0,0.41032788157463074,0.6512549519538879,744.2296884144447,496.987089949208,0.4871389458827192,0.00022044557301736142,0.0065631866455078125,
26166.799999952316,1,0.5907325744628906,0.662398099899292,535.5369736258863,504.5617925960856,0.4871389458827192,0.00022044557301736142,0.0065631866455078125,
26219.600000023842,0,0.41060638427734375,0.6510059833526611,743.737162860236,496.7563465683788,0.4871389458827192,0.00022044557301736142,0.0065631866455078125,
26219.600000023842,1,0.5905877351760864,0.6611698865890503,535.7295771528845,503.6744323100787,0.4871389458827192,0.00022044557301736142,0.0065631866455078125,
26273.899999976158,0,0.41079428791999817,0.6508200764656067,743.519692396569,496.63126867429565,0.4871389458827192,0.00022044557301736142,0.0065631866455078125,
26273.899999976158,1,0.5905251502990723,0.6624081134796143,535.8026406947204,504.56893303160064,0.4871389458827192,0.00022044557301736142,0.0065631866455078125,
26327.699999928474,0,0.41056200861930847,0.6497858762741089,743.8209057355571,495.8881257703649,0.4871389458827192,0.00022044557301736142,0.0065631866455078125,
26327.699999928474,1,0.5902805924415588,0.6630346775054932,536.043980985213,505.0502376949801,0.4871389458827192,0.00022044557301736142,0.0065631866455078125,
26382,0,0.41062411665916443,0.6491134166717529,743.7169827667603,495.3946581210189,0.4871389458827192,0.00022044557301736142,0.0065631866455078125,
26382,1,0.5898529291152954,0.6616080403327942,536.6773324647859,503.9868564913756,0.4871389458827192,0.00022044557301736142,0.0065631866455078125,
26435.199999928474,0,0.41043606400489807,0.6493412256240845,743.954319885897,495.55739582873895,0.4871389458827192,0.00022044557301736142,0.0065631866455078125,
26435.199999928474,1,0.5907526612281799,0.6613693237304688,535.4668520619717,503.83979326137387,0.4871389458827192,0.00022044557301736142,0.0065631866455078125,
26490.100000023842,0,0.4104706645011902,0.6492842435836792,743.8435338891157,495.4909252062024,0.4871389458827192,0.00022044557301736142,0.0065631866455078125,
26490.100000023842,1,0.5914122462272644,0.6616247296333313,534.2350623513973,504.18348637617663,0.4871389458827192,0.00022044557301736142,0.0065631866455078125,
26542.799999952316,0,0.41055819392204285,0.6493051648139954,743.7470875842001,495.51197037484997,0.4871389458827192,0.00022044557301736142,0.0065631866455078125,
26542.799999952316,1,0.5904287695884705,0.6611900925636292,535.8747299536445,503.71356508465306,0.4871389458827192,0.00022044557301736142,0.0065631866455078125,
26597.100000023842,0,0.41064369678497314,0.6488642692565918,743.5280908098828,495.1522825952162,0.4871389458827192,0.00022044557301736142,0.0065631866455078125,
26597.100000023842,1,0.5920990705490112,0.660387396812439,533.3299808427493,503.3030806139304,0.4871389458827192,0.00022044557301736142,0.0065631866455078125,
26650.799999952316,0,0.4099764823913574,0.6497530937194824,744.6702080003719,495.90226713846465,0.4871389458827192,0.00022044557301736142,0.0065631866455078125,
26650.799999952316,1,0.5917857885360718,0.6610907912254333,533.9117229438441,503.735977930672,0.4871389458827192,0.00022044557301736142,0.0065631866455078125,
26705.5,0,0.41029489040374756,0.649662971496582,744.1517111249199,495.7954101150621,0.4871389458827192,0.00022044557301736142,0.0065631866455078125,
26705.5,1,0.5922261476516724,0.6589004993438721,533.2005949685713,502.2190779799201,0.4871389458827192,0.00022044557301736142,0.0065631866455078125,
26758.799999952316,0,0.4105329215526581,0.6495440006256104,743.7855188438211,495.6862631610763,0.4871389458827192,0.00022044557301736142,0.0065631866455078125,
26758.799999952316,1,0.5917640328407288,0.6604490280151367,533.750601508678,503.3507704702616,0.4871389458827192,0.00022044557301736142,0.0065631866455078125,
26813.699999928474,0,0.41030868887901306,0.6496589183807373,744.1128871982543,495.78442886297523,0.4871389458827192,0.00022044557301736142,0.0065631866455078125,
26813.699999928474,1,0.5907812118530273,0.6614341735839844,535.5710026953512,503.8268914371908,0.4871389458827192,0.00022044557301736142,0.0065631866455078125,
26867.600000023842,0,0.4103477895259857,0.6494616270065308,744.0788740551012,495.64849060070964,0.4871389458827192,0.00022044557301736142,0.0065631866455078125,
26867.600000023842,1,0.590261697769165,0.6613309383392334,536.0458976651761,503.83287463095246,0.4871389458827192,0.00022044557301736142,0.0065631866455078125,
26921.899999976158,0,0.410269558429718,0.6494445204734802,744.2223467155359,495.6526379366118,0.4871389458827192,0.00022044557301736142,0.0065631866455078125,
26921.899999976158,1,0.5898200869560242,0.6608527898788452,536.6866608842324,503.4568918369317,0.4871389458827192,0.00022044557301736142,0.0065631866455078125,
26975.399999976158,0,0.4106373190879822,0.6491022109985352,743.5787414574579,495.34004191683385,0.4871389458827192,0.00022044557301736142,0.0065631866455078125,
26975.399999976158,1,0.5905930995941162,0.6631722450256348,535.1924505910939,505.33435599243705,0.4871389458827192,0.00022044557301736142,0.0065631866455078125,
27030,0,0.41078394651412964,0.6490485668182373,743.3240664496565,495.2754605027411,0.4871389458827192,0.00022044557301736142,0.0065631866455078125,
27030,1,0.5895031690597534,0.66363924741745,536.9217980194052,505.53442686951905,0.4871389458827192,0.00022044557301736142,0.0065631866455078125,
27082.299999952316,0,0.41074585914611816,0.6490052938461304,743.3890766442828,495.2506206129663,0.4871389458827192,0.00022044557301736142,0.0065631866455078125,
27082.299999952316,1,0.5913020372390747,0.6611913442611694,534.3226013290006,503.8930261220235,0.4871389458827192,0.00022044557301736142,0.0065631866455078125,
27136.899999976158,0,0.41049686074256897,0.6492793560028076,743.805321879695,495.4856083295794,0.4871389458827192,0.00022044557301736142,0.0065631866455078125,
27136.899999976158,1,0.5913186073303223,0.6626540422439575,534.3042262075381,504.9450290521662,0.4871389458827192,0.00022044557301736142,0.0065631866455078125,
27189.199999928474,0,0.4104633629322052,0.6494177579879761,743.8369086049017,495.5809175979221,0.4871389458827192,0.00022044557301736142,0.0065631866455078125,
27189.199999928474,1,0.5913242101669312,0.6606658101081848,534.3111874942265,503.5078149274458,0.4871389458827192,0.00022044557301736142,0.0065631866455078125,
27243.799999952316,0,0.4105965793132782,0.6491446495056152,743.6580054485876,495.3810523804097,0.4871389458827192,0.00022044557301736142,0.0065631866455078125,
27243.799999952316,1,0.5911008715629578,0.6614726781845093,534.4445701954783,504.1496816435769,0.4871389458827192,0.00022044557301736142,0.0065631866455078125,
27296.899999976158,0,0.4104181230068207,0.6490926146507263,743.9494174497801,495.3677553710752,0.4871389458827192,0.00022044557301736142,0.0065631866455078125,
27296.899999976158,1,0.5904574394226074,0.6625938415527344,535.8235005444466,504.73036738239864,0.4871389458827192,0.00022044557301736142,0.0065631866455078125,
27351.600000023842,0,0.4104042649269104,0.6497815847396851,744.1198236821707,495.9217190052341,0.4871389458827192,0.00022044557301736142,0.0065631866455078125,
27351.600000023842,1,0.5902889966964722,0.6630384922027588,535.8208341758091,505.14110725313384,0.4871389458827192,0.00022044557301736142,0.0065631866455078125,
27403.799999952316,0,0.4104500412940979,0.649291455745697,744.048192170752,495.5639181438538,0.4871389458827192,0.00022044557301736142,0.0065631866455078125,
27403.799999952316,1,0.5901950597763062,0.6628500819206238,536.2236690991,504.887778662365,0.4871389458827192,0.00022044557301736142,0.0065631866455078125,
27458.100000023842,0,0.41070136427879333,0.6492785811424255,743.5877777576036,495.5019988858963,0.4871389458827192,0.00022044557301736142,0.0065631866455078125,
27458.100000023842,1,0.5903528332710266,0.6631404161453247,535.7042548503574,505.22877789961086,0.4871389458827192,0.00022044557301736142,0.0065631866455078125,
27510.600000023842,0,0.410300612449646,0.6497786641120911,744.2205434153939,495.90757442847934,0.4871389458827192,0.00022044557301736142,0.0065631866455078125,
27510.600000023842,1,0.5906087160110474,0.6632697582244873,535.483282174079,505.27808748125676,0.4871389458827192,0.00022044557301736142,0.0065631866455078125,
27566.199999928474,0,0.4105890989303589,0.6493698954582214,743.7212373345013,495.563827580394,0.4871389458827192,0.00022044557301736142,0.0065631866455078125,
27566.199999928474,1,0.5918932557106018,0.6601582765579224,533.5720091021096,503.1467374056053,0.4871389458827192,0.00022044557301736142,0.0065631866455078125,
27619.399999976158,0,0.41059282422065735,0.6494925618171692,743.7531787394847,495.6661717986715,0.4871389458827192,0.00022044557301736142,0.0065631866455078125,
27619.399999976158,1,0.5918717980384827,0.6608690023422241,533.7380504303648,503.6023181617503,0.4871389458827192,0.00022044557301736142,0.0065631866455078125,
27673.399999976158,0,0.4105287194252014,0.6505931615829468,743.9860186081904,496.51563243564345,0.4871389458827192,0.00022044557301736142,0.0065631866455078125,
27673.399999976158,1,0.5912154316902161,0.6613102555274963,534.5689991549358,503.92377271927177,0.4871389458827192,0.00022044557301736142,0.0065631866455078125,
27727.299999952316,0,0.41053757071495056,0.6500037908554077,743.9342612978362,496.07608615910266,0.4871389458827192,0.00022044557301736142,0.0065631866455078125,
27727.299999952316,1,0.5905985832214355,0.6625521183013916,535.5763336027541,504.72814144201965,0.4871389458827192,0.00022044557301736142,0.0065631866455078125,
27781.5,0,0.41048717498779297,0.6491141319274902,744.0264383369092,495.4459420246169,0.4871389458827192,0.00022044557301736142,0.0065631866455078125,
27781.5,1,0.5909855961799622,0.6612359285354614,535.3706431504473,503.6579460084587,0.4871389458827192,0.00022044557301736142,0.0065631866455078125,
27834.699999928474,0,0.4102756679058075,0.6504964828491211,744.4223781791586,496.4879535172621,0.4871389458827192,0.00022044557301736142,0.0065631866455078125,
27834.699999928474,1,0.5912013053894043,0.6629269123077393,534.6922308213385,505.04466848631927,0.4871389458827192,0.00022044557301736142,0.0065631866455078125,
27890,0,0.41044649481773376,0.6503721475601196,744.1411944433617,496.37518201137334,0.4871389458827192,0.00022044557301736142,0.0065631866455078125,
27890,1,0.5903200507164001,0.6634948253631592,536.1832936410528,505.3011637564179,0.4871389458827192,0.00022044557301736142,0.0065631866455078125,
27942.399999976158,0,0.410295307636261,0.649675190448761,744.3666245376336,495.88525862004,0.4871389458827192,0.00022044557301736142,0.0065631866455078125,
27942.399999976158,1,0.5910532474517822,0.6619443297386169,534.8902105714475,504.33371904965634,0.4871389458827192,0.00022044557301736142,0.0065631866455078125,
27996.799999952316,0,0.4103078842163086,0.6492950320243835,744.3116759888488,495.59706840726386,0.4871389458827192,0.00022044557301736142,0.0065631866455078125,
27996.799999952316,1,0.5897715091705322,0.6638236045837402,536.9405598639332,505.51424936075864,0.4871389458827192,0.00022044557301736142,0.0065631866455078125,
28049.299999952316,0,0.41033637523651123,0.6497185230255127,744.2971455990873,495.91016383429024,0.4871389458827192,0.00022044557301736142,0.0065631866455078125,
28049.299999952316,1,0.589999794960022,0.6627105474472046,536.3460818610592,504.84083492720634,0.4871389458827192,0.00022044557301736142,0.0065631866455078125,
28103.600000023842,0,0.4103897213935852,0.6505684852600098,744.2861195366338,496.5433990762486,0.4871389458827192,0.00022044557301736142,0.0065631866455078125,
28103.600000023842,1,0.5904447436332703,0.6633650064468384,535.541959793791,505.4087010405668,0.4871389458827192,0.00022044557301736142,0.0065631866455078125,
28155.199999928474,0,0.41072505712509155,0.649726927280426,743.608465556607,495.8442612482515,0.4871389458827192,0.00022044557301736142,0.0065631866455078125,
28155.199999928474,1,0.5903840065002441,0.6638209819793701,535.869828385563,505.63386395287154,0.4871389458827192,0.00022044557301736142,0.0065631866455078125,
28209.5,0,0.41052496433258057,0.6505188345909119,743.9195661795382,496.43528150904075,0.4871389458827192,0.00022044557301736142,0.0065631866455078125,
28209.5,1,0.5912708640098572,0.6616251468658447,534.5477636060153,504.1301749564833,0.4871389458827192,0.00022044557301736142,0.0065631866455078125,
28262.600000023842,0,0.41057446599006653,0.6502224802970886,743.8574110369788,496.2223626753164,0.4871389458827192,0.00022044557301736142,0.0065631866455078125,
28262.600000023842,1,0.5919912457466125,0.6615079641342163,533.67318706283,504.02628817086566,0.4871389458827192,0.00022044557301736142,0.0065631866455078125,
28318.299999952316,0,0.4106013774871826,0.6508646011352539,743.8728599231302,496.7034991450267,0.4871389458827192,0.00022044557301736142,0.0065631866455078125,
28318.299999952316,1,0.592185378074646,0.6617946028709412,533.2275534828333,504.31302391796015,0.4871389458827192,0.00022044557301736142,0.0065631866455078125,
28370.600000023842,0,0.4099780023097992,0.6513670682907104,744.94125160444,497.16548106193244,0.4871389458827192,0.00022044557301736142,0.0065631866455078125,
28370.600000023842,1,0.5913709402084351,0.6623315811157227,534.3421871155211,504.67042787666855,0.4871389458827192,0.00022044557301736142,0.0065631866455078125,
28424.799999952316,0,0.4102590084075928,0.6502605676651001,744.3559583264646,496.28542205601514,0.4871389458827192,0.00022044557301736142,0.0065631866455078125,
28424.799999952316,1,0.590815007686615,0.6631855368614197,535.5221037040984,505.0902783208634,0.4871389458827192,0.00022044557301736142,0.0065631866455078125,
28477.100000023842,0,0.4104456305503845,0.6502276659011841,743.9872398160633,496.2128110656783,0.4871389458827192,0.00022044557301736142,0.0065631866455078125,
28477.100000023842,1,0.5912116765975952,0.6620336174964905,534.8296755657001,504.33890790413204,0.4871389458827192,0.00022044557301736142,0.0065631866455078125,
28531.799999952316,0,0.4102709889411926,0.6497644782066345,744.2615887311205,495.8985408385354,0.4871389458827192,0.00022044557301736142,0.0065631866455078125,
28531.799999952316,1,0.5908397436141968,0.6611148118972778,535.438438883659,503.6214688887286,0.4871389458827192,0.00022044557301736142,0.0065631866455078125,
28585.199999928474,0,0.4106266498565674,0.6498808264732361,743.693846353066,495.93960297016656,0.4871389458827192,0.00022044557301736142,0.0065631866455078125,
28585.199999928474,1,0.5916717052459717,0.6605315804481506,533.9597291065436,503.3734024091166,0.4871389458827192,0.00022044557301736142,0.0065631866455078125,
28639.600000023842,0,0.4106087386608124,0.6500095129013062,743.7394560045682,496.04091036452434,0.4871389458827192,0.00022044557301736142,0.0065631866455078125,
28639.600000023842,1,0.5912965536117554,0.6617700457572937,534.6951749248952,504.15994250081405,0.4871389458827192,0.00022044557301736142,0.0065631866455078125,
28691.600000023842,0,0.41079074144363403,0.6496491432189941,743.4062962265326,495.7430627432636,0.4871389458827192,0.00022044557301736142,0.0065631866455078125,
28691.600000023842,1,0.5903457403182983,0.6632237434387207,536.1790308023244,505.09373178206414,0.4871389458827192,0.00022044557301736142,0.0065631866455078125,
28745.799999952316,0,0.4107810854911804,0.6497606039047241,743.394333416358,495.8139353692196,0.4871389458827192,0.00022044557301736142,0.0065631866455078125,
28745.799999952316,1,0.5912061929702759,0.6616758108139038,534.8138226775384,504.09084686715875,0.4871389458827192,0.00022044557301736142,0.0065631866455078125,
28798.199999928474,0,0.41080355644226074,0.6497189998626709,743.3497468437149,495.7778655583049,0.4871389458827192,0.00022044557301736142,0.0065631866455078125,
28798.199999928474,1,0.590395450592041,0.661868691444397,536.2778611347375,504.0478729300979,0.4871389458827192,0.00022044557301736142,0.0065631866455078125,
28853.699999928474,0,0.4106188118457794,0.6496067047119141,743.626168957904,495.71243109046134,0.4871389458827192,0.00022044557301736142,0.0065631866455078125,
28853.699999928474,1,0.5909084677696228,0.661894679069519,535.5618759656859,504.0923577383636,0.4871389458827192,0.00022044557301736142,0.0065631866455078125,
28906.699999928474,0,0.41067999601364136,0.6497511863708496,743.5078946270866,495.80103614470244,0.4871389458827192,0.00022044557301736142,0.0065631866455078125,
28906.699999928474,1,0.591758668422699,0.6601498126983643,534.1873403423522,502.95830472805767,0.4871389458827192,0.00022044557301736142,0.0065631866455078125,
28961.399999976158,0,0.41045016050338745,0.6497182846069336,743.9026570235593,495.81603730718115,0.4871389458827192,0.00022044557301736142,0.0065631866455078125,
28961.399999976158,1,0.5910749435424805,0.6624848246574402,535.2505598965353,504.55960494729527,0.4871389458827192,0.00022044557301736142,0.0065631866455078125,
29013.399999976158,0,0.4104149341583252,0.6502493619918823,744.0144826360645,496.2238578065577,0.4871389458827192,0.00022044557301736142,0.0065631866455078125,
29013.399999976158,1,0.590254545211792,0.6638420820236206,536.2824186333434,505.5446519928745,0.4871389458827192,0.00022044557301736142,0.0065631866455078125,
29067.799999952316,0,0.41068047285079956,0.6501592397689819,743.5883994997478,496.12607197737896,0.4871389458827192,0.00022044557301736142,0.0065631866455078125,
29067.799999952316,1,0.5901542901992798,0.6632456183433533,536.3940208015474,505.12235297310207,0.4871389458827192,0.00022044557301736142,0.0065631866455078125,
29120.399999976158,0,0.4103353023529053,0.6508262157440186,744.1043717669469,496.6346155568833,0.4871389458827192,0.00022044557301736142,0.0065631866455078125,
29120.399999976158,1,0.591899037361145,0.6624347567558289,533.6746724404379,504.7412781462302,0.4871389458827192,0.00022044557301736142,0.0065631866455078125,
29174.600000023842,0,0.41046977043151855,0.6505849361419678,743.9606859828323,496.4716939219753,0.4871389458827192,0.00022044557301736142,0.0065631866455078125,
29174.600000023842,1,0.589968740940094,0.6631412506103516,536.870245817117,504.94393951492543,0.4871389458827192,0.00022044557301736142,0.0065631866455078125,
29227.299999952316,0,0.4103083610534668,0.6504798531532288,744.2046604762077,496.4101782563636,0.4871389458827192,0.00022044557301736142,0.0065631866455078125,
29227.299999952316,1,0.5913572311401367,0.6607784032821655,534.621688942406,503.44421446902777,0.4871389458827192,0.00022044557301736142,0.0065631866455078125,
29282.600000023842,0,0.410325825214386,0.6505163908004761,744.0426987380661,496.38335502136675,0.4871389458827192,0.00022044557301736142,0.0065631866455078125,
29282.600000023842,1,0.5909417867660522,0.6618021726608276,535.3192747651884,504.1115093459755,0.4871389458827192,0.00022044557301736142,0.0065631866455078125,
29335.799999952316,0,0.41058239340782166,0.649620771408081,743.6812065915464,495.7258011760951,0.4871389458827192,0.00022044557301736142,0.0065631866455078125,
29335.799999952316,1,0.5909844040870667,0.66141676902771,535.1944357491979,503.86375759959554,0.4871389458827192,0.00022044557301736142,0.0065631866455078125,
29390,0,0.41053396463394165,0.6494651436805725,743.7552266234943,495.6183755824429,0.4871389458827192,0.00022044557301736142,0.0065631866455078125,
29390,1,0.5902768969535828,0.659943163394928,536.5097365953067,502.62643882430825,0.4871389458827192,0.00022044557301736142,0.0065631866455078125,
29441.799999952316,0,0.41040995717048645,0.6499675512313843,744.0305968309042,496.0246538620861,0.4871389458827192,0.00022044557301736142,0.0065631866455078125,
29441.799999952316,1,0.5913152098655701,0.661088764667511,534.7722966067673,503.62704961523826,0.4871389458827192,0.00022044557301736142,0.0065631866455078125,
29495.799999952316,0,0.41061484813690186,0.6497666835784912,743.681873028545,495.8470623181441,0.4871389458827192,0.00022044557301736142,0.0065631866455078125,
29495.799999952316,1,0.5920665860176086,0.6612855792045593,533.6023815201113,503.85560419166774,0.4871389458827192,0.00022044557301736142,0.0065631866455078125,
29548.899999976158,0,0.41038990020751953,0.6505509614944458,743.9968039754856,496.42206889353065,0.4871389458827192,0.00022044557301736142,0.0065631866455078125,
29548.899999976158,1,0.5915729999542236,0.6616182327270508,534.446523401616,504.0064961048382,0.4871389458827192,0.00022044557301736142,0.0065631866455078125,
29603.799999952316,0,0.41056808829307556,0.6503202319145203,743.8200730727867,496.2755024923434,0.4871389458827192,0.00022044557301736142,0.0065631866455078125,
29603.799999952316,1,0.5900010466575623,0.6606001853942871,537.0086866170436,503.03496649085304,0.4871389458827192,0.00022044557301736142,0.0065631866455078125,
29655.899999976158,0,0.41061654686927795,0.6504209041595459,743.7499116062086,496.34489530053565,0.4871389458827192,0.00022044557301736142,0.0065631866455078125,
29655.899999976158,1,0.5917186141014099,0.6622916460037231,533.9831156999833,504.6065814039421,0.4871389458827192,0.00022044557301736142,0.0065631866455078125,
29710.699999928474,0,0.41070249676704407,0.6502594947814941,743.755331661067,496.27229529597196,0.4871389458827192,0.00022044557301736142,0.0065631866455078125,
29710.699999928474,1,0.5900781154632568,0.6623438596725464,536.581018684693,504.43466020849155,0.4871389458827192,0.00022044557301736142,0.0065631866455078125,
29763.699999928474,0,0.4104786515235901,0.6502088308334351,743.9543411121417,496.20280250204866,0.4871389458827192,0.00022044557301736142,0.0065631866455078125,
29763.699999928474,1,0.5903877019882202,0.6631203293800354,536.419882335044,504.89111073532894,0.4871389458827192,0.00022044557301736142,0.0065631866455078125,
29817.799999952316,0,0.4104647636413574,0.6493467092514038,743.8496004082435,495.53532961522274,0.4871389458827192,0.00022044557301736142,0.0065631866455078125,
29817.799999952316,1,0.5906516909599304,0.6606808304786682,535.9920572415335,503.174193147998,0.4871389458827192,0.00022044557301736142,0.0065631866455078125,
29869.799999952316,0,0.4104052186012268,0.649671196937561,743.9875476810486,495.7925898197684,0.4871389458827192,0.00022044557301736142,0.0065631866455078125,
29869.799999952316,1,0.5902374386787415,0.6626123189926147,536.3895305410534,504.62257983106355,0.4871389458827192,0.00022044557301736142,0.0065631866455078125,
29923.399999976158,0,0.4105517864227295,0.6486946940422058,743.7177648674141,495.0580177283079,0.4871389458827192,0.00022044557301736142,0.0065631866455078125,
29923.399999976158,1,0.5922500491142273,0.6602640151977539,533.3550152142417,503.12524894254483,0.4871389458827192,0.00022044557301736142,0.0065631866455078125,
29975.899999976158,0,0.41049617528915405,0.6485257148742676,743.801724464942,494.94126718979476,0.4871389458827192,0.00022044557301736142,0.0065631866455078125,
29975.899999976158,1,0.5908786654472351,0.6627108454704285,535.3800161350074,504.77425998404243,0.4871389458827192,0.00022044557301736142,0.0065631866455078125,
30030.799999952316,0,0.41283178329467773,0.6369549632072449,740.172812487729,486.3561389156945,0.4871389458827192,0.00022044557301736142,0.0065631866455078125,
30030.799999952316,1,0.5904741883277893,0.6634360551834106,536.1407878536664,505.19215909004873,0.4871389458827192,0.00022044557301736142,0.0065631866455078125,
30082.799999952316,0,0.407837837934494,0.5680505633354187,741.5141541253963,434.0819630035646,0.4871389458827192,0.00022044557301736142,0.0065631866455078125,
30082.799999952316,1,0.5901904106140137,0.6620229482650757,536.6208503779072,504.12370329077555,0.4871389458827192,0.00022044557301736142,0.0065631866455078125,
30137.5,0,0.3882903456687927,0.5158732533454895,765.5752807976928,395.85792082778903,0.4871389458827192,0.00022044557301736142,0.0065631866455078125,
30137.5,1,0.5911642909049988,0.6621154546737671,534.8741383505017,504.40460027352253,0.4871389458827192,0.00022044557301736142,0.0065631866455078125,
30190.199999928474,0,0.38156837224960327,0.5169098377227783,779.0936439177405,399.44739528431637,0.4871389458827192,0.00022044557301736142,0.0065631866455078125,
30190.199999928474,1,0.5907090306282043,0.6628104448318481,535.822873706005,504.7492313610707,0.4871389458827192,0.00022044557301736142,0.0065631866455078125,
30244.699999928474,0,0.37879541516304016,0.48584622144699097,776.578891583992,373.37654242729354,0.4871389458827192,0.00022044557301736142,0.0065631866455078125,
30244.699999928474,1,0.5902174115180969,0.6624637842178345,536.4868450306835,504.48457024239616,0.4871389458827192,0.00022044557301736142,0.0065631866455078125,
30298.399999976158,0,0.3783794939517975,0.47971293330192566,784,361,0.4871389458827192,0.00022044557301736142,0.0065631866455078125,
30298.399999976158,1,0.5906561017036438,0.6638164520263672,535.6960927711623,505.55705736199445,0.4871389458827192,0.00022044557301736142,0.0065631866455078125,
30353.600000023842,0,0.3844984173774719,0.4875331521034241,767.425060052559,373.00448623534885,0.4871389458827192,0.00022044557301736142,0.0065631866455078125,
30353.600000023842,1,0.5899800062179565,0.6637861728668213,536.6725233017055,505.48779730576655,0.4871389458827192,0.00022044557301736142,0.0065631866455078125,
30406.600000023842,0,0.41124624013900757,0.5907976627349854,740.5517198458097,452.38573640206823,0.4871389458827192,0.00022044557301736142,0.0065631866455078125,
30406.600000023842,1,0.5904073119163513,0.6620761156082153,536.0237985792758,504.30007931870404,0.4871389458827192,0.00022044557301736142,0.0065631866455078125,
30461.199999928474,0,0.4063352346420288,0.6423720121383667,749.6043126458089,490.6891568646285,0.4871389458827192,0.00022044557301736142,0.0065631866455078125,
30461.199999928474,1,0.5901912450790405,0.6634162664413452,536.3244540024147,505.2547260340255,0.4871389458827192,0.00022044557301736142,0.0065631866455078125,
30513.600000023842,0,0.4017881155014038,0.6496071815490723,755.294953862839,495.8508082889601,0.4871389458827192,0.00022044557301736142,0.0065631866455078125,
30513.600000023842,1,0.5902868509292603,0.6619642376899719,536.2747810896169,504.17814443195914,0.4871389458827192,0.00022044557301736142,0.0065631866455078125,
30568.799999952316,0,0.4020165205001831,0.6508690118789673,755.1519411804736,496.814170351087,0.4871389458827192,0.00022044557301736142,0.0065631866455078125,
30568.799999952316,1,0.5901244878768921,0.6629143953323364,536.4401831499595,504.8804448300994,0.4871389458827192,0.00022044557301736142,0.0065631866455078125,
30621.600000023842,0,0.4019010663032532,0.6524348258972168,755.4578452723425,497.99864717651144,0.85,0.001948386993048326,0.058809518814086914,
30621.600000023842,1,0.5905615091323853,0.6634301543235779,535.5123777820143,505.4065050201913,0.85,0.001948386993048326,0.058809518814086914,
30681.399999976158,0,0.40200453996658325,0.6525472402572632,755.2981093931821,498.06980398515674,0.85,0.001948386993048326,0.058809518814086914,
30681.399999976158,1,0.590397834777832,0.6625167727470398,535.9699927465897,504.6453134431897,0.85,0.001948386993048326,0.058809518814086914,
30734.600000023842,0,0.4020499885082245,0.6525895595550537,755.2346040544768,498.09835951616765,0.85,0.001948386993048326,0.058809518814086914,
30734.600000023842,1,0.590362548828125,0.6636943221092224,535.9319760756648,505.528158869824,0.85,0.001948386993048326,0.058809518814086914,
30790.5,0,0.40242263674736023,0.6521846652030945,754.8018641910062,497.82269070312896,0.85,0.001948386993048326,0.058809518814086914,
30790.5,1,0.5897485613822937,0.6644383072853088,536.9209260031096,505.9778509716845,0.85,0.001948386993048326,0.058809518814086914,
30843.100000023842,0,0.40248629450798035,0.6529462337493896,754.5622746243577,498.31400845801,0.85,0.001948386993048326,0.058809518814086914,
30843.100000023842,1,0.5897276997566223,0.6617614030838013,536.9483686406088,504.05016348334436,0.85,0.001948386993048326,0.058809518814086914,
30898.399999976158,0,0.40240156650543213,0.6529884338378906,754.8898336904648,498.42313268490653,0.85,0.001948386993048326,0.058809518814086914,
30898.399999976158,1,0.590612530708313,0.6627086400985718,535.5994812273143,504.82371092986097,0.85,0.001948386993048326,0.058809518814086914,
30952.699999928474,0,0.40280020236968994,0.6534170508384705,754.1931899477911,498.66487641762666,0.85,0.001948386993048326,0.058809518814086914,
30952.699999928474,1,0.5914746522903442,0.6620588302612305,534.483984908262,504.3608596574709,0.85,0.001948386993048326,0.058809518814086914,
31008.899999976158,0,0.4025229513645172,0.6536090970039368,754.6602101175822,498.84354172535313,0.85,0.001948386993048326,0.058809518814086914,
31008.899999976158,1,0.5902870893478394,0.6624181866645813,536.2725736234609,504.5058048744929,0.85,0.001948386993048326,0.058809518814086914,
31061.899999976158,0,0.4022781550884247,0.6530628204345703,755.0378549903709,498.4731585510268,0.85,0.001948386993048326,0.058809518814086914,
31061.899999976158,1,0.5905150771141052,0.6617213487625122,536.015005184985,503.9893421997965,0.85,0.001948386993048326,0.058809518814086914,
31116.399999976158,0,0.40240925550460815,0.653946578502655,754.9110588657197,499.12400622104906,0.85,0.001948386993048326,0.058809518814086914,
31116.399999976158,1,0.5905640125274658,0.6615913510322571,535.7128952263724,503.9977293017718,0.85,0.001948386993048326,0.058809518814086914,
31169.5,0,0.4030093550682068,0.6539997458457947,753.8331220119782,499.0507730767185,0.85,0.001948386993048326,0.058809518814086914,
31169.5,1,0.5921612977981567,0.6605086326599121,533.1874621750493,503.4156319139248,0.85,0.001948386993048326,0.058809518814086914,
31226.199999928474,0,0.40605610609054565,0.6316658854484558,748.456962283243,482.38506939190773,0.85,0.001948386993048326,0.058809518814086914,
31226.199999928474,1,0.5906193256378174,0.6618973016738892,535.7019014979276,504.1927731645196,0.85,0.001948386993048326,0.058809518814086914,
31280.799999952316,0,0.396415650844574,0.5676266551017761,757.4599706520353,434.59763351596257,0.85,0.001948386993048326,0.058809518814086914,
31280.799999952316,1,0.589900553226471,0.6626125574111938,536.9880526998268,504.5498973043838,0.85,0.001948386993048326,0.058809518814086914,
31334,0,0.3907306492328644,0.5445601940155029,764.4702043220358,417.8322693569215,0.85,0.001948386993048326,0.058809518814086914,
31334,1,0.5906105637550354,0.6628777980804443,535.6204576577511,504.93777101736,0.85,0.001948386993048326,0.058809518814086914,
31389.199999928474,0,0.3924335837364197,0.5406181216239929,763.122115367821,415.47331510400824,0.85,0.001948386993048326,0.058809518814086914,
31389.199999928474,1,0.5902658700942993,0.6626052856445312,536.2612116269138,504.65703115296265,0.85,0.001948386993048326,0.058809518814086914,
31442.199999928474,0,0.40476134419441223,0.6242028474807739,750.9486528888673,477.3535984516652,0.85,0.001948386993048326,0.058809518814086914,
31442.199999928474,1,0.5899598598480225,0.6617307066917419,536.8187164611494,503.9557951763889,0.85,0.001948386993048326,0.058809518814086914,
31497.699999928474,0,0.40010887384414673,0.6549144983291626,758.8262568888247,500.14577867801205,0.85,0.001948386993048326,0.058809518814086914,
31497.699999928474,1,0.5902079343795776,0.6633895635604858,536.3143118664373,505.2307118718981,0.85,0.001948386993048326,0.058809518814086914,
31551.299999952316,0,0.4012661874294281,0.655195415019989,756.920261583664,500.2104541503712,0.85,0.001948386993048326,0.058809518814086914,
31551.299999952316,1,0.5899283289909363,0.6639175415039062,536.5614491715775,505.6578848474689,0.85,0.001948386993048326,0.058809518814086914,
31606.199999928474,0,0.4019883871078491,0.6549067497253418,755.6673017031572,499.89134379662823,0.85,0.001948386993048326,0.058809518814086914,
31606.199999928474,1,0.5897341966629028,0.6620444655418396,537.0024470350365,504.2271919452395,0.85,0.001948386993048326,0.058809518814086914,
31659.199999928474,0,0.4018431603908539,0.6557178497314453,756.0624771200822,500.54670580921436,0.85,0.001948386993048326,0.058809518814086914,
31659.199999928474,1,0.5904672145843506,0.661670446395874,535.9397826775323,504.0111194745236,0.85,0.001948386993048326,0.058809518814086914,
31714,0,0.40187522768974304,0.6554598808288574,755.7362244858463,500.2632811095914,0.85,0.001948386993048326,0.058809518814086914,
31714,1,0.5915419459342957,0.6619408130645752,534.2195432799152,504.3497585895882,0.85,0.001948386993048326,0.058809518814086914,
31770.299999952316,0,0.40205201506614685,0.6554229259490967,755.6849533744169,500.29699865894094,0.85,0.001948386993048326,0.058809518814086914,
31770.299999952316,1,0.5905076265335083,0.6624044179916382,535.7800842726648,504.5852344821214,0.85,0.001948386993048326,0.058809518814086914,
31825.299999952316,0,0.40227386355400085,0.6557517647743225,755.1401731533672,500.4434224582355,0.85,0.001948386993048326,0.058809518814086914,
31825.299999952316,1,0.5914521217346191,0.6599287390708923,534.5889684367459,502.7952371493241,0.85,0.001948386993048326,0.058809518814086914,
31879,0,0.40220800042152405,0.6552377939224243,755.2488858984229,500.081931939563,0.85,0.001948386993048326,0.058809518814086914,
31879,1,0.5918276906013489,0.6608803272247314,534.0478222051682,503.50575751901613,0.85,0.001948386993048326,0.058809518814086914,
31934.199999928474,0,0.40222811698913574,0.655921459197998,755.3700756096483,500.62525582061716,0.85,0.001948386993048326,0.058809518814086914,
31934.199999928474,1,0.5908073782920837,0.6610292196273804,535.5098030631987,503.5471270142355,0.85,0.001948386993048326,0.058809518814086914,
31987.600000023842,0,0.40211552381515503,0.6554831266403198,755.4905627307091,500.30149801070087,0.85,0.001948386993048326,0.058809518814086914,
31987.600000023842,1,0.5903786420822144,0.6607009172439575,535.9778199800564,503.3449664416011,0.85,0.001948386993048326,0.058809518814086914,
32042.100000023842,0,0.40206074714660645,0.6555358171463013,755.4884772463517,500.31437350167505,0.85,0.001948386993048326,0.058809518814086914,
32042.100000023842,1,0.5908541679382324,0.659543514251709,535.3154010425429,502.53425216766504,0.85,0.001948386993048326,0.058809518814086914,
32095.699999928474,0,0.40225863456726074,0.6554697751998901,755.2714185057687,500.2794275736544,0.85,0.001948386993048326,0.058809518814086914,
32095.699999928474,1,0.5900217294692993,0.6614677906036377,536.6717000963046,503.7959009211444,0.85,0.001948386993048326,0.058809518814086914,
32151.399999976158,0,0.402376651763916,0.6553598642349243,754.9817258127214,500.15179093477093,0.85,0.001948386993048326,0.058809518814086914,
32151.399999976158,1,0.5902765989303589,0.661358118057251,536.1134898848342,503.81601772763224,0.85,0.001948386993048326,0.058809518814086914,
32204.5,0,0.40245065093040466,0.6548763513565063,754.9549315443232,499.8275206818373,0.85,0.001948386993048326,0.058809518814086914,
32204.5,1,0.5910996198654175,0.6625009775161743,534.8988978259417,504.7063440327499,0.85,0.001948386993048326,0.058809518814086914,
32260,0,0.40214407444000244,0.6544257402420044,755.209835645294,499.45458783467524,0.85,0.001948386993048326,0.058809518814086914,
32260,1,0.5915486812591553,0.6609634160995483,534.2565966416878,503.6272379547173,0.85,0.001948386993048326,0.058809518814086914,
32312.899999976158,0,0.40213543176651,0.6550361514091492,755.4486774830302,499.97400015733194,0.85,0.001948386993048326,0.058809518814086914,
32312.899999976158,1,0.5910422205924988,0.6623568534851074,535.1829346104519,504.5141836610562,0.85,0.001948386993048326,0.058809518814086914,
32368.799999952316,0,0.4095439314842224,0.6257421374320984,743.6620403988916,477.97634556930166,0.85,0.001948386993048326,0.058809518814086914,
32368.799999952316,1,0.5901635885238647,0.6626989841461182,536.3198560121587,504.7553078131544,0.85,0.001948386993048326,0.058809518814086914,
32421.899999976158,0,0.4090905785560608,0.5915654301643372,742.1353012703596,452.33813848880686,0.85,0.001948386993048326,0.058809518814086914,
32421.899999976158,1,0.5900474786758423,0.6626140475273132,536.3497946165081,504.7442675427695,0.85,0.001948386993048326,0.058809518814086914,
32477.399999976158,0,0.4038393497467041,0.5587799549102783,746.8584107017327,427.55403230630066,0.85,0.001948386993048326,0.058809518814086914,
32477.399999976158,1,0.5908673405647278,0.6607661843299866,535.3194698895268,503.40578212157624,0.85,0.001948386993048326,0.058809518814086914,
32530.600000023842,0,0.406278133392334,0.5533210039138794,744,422,0.85,0.001948386993048326,0.058809518814086914,
32530.600000023842,1,0.5903342366218567,0.6631631851196289,536.0518632233845,505.11053388286035,0.85,0.001948386993048326,0.058809518814086914,
32586.100000023842,0,0.40921449661254883,0.627549409866333,743.8519627714654,479.17403689728883,0.85,0.001948386993048326,0.058809518814086914,
32586.100000023842,1,0.5906409025192261,0.6613913774490356,535.7947323659414,503.77721025927076,0.85,0.001948386993048326,0.058809518814086914,
32639.899999976158,0,0.3986731469631195,0.656242847442627,759.841008952416,500.8291473261139,0.85,0.001948386993048326,0.058809518814086914,
32639.899999976158,1,0.5908228754997253,0.6633198261260986,535.1606022828037,505.33416200477586,0.85,0.001948386993048326,0.058809518814086914,
32694.600000023842,0,0.3993798792362213,0.656711757183075,758.6721540202719,501.073449612112,0.85,0.001948386993048326,0.058809518814086914,
32694.600000023842,1,0.5902426838874817,0.6620330810546875,536.3009075025486,504.24075536892633,0.85,0.001948386993048326,0.058809518814086914,
32747.699999928474,0,0.3985916078090668,0.65626060962677,759.7239258347702,500.7639207924627,0.85,0.001948386993048326,0.058809518814086914,
32747.699999928474,1,0.5911976099014282,0.6627416610717773,534.5180048564732,504.98435779374506,0.85,0.001948386993048326,0.058809518814086914,
32802.199999928474,0,0.39889881014823914,0.6568810343742371,759.522790854502,501.2784074396867,0.85,0.001948386993048326,0.058809518814086914,
32802.199999928474,1,0.5899948477745056,0.6629009246826172,536.4776173037667,504.925366639203,0.85,0.001948386993048326,0.058809518814086914,
32855.10000002384,0,0.3987727761268616,0.6567238569259644,759.5479085029286,501.1173279403138,0.85,0.001948386993048326,0.058809518814086914,
32855.10000002384,1,0.5901878476142883,0.6632012128829956,536.2228897457807,505.1448194381639,0.85,0.001948386993048326,0.058809518814086914,
32909.199999928474,0,0.3990013003349304,0.6564339995384216,759.2982439391659,500.9237817058241,0.85,0.001948386993048326,0.058809518814086914,
32909.199999928474,1,0.5913366675376892,0.6615977883338928,534.6036009605167,504.05267238724724,0.85,0.001948386993048326,0.058809518814086914,
32962.39999997616,0,0.39932960271835327,0.6572487950325012,758.9008590750253,501.5184819473818,0.85,0.001948386993048326,0.058809518814086914,
32962.39999997616,1,0.5899202227592468,0.6640608310699463,536.7192283173537,505.69834876976006,0.85,0.001948386993048326,0.058809518814086914,
33018,0,0.39876464009284973,0.6567660570144653,759.7131175839082,501.2021055529888,0.85,0.001948386993048326,0.058809518814086914,
33018,1,0.5898958444595337,0.6621766686439514,536.9031703254659,504.27579392569487,0.85,0.001948386993048326,0.058809518814086914,
33070.39999997616,0,0.3992939889431,0.6566888689994812,759.0497839188707,501.1514837889069,0.85,0.001948386993048326,0.058809518814086914,
33070.39999997616,1,0.5904105305671692,0.6613543033599854,536.1725930297715,503.7148129960803,0.85,0.001948386993048326,0.058809518814086914,
33124.89999997616,0,0.399294912815094,0.6570475101470947,759.0139694500243,501.39763814000423,0.85,0.001948386993048326,0.058809518814086914,
33124.89999997616,1,0.5904807448387146,0.663325846195221,535.8497024027334,505.23382909885197,0.85,0.001948386993048326,0.058809518814086914,
33178.39999997616,0,0.3994150757789612,0.656633734703064,758.779995198477,501.0716042293597,0.85,0.001948386993048326,0.058809518814086914,
33178.39999997616,1,0.5907250642776489,0.6620731353759766,535.6989824342841,504.2629411172884,0.85,0.001948386993048326,0.058809518814086914,
33233.10000002384,0,0.398762971162796,0.656080961227417,759.6274892411319,500.6781136813527,0.85,0.001948386993048326,0.058809518814086914,
33233.10000002384,1,0.5908469557762146,0.6626769304275513,535.3957249257253,504.76037039189157,0.85,0.001948386993048326,0.058809518814086914,
33286,0,0.3989023268222809,0.6569294333457947,759.6006251180963,501.3418604601502,0.85,0.001948386993048326,0.058809518814086914,
33286,1,0.590512216091156,0.6621407270431519,535.9719299766191,504.3113918234363,0.85,0.001948386993048326,0.058809518814086914,
33341.39999997616,0,0.39882490038871765,0.6561870574951172,759.5418874187137,500.75227444808803,0.85,0.001948386993048326,0.058809518814086914,
33341.39999997616,1,0.5903096795082092,0.6633637547492981,536.1030404563506,505.24659042888663,0.85,0.001948386993048326,0.058809518814086914,
33394.60000002384,0,0.3993423581123352,0.6568552255630493,758.8358216223654,501.21792577034273,0.85,0.001948386993048326,0.058809518814086914,
33394.60000002384,1,0.590617299079895,0.6635863184928894,535.9666309761725,505.29642852282956,0.85,0.001948386993048326,0.058809518814086914,
33449,0,0.39878591895103455,0.6563230752944946,759.673115208234,500.87870901054293,0.85,0.001948386993048326,0.058809518814086914,
33449,1,0.5907869338989258,0.6627405881881714,535.6871124245586,504.7145295375362,0.85,0.001948386993048326,0.058809518814086914,
33501.799999952316,0,0.3991928994655609,0.6564888954162598,759.0860014350397,500.9749277865534,0.85,0.001948386993048326,0.058809518814086914,
33501.799999952316,1,0.5910202860832214,0.6629407405853271,535.3014647843205,504.8960310490843,0.85,0.001948386993048326,0.058809518814086914,
33557.799999952316,0,0.39838844537734985,0.6566699743270874,760.301126675937,501.1697911746211,0.85,0.001948386993048326,0.058809518814086914,
33557.799999952316,1,0.5905337333679199,0.6623380184173584,536.1011439674108,504.3856642549084,0.85,0.001948386993048326,0.058809518814086914,
33610.799999952316,0,0.3990393877029419,0.6555915474891663,759.2067186903905,500.30209102345856,0.85,0.001948386993048326,0.058809518814086914,
33610.799999952316,1,0.59039705991745,0.6623685359954834,536.1043321184785,504.48184348338117,0.85,0.001948386993048326,0.058809518814086914,
33666.199999928474,0,0.40542200207710266,0.628775417804718,748.7537070869566,480.07810999568557,0.85,0.001948386993048326,0.058809518814086914,
33666.199999928474,1,0.5902718901634216,0.6622447371482849,536.1963453518553,504.42182424039646,0.85,0.001948386993048326,0.058809518814086914,
33719.199999928474,0,0.3961380124092102,0.5472972393035889,756.7466497227045,419.3060833170838,0.85,0.001948386993048326,0.058809518814086914,
33719.199999928474,1,0.5908344388008118,0.6626911163330078,535.2917274723125,504.82100695930023,0.85,0.001948386993048326,0.058809518814086914,
33774.10000002384,0,0.38803690671920776,0.511219322681427,764.184159865295,391.1884441259648,0.85,0.001948386993048326,0.058809518814086914,
33774.10000002384,1,0.5912871360778809,0.661851167678833,534.9776353157991,504.10393730475784,0.85,0.001948386993048326,0.058809518814086914,
33827,0,0.3904414772987366,0.5145032405853271,765,390,0.85,0.001948386993048326,0.058809518814086914,
33827,1,0.5909502506256104,0.6641143560409546,535.3221894521754,505.77043981642674,0.85,0.001948386993048326,0.058809518814086914,
33882.10000002384,0,0.4086788296699524,0.5869702696800232,743.0695665275155,449.2449958629404,0.85,0.001948386993048326,0.058809518814086914,
33882.10000002384,1,0.5902154445648193,0.663053572177887,536.2497406435976,505.0121994478256,0.85,0.001948386993048326,0.058809518814086914,
33934.199999928474,0,0.3991861045360565,0.6519638895988464,759.145091944831,497.734583890427,0.85,0.001948386993048326,0.058809518814086914,
33934.199999928474,1,0.5908196568489075,0.6630550026893616,535.5991761735,504.9607505291298,0.85,0.001948386993048326,0.058809518814086914,
33989,0,0.39882197976112366,0.65433669090271,759.0350837171616,499.23506288274774,0.85,0.001948386993048326,0.058809518814086914,
33989,1,0.5905973315238953,0.6620429158210754,535.9413071381032,504.207234438881,0.85,0.001948386993048326,0.058809518814086914,
34042.89999997616,0,0.39854368567466736,0.6537269353866577,759.6100770832352,498.8765730838857,0.85,0.001948386993048326,0.058809518814086914,
34042.89999997616,1,0.5900778770446777,0.6629875302314758,536.6468873354294,504.86973297135444,0.85,0.001948386993048326,0.058809518814086914,
34097.799999952316,0,0.3986205756664276,0.6560726165771484,759.4750850068335,500.55213492063353,0.85,0.001315191090078756,0.06736642122268677,
34097.799999952316,1,0.5907144546508789,0.6621147394180298,535.7873990677251,504.2606724450072,0.85,0.001315191090078756,0.06736642122268677,
34157.799999952316,0,0.3979763388633728,0.6563696265220642,760.3611589830385,500.78834652759326,0.85,0.001315191090078756,0.06736642122268677,
34157.799999952316,1,0.5899112820625305,0.6622031927108765,536.8395271661776,504.31394453464924,0.85,0.001315191090078756,0.06736642122268677,
34213.799999952316,0,0.3982442617416382,0.6562861204147339,760.087933182256,500.7534109737585,0.85,0.001315191090078756,0.06736642122268677,
34213.799999952316,1,0.5901401042938232,0.6624795198440552,536.2604240992514,504.6351375265619,0.85,0.001315191090078756,0.06736642122268677,
34267.199999928474,0,0.39838331937789917,0.6564714908599854,759.8269103510455,500.8568563745576,0.85,0.001315191090078756,0.06736642122268677,
34267.199999928474,1,0.5901851654052734,0.6631370186805725,536.4118528316233,505.01957522100724,0.85,0.001315191090078756,0.06736642122268677,
34322.10000002384,0,0.3984073996543884,0.656846284866333,759.8245147658407,501.1370177533795,0.85,0.001315191090078756,0.06736642122268677,
34322.10000002384,1,0.5901696681976318,0.6623127460479736,536.2326317658064,504.5108277255316,0.85,0.001315191090078756,0.06736642122268677,
34376.699999928474,0,0.39840295910835266,0.6569771766662598,759.8547660873138,501.24014362274164,0.85,0.001315191090078756,0.06736642122268677,
34376.699999928474,1,0.590191125869751,0.6648938655853271,536.1783899455489,506.3805018676888,0.85,0.001315191090078756,0.06736642122268677,
34432.10000002384,0,0.3984294533729553,0.6569619178771973,759.870157230886,501.24691300568077,0.85,0.001315191090078756,0.06736642122268677,
34432.10000002384,1,0.5898129940032959,0.6625556349754333,536.8971874880525,504.59712722431226,0.85,0.001315191090078756,0.06736642122268677,
34484.799999952316,0,0.3983694314956665,0.6569790840148926,759.95000450389,501.26035679011363,0.85,0.001315191090078756,0.06736642122268677,
34484.799999952316,1,0.5900487303733826,0.6633131504058838,536.404066239033,505.2241034188927,0.85,0.001315191090078756,0.06736642122268677,
34539.699999928474,0,0.39865463972091675,0.6562793254852295,759.4500062793686,500.7077226693862,0.85,0.001315191090078756,0.06736642122268677,
34539.699999928474,1,0.5894523859024048,0.6626108884811401,537.387309417732,504.6246099136584,0.85,0.001315191090078756,0.06736642122268677,
34592.60000002384,0,0.399074524641037,0.6569405198097229,758.9968926721556,501.2143755245865,0.85,0.001315191090078756,0.06736642122268677,
34592.60000002384,1,0.5908091068267822,0.6636934280395508,535.2078152907687,505.5909639159352,0.85,0.001315191090078756,0.06736642122268677,
34648.299999952316,0,0.39878928661346436,0.6565075516700745,759.4100625915416,500.91994599685796,0.85,0.001315191090078756,0.06736642122268677,
34648.299999952316,1,0.5902619957923889,0.6619664430618286,536.192901213928,504.2283002354287,0.85,0.001315191090078756,0.06736642122268677,
34701.39999997616,0,0.40142613649368286,0.6512047052383423,755.2329888792225,496.8009221586413,0.85,0.001315191090078756,0.06736642122268677,
34701.39999997616,1,0.5911723971366882,0.6641215682029724,534.7829228656325,505.8826356933004,0.85,0.001315191090078756,0.06736642122268677,
34756.199999928474,0,0.4016694128513336,0.5860517024993896,751.3020905620963,448.186512920983,0.85,0.001315191090078756,0.06736642122268677,
34756.199999928474,1,0.5901076197624207,0.6635146737098694,536.3676975550895,505.35270149056316,0.85,0.001315191090078756,0.06736642122268677,
34809.299999952316,0,0.3907003402709961,0.5309339165687561,762.9863590657883,407.0475720356503,0.85,0.001315191090078756,0.06736642122268677,
34809.299999952316,1,0.5897887945175171,0.6615363359451294,536.818021364859,503.91036542721463,0.85,0.001315191090078756,0.06736642122268677,
34863.60000002384,0,0.39044472575187683,0.5254085659980774,764.8986063764036,404.080313800839,0.85,0.001315191090078756,0.06736642122268677,
34863.60000002384,1,0.5899164080619812,0.663699746131897,536.8180737321634,505.3979100326963,0.85,0.001315191090078756,0.06736642122268677,
34916.89999997616,0,0.39688971638679504,0.5263481736183167,754.2976981426152,403.20485653542437,0.85,0.001315191090078756,0.06736642122268677,
34916.89999997616,1,0.589948832988739,0.6621384024620056,536.5820231580533,504.35708881398745,0.85,0.001315191090078756,0.06736642122268677,
34971.89999997616,0,0.4041306972503662,0.5391607880592346,746,410,0.85,0.001315191090078756,0.06736642122268677,
34971.89999997616,1,0.5899173021316528,0.6640388369560242,536.6339158806362,505.720505907277,0.85,0.001315191090078756,0.06736642122268677,
35025.39999997616,0,0.406394362449646,0.5627276301383972,744.463911927523,430.93863834038825,0.85,0.001315191090078756,0.06736642122268677,
35025.39999997616,1,0.5903923511505127,0.6621562242507935,535.9013628603944,504.4175697328263,0.85,0.001315191090078756,0.06736642122268677,
35080.5,0,0.39800432324409485,0.6522680521011353,759.2464776996992,497.42021390815785,0.85,0.001315191090078756,0.06736642122268677,
35080.5,1,0.5903491377830505,0.662521481513977,536.1121091415542,504.61484692876115,0.85,0.001315191090078756,0.06736642122268677,
35133.799999952316,0,0.3964633047580719,0.6562246680259705,762.7560495312565,500.8459834245678,0.85,0.001315191090078756,0.06736642122268677,
35133.799999952316,1,0.5909209847450256,0.6618022918701172,535.2610374254377,504.147474321318,0.85,0.001315191090078756,0.06736642122268677,
35190,0,0.3968275785446167,0.6571598052978516,762.0588172590079,501.438665531894,0.85,0.001315191090078756,0.06736642122268677,
35190,1,0.5901839733123779,0.6644256114959717,536.4584279671334,505.92795102637035,0.85,0.001315191090078756,0.06736642122268677,
35246.39999997616,0,0.39493289589881897,0.660065770149231,765.0619456008203,503.72873808891444,0.85,0.001625053029473571,0.09349703788757324,
35246.39999997616,1,0.5909019708633423,0.6614850759506226,535.4243828870882,503.8601478024833,0.85,0.001625053029473571,0.09349703788757324,
35308.199999928474,0,0.3951960802078247,0.6601817011833191,764.5459399958504,503.75231154142625,0.85,0.001625053029473571,0.09349703788757324,
35308.199999928474,1,0.5900704860687256,0.6629408597946167,536.5576910465695,504.8787497975864,0.85,0.001625053029473571,0.09349703788757324,
35362.60000002384,0,0.3955598473548889,0.6598953604698181,763.8899124379263,503.48109957842286,0.85,0.001625053029473571,0.09349703788757324,
35362.60000002384,1,0.5913204550743103,0.6615235209465027,534.5115967622185,504.04579865761764,0.85,0.001625053029473571,0.09349703788757324,
35418.39999997616,0,0.3955151438713074,0.6593276262283325,764.0173287178575,503.09647733796766,0.85,0.001625053029473571,0.09349703788757324,
35418.39999997616,1,0.5901855230331421,0.6611490249633789,536.4270307802877,503.58149245498475,0.85,0.001625053029473571,0.09349703788757324,
35471.60000002384,0,0.39539194107055664,0.660528838634491,764.1470631993936,503.951753928939,0.85,0.001625053029473571,0.09349703788757324,
35471.60000002384,1,0.5906111001968384,0.6629478335380554,535.5384341162004,505.0221657674328,0.85,0.001625053029473571,0.09349703788757324,
35527.39999997616,0,0.3954562842845917,0.658088207244873,763.9139911801888,502.14225019142003,0.85,0.001625053029473571,0.09349703788757324,
35527.39999997616,1,0.5912446975708008,0.6620593070983887,534.5801848361768,504.4432094661992,0.85,0.001625053029473571,0.09349703788757324,
35580.60000002384,0,0.39544737339019775,0.6602123975753784,764.0528012302368,503.71589437424484,0.85,0.001625053029473571,0.09349703788757324,
35580.60000002384,1,0.5906446576118469,0.665260910987854,535.6573999172881,506.61968091521965,0.85,0.001625053029473571,0.09349703788757324,
35636.60000002384,0,0.3955337405204773,0.6585756540298462,763.8611305164242,502.50935293507354,0.85,0.001625053029473571,0.09349703788757324,
35636.60000002384,1,0.5902131795883179,0.663567304611206,536.1922066877898,505.4076703947322,0.85,0.001625053029473571,0.09349703788757324,
35689.39999997616,0,0.39531853795051575,0.6587187051773071,764.3164593422194,502.6742749526089,0.85,0.001625053029473571,0.09349703788757324,
35689.39999997616,1,0.5902256369590759,0.6640336513519287,536.3785375100381,505.65719500431334,0.85,0.001625053029473571,0.09349703788757324,
35743.89999997616,0,0.3955199122428894,0.6579293012619019,763.8117978850053,502.0205740523166,0.85,0.001625053029473571,0.09349703788757324,
35743.89999997616,1,0.590239942073822,0.6632077693939209,536.2673087462742,505.10239537689523,0.85,0.001625053029473571,0.09349703788757324,
35797.10000002384,0,0.39520347118377686,0.6581284999847412,764.2486767235239,502.1751344452385,0.85,0.001625053029473571,0.09349703788757324,
35797.10000002384,1,0.5903991460800171,0.6624572277069092,536.1224576448251,504.5367842127305,0.85,0.001625053029473571,0.09349703788757324,
35852.89999997616,0,0.3937852382659912,0.6113527417182922,765.5249139463583,468.30252705386954,0.85,0.001625053029473571,0.09349703788757324,
35852.89999997616,1,0.5911821722984314,0.662851095199585,535.0136096231221,504.86587226181166,0.85,0.001625053029473571,0.09349703788757324,
35907,0,0.38120144605636597,0.5836116075515747,781.3526137515835,448.22366655183305,0.85,0.001625053029473571,0.09349703788757324,
35907,1,0.5900887846946716,0.6633153557777405,536.3625641233899,505.2215663655829,0.85,0.001625053029473571,0.09349703788757324,
35962.199999928474,0,0.3807745575904846,0.5739331245422363,780.7409113363713,440.78468556873025,0.85,0.001625053029473571,0.09349703788757324,
35962.199999928474,1,0.5898852348327637,0.663189709186554,536.8193553243207,505.047358129199,0.85,0.001625053029473571,0.09349703788757324,
36014.799999952316,0,0.38111913204193115,0.5636692047119141,779.104769758407,432.848581947918,0.85,0.001625053029473571,0.09349703788757324,
36014.799999952316,1,0.590297281742096,0.6611105799674988,536.2790912989574,503.5559164009571,0.85,0.001625053029473571,0.09349703788757324,
36070.299999952316,0,0.3819865882396698,0.5560526847839355,777.3643205608134,427.0507402204373,0.85,0.001625053029473571,0.09349703788757324,
36070.299999952316,1,0.5899664163589478,0.66351318359375,536.4540120418839,505.39145341375377,0.85,0.001625053029473571,0.09349703788757324,
36123.299999952316,0,0.38682615756988525,0.5479239821434021,771.1239270391958,421.17455865762525,0.85,0.001625053029473571,0.09349703788757324,
36123.299999952316,1,0.5904126763343811,0.6619425415992737,535.9973539276565,504.21222772879855,0.85,0.001625053029473571,0.09349703788757324,
36177.299999952316,0,0.398722767829895,0.5755724906921387,757.4293282289325,441.81702978900256,0.85,0.001625053029473571,0.09349703788757324,
36177.299999952316,1,0.5901370644569397,0.6646255850791931,536.2883430143362,506.17017717782375,0.85,0.001625053029473571,0.09349703788757324,
36230.10000002384,0,0.40041807293891907,0.6190943717956543,756.4546794579428,473.6545020888559,0.85,0.001625053029473571,0.09349703788757324,
36230.10000002384,1,0.5906548500061035,0.6652487516403198,535.9469227475048,506.4810400359173,0.85,0.001625053029473571,0.09349703788757324,
36286.299999952316,0,0.3949626088142395,0.6547783613204956,764.8937479095517,499.87840405341376,0.85,0.001625053029473571,0.09349703788757324,
36286.299999952316,1,0.5909871459007263,0.6617695689201355,535.3287304824667,504.059270383253,0.85,0.001625053029473571,0.09349703788757324,
36340.5,0,0.39550691843032837,0.6547964811325073,764.1041599273759,499.8600799131075,0.85,0.001625053029473571,0.09349703788757324,
36340.5,1,0.5902912616729736,0.6631795763969421,536.2056639394268,505.0803702884648,0.85,0.001625053029473571,0.09349703788757324,
36398.60000002384,0,0.3959256112575531,0.6543415784835815,763.6251250655176,499.5518072136734,0.85,0.001625053029473571,0.09349703788757324,
36398.60000002384,1,0.5906000733375549,0.662941575050354,535.6011060220059,504.99741404963135,0.85,0.001625053029473571,0.09349703788757324,
36451.699999928474,0,0.3949405252933502,0.6566669344902039,765.0263820724897,501.27302741263065,0.85,0.0008242780500863383,0.03570210933685303,
36451.699999928474,1,0.590580940246582,0.6619858145713806,535.8992583429185,504.1932881375829,0.85,0.0008242780500863383,0.03570210933685303,
36512.89999997616,0,0.39504581689834595,0.6568841338157654,764.8309614703072,501.40921114434735,0.85,0.0008242780500863383,0.03570210933685303,
36512.89999997616,1,0.5905719995498657,0.6624645590782166,535.9686208163537,504.5130269727036,0.85,0.0008242780500863383,0.03570210933685303,
36566.699999928474,0,0.39494436979293823,0.6568852663040161,765.0587098022626,501.4425616139024,0.85,0.0008242780500863383,0.03570210933685303,
36566.699999928474,1,0.5908634662628174,0.6622809171676636,535.3271688016564,504.49523740726494,0.85,0.0008242780500863383,0.03570210933685303,
36622.10000002384,0,0.3941492438316345,0.6563581824302673,766.213037166736,501.10782491289467,0.85,0.0008242780500863383,0.03570210933685303,
36622.10000002384,1,0.5903120040893555,0.6618295311927795,536.2504189265273,504.07778885689515,0.85,0.0008242780500863383,0.03570210933685303,
36674.699999928474,0,0.3956466317176819,0.6550012826919556,763.8945889596821,499.99707976298083,0.85,0.0008242780500863383,0.03570210933685303,
36674.699999928474,1,0.5901680588722229,0.664960503578186,536.3206135499589,506.3808484604922,0.85,0.0008242780500863383,0.03570210933685303,
36730.10000002384,0,0.39475664496421814,0.6560558080673218,765.4208353217768,500.88532252751446,0.85,0.0008242780500863383,0.03570210933685303,
36730.10000002384,1,0.5906163454055786,0.6629979610443115,535.8216715651544,504.93587549374115,0.85,0.0008242780500863383,0.03570210933685303,
36784.699999928474,0,0.3954017460346222,0.6556078791618347,764.389704699942,500.49509447739786,0.85,0.0008242780500863383,0.03570210933685303,
36784.699999928474,1,0.589988112449646,0.6642828583717346,536.6766307732048,505.83918090613935,0.85,0.0008242780500863383,0.03570210933685303,
36840.89999997616,0,0.39454519748687744,0.6553449630737305,765.5824541486683,500.3377709185611,0.85,0.0008242780500863383,0.03570210933685303,
36840.89999997616,1,0.590557336807251,0.663702130317688,535.9694270113486,505.4118336422669,0.85,0.0008242780500863383,0.03570210933685303,
36893.60000002384,0,0.39582371711730957,0.6552351713180542,763.4768885908859,500.09965522804356,0.85,0.0008242780500863383,0.03570210933685303,
36893.60000002384,1,0.5897620916366577,0.6627370119094849,537.1784448165635,504.63372205260623,0.85,0.0008242780500863383,0.03570210933685303,
36948.39999997616,0,0.39602169394493103,0.6553180813789368,763.2233127438362,500.1592928174187,0.85,0.0008242780500863383,0.03570210933685303,
36948.39999997616,1,0.5898956060409546,0.6627129912376404,536.7592015752772,504.72427535396235,0.85,0.0008242780500863383,0.03570210933685303,
37001.39999997616,0,0.39603960514068604,0.6551077961921692,763.0496009786178,499.9549102103145,0.85,0.0008242780500863383,0.03570210933685303,
37001.39999997616,1,0.5899748802185059,0.6628859043121338,536.6477007104722,504.8530725883598,0.85,0.0008242780500863383,0.03570210933685303,
37056.10000002384,0,0.4033423066139221,0.6354818940162659,752.3928060095151,485.3256032936147,0.85,0.0008242780500863383,0.03570210933685303,
37056.10000002384,1,0.589906632900238,0.6625874042510986,536.5275133036171,504.726160385943,0.85,0.0008242780500863383,0.03570210933685303,
37109,0,0.3933311104774475,0.5856866240501404,764.6761182054323,449.2504751313515,0.85,0.0008242780500863383,0.03570210933685303,
37109,1,0.5896457433700562,0.6627846956253052,537.0545064653936,504.786406313287,0.85,0.0008242780500863383,0.03570210933685303,
37164.5,0,0.3887745440006256,0.5641105771064758,769.725103617255,433.3651739914159,0.85,0.0008242780500863383,0.03570210933685303,
37164.5,1,0.5898897647857666,0.6646163463592529,536.6324195391156,506.1518904250229,0.85,0.0008242780500863383,0.03570210933685303,
37217.799999952316,0,0.3851441442966461,0.5528700947761536,774.578234244776,425.3669176387383,0.85,0.0008242780500863383,0.03570210933685303,
37217.799999952316,1,0.589758038520813,0.6633585691452026,537.0553969942969,505.1372645879655,0.85,0.0008242780500863383,0.03570210933685303,
37272.89999997616,0,0.3825646936893463,0.5507014989852905,778.3745624801979,424.0255007468935,0.85,0.0008242780500863383,0.03570210933685303,
37272.89999997616,1,0.5905500650405884,0.6623023152351379,535.906592474089,504.43497537483955,0.85,0.0008242780500863383,0.03570210933685303,
37325.199999928474,0,0.386253297328949,0.5521947741508484,772.4671961295218,424.55504602208714,0.85,0.0008242780500863383,0.03570210933685303,
37325.199999928474,1,0.5904009938240051,0.6622030138969421,536.0884903792678,504.3672940312513,0.85,0.0008242780500863383,0.03570210933685303,
37379.799999952316,0,0.3982870578765869,0.5897216200828552,758.5627663741569,452.2536396238526,0.85,0.0008242780500863383,0.03570210933685303,
37379.799999952316,1,0.59034663438797,0.6615067720413208,536.0565711122246,503.90921011903623,0.85,0.0008242780500863383,0.03570210933685303,
37433,0,0.3994835913181305,0.6368465423583984,758.1294971923955,486.6202097248129,0.85,0.0008242780500863383,0.03570210933685303,
37433,1,0.590254008769989,0.6635518074035645,536.1335737158491,505.3992006699489,0.85,0.0008242780500863383,0.03570210933685303,
37490.10000002384,0,0.397415429353714,0.6496757864952087,761.788977347751,496.21623130160816,0.85,0.0008242780500863383,0.03570210933685303,
37490.10000002384,1,0.5902053713798523,0.66507488489151,536.4186922626241,506.40075633587725,0.85,0.0008242780500863383,0.03570210933685303,
37543.299999952316,0,0.3976894021034241,0.6508882641792297,761.2023538207568,497.00917919580917,0.85,0.0008242780500863383,0.03570210933685303,
37543.299999952316,1,0.5898060202598572,0.6612449884414673,536.9250122016153,503.6453220810498,0.85,0.0008242780500863383,0.03570210933685303,
37602,0,0.39807990193367004,0.6527393460273743,760.8660231367322,498.3976566716267,0.7018289965391159,0.000885806808896704,0.012829244136810303,
37602,1,0.5898734927177429,0.6621735095977783,536.7965304105505,504.331976390859,0.7018289965391159,0.000885806808896704,0.012829244136810303,
37660.699999928474,0,0.39712584018707275,0.6517512202262878,762.3301393866878,497.76702203715104,0.7018289965391159,0.000885806808896704,0.012829244136810303,
37660.699999928474,1,0.5898293852806091,0.6617183685302734,536.8337978275871,504.01250527172306,0.7018289965391159,0.000885806808896704,0.012829244136810303,
37717.199999928474,0,0.39667412638664246,0.6496353149414062,763.0483613355425,496.2891131624554,0.7018289965391159,0.000885806808896704,0.012829244136810303,
37717.199999928474,1,0.5899750590324402,0.6616896390914917,536.5064334012266,504.0517683967619,0.7018289965391159,0.000885806808896704,0.012829244136810303,
37769.799999952316,0,0.3972731828689575,0.6499319076538086,762.275941607181,496.50084429141543,0.7018289965391159,0.000885806808896704,0.012829244136810303,
37769.799999952316,1,0.5899245142936707,0.6638861298561096,536.8160481168894,505.5284924967748,0.7018289965391159,0.000885806808896704,0.012829244136810303,
37824.299999952316,0,0.39691776037216187,0.6497047543525696,762.6106700638114,496.2982159183107,0.7018289965391159,0.000885806808896704,0.012829244136810303,
37824.299999952316,1,0.5903540849685669,0.6614623069763184,536.1033111893022,503.8532916070175,0.7018289965391159,0.000885806808896704,0.012829244136810303,
37878.39999997616,0,0.3976743221282959,0.6493880152702332,761.4634191165585,496.010984244277,0.7018289965391159,0.000885806808896704,0.012829244136810303,
37878.39999997616,1,0.5905081629753113,0.664600133895874,535.7495522397351,506.1786823946902,0.7018289965391159,0.000885806808896704,0.012829244136810303,
37933.39999997616,0,0.39711636304855347,0.6502135992050171,762.4315551565212,496.68906183342244,0.7018289965391159,0.000885806808896704,0.012829244136810303,
37933.39999997616,1,0.5906347036361694,0.664941668510437,535.7840997205274,506.3413678197751,0.7018289965391159,0.000885806808896704,0.012829244136810303,
37987.10000002384,0,0.3970569372177124,0.6498977541923523,762.5577929704014,496.4778854134067,0.7018289965391159,0.000885806808896704,0.012829244136810303,
37987.10000002384,1,0.5909970998764038,0.6631600260734558,535.2244272172898,505.0993616031384,0.7018289965391159,0.000885806808896704,0.012829244136810303,
38042.799999952316,0,0.39730697870254517,0.650434136390686,762.1155543848323,496.82438044960384,0.7018289965391159,0.000885806808896704,0.012829244136810303,
38042.799999952316,1,0.5914493799209595,0.6623247265815735,534.7268251883153,504.4633615628172,0.7018289965391159,0.000885806808896704,0.012829244136810303,
38095.699999928474,0,0.39731574058532715,0.6508435010910034,762.0080875255588,497.0874411514366,0.7018289965391159,0.000885806808896704,0.012829244136810303,
38095.699999928474,1,0.5917056798934937,0.6624254584312439,534.2374287633627,504.6042286552232,0.7018289965391159,0.000885806808896704,0.012829244136810303,
38150.10000002384,0,0.40047353506088257,0.6076471209526062,755.7775824470717,465.1656766235851,0.7018289965391159,0.000885806808896704,0.012829244136810303,
38150.10000002384,1,0.5917050242424011,0.6630340814590454,534.1059079176065,505.0976775600376,0.7018289965391159,0.000885806808896704,0.012829244136810303,
38204,0,0.3862380087375641,0.5791351795196533,774.4416572520396,444.8188201775064,0.7018289965391159,0.000885806808896704,0.012829244136810303,
38204,1,0.5908359885215759,0.6628414392471313,535.518953325327,504.8324097978307,0.7018289965391159,0.000885806808896704,0.012829244136810303,
38258.799999952316,0,0.38333219289779663,0.5654363632202148,777.8233641318466,434.81773730698194,0.7018289965391159,0.000885806808896704,0.012829244136810303,
38258.799999952316,1,0.5909562110900879,0.6627708673477173,535.1733260020379,504.86275270939115,0.7018289965391159,0.000885806808896704,0.012829244136810303,
38311.60000002384,0,0.383809357881546,0.557411789894104,775.7585714705681,428.3900854321521,0.7018289965391159,0.000885806808896704,0.012829244136810303,
38311.60000002384,1,0.5907297730445862,0.6623344421386719,535.7298423477507,504.4352289567839,0.7018289965391159,0.000885806808896704,0.012829244136810303,
38367.89999997616,0,0.385043203830719,0.5628007650375366,774.2774372174191,432.316985726314,0.7018289965391159,0.000885806808896704,0.012829244136810303,
38367.89999997616,1,0.5907642245292664,0.6628248691558838,535.4363657655531,504.89437741223935,0.7018289965391159,0.000885806808896704,0.012829244136810303,
38422.89999997616,0,0.3889472782611847,0.563019871711731,769.3534151116221,432.5093736124632,0.7018289965391159,0.000885806808896704,0.012829244136810303,
38422.89999997616,1,0.5909888744354248,0.6627228260040283,535.2316347698508,504.7859839935422,0.7018289965391159,0.000885806808896704,0.012829244136810303,
38475.39999997616,0,0.39715927839279175,0.576297402381897,759.3547936469904,442.3050802497878,0.7018289965391159,0.000885806808896704,0.012829244136810303,
38475.39999997616,1,0.5907714366912842,0.6625263094902039,535.6039619443139,504.60449819439486,0.7018289965391159,0.000885806808896704,0.012829244136810303,
38531.10000002384,0,0.4041477143764496,0.6022052764892578,750.6270571874654,461.05529038417507,0.7018289965391159,0.000885806808896704,0.012829244136810303,
38531.10000002384,1,0.591092586517334,0.6616665720939636,535.1063132055069,504.0223339819391,0.7018289965391159,0.000885806808896704,0.012829244136810303,
38584.699999928474,0,0.39741745591163635,0.649640679359436,761.0419505877912,495.93093869888713,0.7018289965391159,0.000885806808896704,0.012829244136810303,
38584.699999928474,1,0.5906689763069153,0.6627270579338074,535.7640674955342,504.73664178535057,0.7018289965391159,0.000885806808896704,0.012829244136810303,
38640.60000002384,0,0.3980247378349304,0.6513610482215881,760.1342163595098,497.1217792128367,0.7018289965391159,0.000885806808896704,0.012829244136810303,
38640.60000002384,1,0.5907344222068787,0.6624256372451782,535.708477129733,504.5075211657686,0.7018289965391159,0.000885806808896704,0.012829244136810303,
38693.799999952316,0,0.3979869782924652,0.6520344018936157,760.2832788065131,497.6435937413701,0.7018289965391159,0.000885806808896704,0.012829244136810303,
38693.799999952316,1,0.590264618396759,0.6631032228469849,536.1303904259688,505.07183226121657,0.7018289965391159,0.000885806808896704,0.012829244136810303,
38754.299999952316,0,0.3979949951171875,0.6534660458564758,760.4123404951075,498.7248808273867,0.85,0.0008849888610928608,0.04915577173233032,
38754.299999952316,1,0.5898123383522034,0.6629317998886108,536.8185246333526,504.9020399988052,0.85,0.0008849888610928608,0.04915577173233032,
38813.89999997616,0,0.3980114459991455,0.6535745859146118,760.4656748852339,498.82967763885665,0.85,0.0008849888610928608,0.04915577173233032,
38813.89999997616,1,0.5897353291511536,0.6632285118103027,536.8233852289326,505.1554888549709,0.85,0.0008849888610928608,0.04915577173233032,
38870,0,0.39724308252334595,0.653266191482544,761.6975973899816,498.6950236906809,0.85,0.0008849888610928608,0.04915577173233032,
38870,1,0.590402364730835,0.6630518436431885,536.0935633558877,504.97552890941927,0.85,0.0008849888610928608,0.04915577173233032,
38923.799999952316,0,0.3975149393081665,0.6528775691986084,761.3727480816596,498.42322710300596,0.85,0.0008849888610928608,0.04915577173233032,
38923.799999952316,1,0.5908143520355225,0.6629098057746887,535.4113222360866,504.9390729481557,0.85,0.0008849888610928608,0.04915577173233032,
38979,0,0.3979046940803528,0.6527750492095947,760.7236648184061,498.2970058744794,0.85,0.0008849888610928608,0.04915577173233032,
38979,1,0.5910614728927612,0.6625385284423828,535.1428945472616,504.65151699466503,0.85,0.0008849888610928608,0.04915577173233032,
39032.10000002384,0,0.3981859087944031,0.6523588299751282,760.1097145800053,497.90666267183235,0.85,0.0008849888610928608,0.04915577173233032,
39032.10000002384,1,0.5917003750801086,0.6617603898048401,534.3510399970468,504.08025437589754,0.85,0.0008849888610928608,0.04915577173233032,
39087.60000002384,0,0.3985092043876648,0.6528142690658569,759.6863506024908,498.23112116649486,0.85,0.0008849888610928608,0.04915577173233032,
39087.60000002384,1,0.592045247554779,0.6595557928085327,533.5032303150033,502.6620286868156,0.85,0.0008849888610928608,0.04915577173233032,
39141,0,0.39840537309646606,0.6534421443939209,759.9743564748452,498.73892115293035,0.85,0.0008849888610928608,0.04915577173233032,
39141,1,0.5899208188056946,0.6630187034606934,536.6498587122846,504.9773174613796,0.85,0.0008849888610928608,0.04915577173233032,
39197,0,0.3983303904533386,0.6536568403244019,760.1733776219733,498.9299961186661,0.85,0.0008849888610928608,0.04915577173233032,
39197,1,0.5903521180152893,0.6654549241065979,535.9531706308701,506.7925038731528,0.85,0.0008849888610928608,0.04915577173233032,
39249.5,0,0.3982883393764496,0.6539919376373291,760.2227325174335,499.1696916788217,0.85,0.0008849888610928608,0.04915577173233032,
39249.5,1,0.5895774364471436,0.6625156998634338,537.1214281517307,504.6014963076164,0.85,0.0008849888610928608,0.04915577173233032,
39305,0,0.39696186780929565,0.6207077503204346,761.2622820194913,474.9644714262734,0.85,0.0008849888610928608,0.04915577173233032,
39305,1,0.5898122787475586,0.6638513207435608,536.7324733681714,505.6007030904775,0.85,0.0008849888610928608,0.04915577173233032,
39358,0,0.3872527480125427,0.594160795211792,772.8214365553231,455.50613014165646,0.85,0.0008849888610928608,0.04915577173233032,
39358,1,0.5901610851287842,0.6643535494804382,536.2901159214679,505.96056605099216,0.85,0.0008849888610928608,0.04915577173233032,
39412.299999952316,0,0.3766503632068634,0.5570452809333801,783.6187238474469,427.4620135116876,0.85,0.0008849888610928608,0.04915577173233032,
39412.299999952316,1,0.58980393409729,0.6636854410171509,536.8707963028678,505.42690275678643,0.85,0.0008849888610928608,0.04915577173233032,
39465.299999952316,0,0.3727589547634125,0.5480819344520569,787.4933835405922,420.3795174184871,0.85,0.0008849888610928608,0.04915577173233032,
39465.299999952316,1,0.5896691083908081,0.6638936996459961,537.1227742145237,505.5426767892185,0.85,0.0008849888610928608,0.04915577173233032,
39522.10000002384,0,0.37594106793403625,0.5451816320419312,783.1793542195635,418.14596747890454,0.85,0.0008849888610928608,0.04915577173233032,
39522.10000002384,1,0.5899675488471985,0.6627125144004822,536.7552448312393,504.68596475111997,0.85,0.0008849888610928608,0.04915577173233032,
39574.60000002384,0,0.3838496208190918,0.5434622764587402,774,416,0.85,0.0008849888610928608,0.04915577173233032,
39574.60000002384,1,0.5903729200363159,0.664658784866333,536.063429056834,506.1614690563357,0.85,0.0008849888610928608,0.04915577173233032,
39629.5,0,0.392022967338562,0.5571399927139282,764.1193158919773,427.62542541543667,0.85,0.0008849888610928608,0.04915577173233032,
39629.5,1,0.5905221700668335,0.6620530486106873,535.9481204497549,504.253009084624,0.85,0.0008849888610928608,0.04915577173233032,
39682.699999928474,0,0.39727118611335754,0.619740903377533,760.9831557352337,474.3123055432177,0.85,0.0008849888610928608,0.04915577173233032,
39682.699999928474,1,0.5900313854217529,0.6626506447792053,536.6338250867946,504.65856698791777,0.85,0.0008849888610928608,0.04915577173233032,
39738.199999928474,0,0.3980024456977844,0.6519839763641357,760.0536994968314,497.52976935289547,0.85,0.0008849888610928608,0.04915577173233032,
39738.199999928474,1,0.5917181968688965,0.6627423167228699,534.0212714588826,504.9156059129488,0.85,0.0008849888610928608,0.04915577173233032,
39791.699999928474,0,0.3974713683128357,0.6519201397895813,760.6540702578392,497.45399929904676,0.85,0.0008849888610928608,0.04915577173233032,
39791.699999928474,1,0.5914593935012817,0.6619541645050049,534.5530763548259,504.2647285374207,0.85,0.0008849888610928608,0.04915577173233032,
39849.199999928474,0,0.39832979440689087,0.6523447036743164,759.2766201853889,497.65304675716004,0.85,0.0008849888610928608,0.04915577173233032,
39849.199999928474,1,0.5913483500480652,0.6616052389144897,534.7556170357601,503.9880437068432,0.85,0.0008849888610928608,0.04915577173233032,
39906.60000002384,0,0.39747554063796997,0.6551225185394287,760.8075884246149,499.81908732272217,0.85,0.001176708848642284,0.03224307298660278,
39906.60000002384,1,0.5906611084938049,0.660439133644104,535.4831294947776,503.21227931129886,0.85,0.001176708848642284,0.03224307298660278,
39967.199999928474,0,0.3976489305496216,0.6543338298797607,760.1978430220216,499.1044763715555,0.85,0.001176708848642284,0.03224307298660278,
39967.199999928474,1,0.5900294184684753,0.6647360324859619,536.4737478884904,506.2295564827854,0.85,0.001176708848642284,0.03224307298660278,
40022.10000002384,0,0.3981848657131195,0.6549041867256165,759.523793039264,499.5197460447702,0.85,0.001176708848642284,0.03224307298660278,
40022.10000002384,1,0.5895129442214966,0.6620523929595947,537.1004956437051,504.3118715620182,0.85,0.001176708848642284,0.03224307298660278,
40078.10000002384,0,0.39745137095451355,0.6559913158416748,760.8527277007545,500.44987979633777,0.85,0.001176708848642284,0.03224307298660278,
40078.10000002384,1,0.5901452898979187,0.6615304350852966,536.4480190761581,503.86922501349324,0.85,0.001176708848642284,0.03224307298660278,
40132.299999952316,0,0.39744624495506287,0.6546104550361633,760.5226222991063,499.3288033402268,0.85,0.001176708848642284,0.03224307298660278,
40132.299999952316,1,0.5910317897796631,0.6601270437240601,535.1606818401127,502.92379911557714,0.85,0.001176708848642284,0.03224307298660278,
40189,0,0.39776837825775146,0.6559604406356812,760.2563600515971,500.3563982565972,0.85,0.001176708848642284,0.03224307298660278,
40189,1,0.5909357666969299,0.6633584499359131,535.1644318077552,505.30048317040416,0.85,0.001176708848642284,0.03224307298660278,
40243.299999952316,0,0.39796411991119385,0.6546125411987305,759.7321586722815,499.28102202595227,0.85,0.001176708848642284,0.03224307298660278,
40243.299999952316,1,0.5900197625160217,0.6628475189208984,536.4774125690602,504.87351197186194,0.85,0.001176708848642284,0.03224307298660278,
40298.699999928474,0,0.397702157497406,0.6556755304336548,760.3911957930621,500.1701245567177,0.85,0.001176708848642284,0.03224307298660278,
40298.699999928474,1,0.5899254083633423,0.6630101203918457,536.5539080466453,505.00930166670025,0.85,0.001176708848642284,0.03224307298660278,
40352.10000002384,0,0.3981848359107971,0.6548447608947754,759.4834391126441,499.46134047798466,0.85,0.001176708848642284,0.03224307298660278,
40352.10000002384,1,0.590153694152832,0.6617072224617004,536.2694573137576,504.0679430561793,0.85,0.001176708848642284,0.03224307298660278,
40407.89999997616,0,0.39791733026504517,0.6554759740829468,760.1655151310025,500.04507944521634,0.85,0.001176708848642284,0.03224307298660278,
40407.89999997616,1,0.5898191332817078,0.6638392210006714,536.7849759691994,505.56597862351,0.85,0.001176708848642284,0.03224307298660278,
40462,0,0.3981395661830902,0.6545601487159729,759.5225443556764,499.24911164442364,0.85,0.001176708848642284,0.03224307298660278,
40462,1,0.5900817513465881,0.6635140180587769,536.4179014139468,505.3449799727124,0.85,0.001176708848642284,0.03224307298660278,
40516.699999928474,0,0.4038197100162506,0.6154842376708984,750.836609082153,470.52281676906125,0.85,0.001176708848642284,0.03224307298660278,
40516.699999928474,1,0.5901368260383606,0.6634016633033752,536.3129395805305,505.27869012090235,0.85,0.001176708848642284,0.03224307298660278,
40569.699999928474,0,0.3980318307876587,0.5838744640350342,756.7228553618821,447.02904565139704,0.85,0.001176708848642284,0.03224307298660278,
40569.699999928474,1,0.589853048324585,0.6625938415527344,536.7761482242258,504.65455334535216,0.85,0.001176708848642284,0.03224307298660278,
40624.89999997616,0,0.39065778255462646,0.5560104846954346,765.278633488524,426.4907879525557,0.85,0.001176708848642284,0.03224307298660278,
40624.89999997616,1,0.5900312066078186,0.6627120971679688,536.4433461202607,504.7842267717053,0.85,0.001176708848642284,0.03224307298660278,
40678.60000002384,0,0.3862617611885071,0.551476776599884,771.9720666010531,423.79695684910337,0.85,0.001176708848642284,0.03224307298660278,
40678.60000002384,1,0.5899198055267334,0.6629254817962646,536.6732225471436,504.90079554922846,0.85,0.001176708848642284,0.03224307298660278,
40735.10000002384,0,0.3864123821258545,0.5518549680709839,771.366783354164,423.85517477947405,0.85,0.001176708848642284,0.03224307298660278,
40735.10000002384,1,0.5905757546424866,0.6651053428649902,535.6701604731546,506.5394441772012,0.85,0.001176708848642284,0.03224307298660278,
40789.299999952316,0,0.39208748936653137,0.5499881505966187,763.3986152533516,422.126594678092,0.85,0.001176708848642284,0.03224307298660278,
40789.299999952316,1,0.5904448628425598,0.6635837554931641,535.9564226594924,505.39378815818174,0.85,0.001176708848642284,0.03224307298660278,
40845.10000002384,0,0.3970617651939392,0.5561139583587646,757.419191562498,426.7518932043537,0.85,0.001176708848642284,0.03224307298660278,
40845.10000002384,1,0.5903350114822388,0.663034200668335,536.1119145335745,504.9917843700434,0.85,0.001176708848642284,0.03224307298660278,
40898.799999952316,0,0.40414971113204956,0.570801317691803,747.5913720334211,436.9014672469562,0.85,0.001176708848642284,0.03224307298660278,
40898.799999952316,1,0.5904773473739624,0.6628945469856262,535.8112455071551,504.9413206475795,0.85,0.001176708848642284,0.03224307298660278,
40954.5,0,0.4004875719547272,0.6389392614364624,756.1933249267979,487.8741890993843,0.85,0.001176708848642284,0.03224307298660278,
40954.5,1,0.5906389951705933,0.665319561958313,535.6477938848682,506.66902930371157,0.85,0.001176708848642284,0.03224307298660278,
41008.10000002384,0,0.3999440670013428,0.6493898630142212,757.0183972010875,495.4502484310463,0.85,0.001176708848642284,0.03224307298660278,
41008.10000002384,1,0.5910153985023499,0.6620997786521912,535.0962269333941,504.38013014504355,0.85,0.001176708848642284,0.03224307298660278,
41068.10000002384,0,0.40057504177093506,0.6505096554756165,756.1730173964231,496.24151545262146,0.85,0.001176708848642284,0.03224307298660278,
41068.10000002384,1,0.5908471345901489,0.662709653377533,535.3839188771491,504.78882146128717,0.85,0.001176708848642284,0.03224307298660278,
41123.39999997616,0,0.40015676617622375,0.6535391807556152,756.999439834007,498.5368180344808,0.42500000000000004,0.00009415979948455812,0.004683077335357666,
41123.39999997616,1,0.5908685922622681,0.663620114326477,535.3857882043523,505.4319501799297,0.42500000000000004,0.00009415979948455812,0.004683077335357666,
41183.699999928474,0,0.40022188425064087,0.6524975895881653,756.71940804737,497.710183567645,0.8049999999999999,0.0012233024001136053,0.07858854532241821,
41183.699999928474,1,0.5900911688804626,0.6633697748184204,536.2785808684908,505.29480397721994,0.8049999999999999,0.0012233024001136053,0.07858854532241821,
41242,0,0.40032434463500977,0.6524662971496582,756.7329153370432,497.7442118415525,0.8049999999999999,0.0012233024001136053,0.07858854532241821,
41242,1,0.5905057787895203,0.6618191599845886,535.9177526863535,504.10655688975294,0.8049999999999999,0.0012233024001136053,0.07858854532241821,
41296.699999928474,0,0.3996698558330536,0.6530779600143433,757.8654623538969,498.29721329917993,0.8049999999999999,0.0012233024001136053,0.07858854532241821,
41296.699999928474,1,0.5906828045845032,0.6630189418792725,535.5205273037735,505.04252269057866,0.8049999999999999,0.0012233024001136053,0.07858854532241821,
41350.699999928474,0,0.4004039764404297,0.6525636911392212,756.7429395336216,497.8575164612483,0.8049999999999999,0.0012233024001136053,0.07858854532241821,
41350.699999928474,1,0.5904486179351807,0.6601974964141846,536.0671783899384,502.90632310138125,0.8049999999999999,0.0012233024001136053,0.07858854532241821,
41405.60000002384,0,0.4005401134490967,0.6519842743873596,756.3890912163623,497.37081655123575,0.8049999999999999,0.0012233024001136053,0.07858854532241821,
41405.60000002384,1,0.5914337635040283,0.6611311435699463,534.3437760935138,503.77263854511966,0.8049999999999999,0.0012233024001136053,0.07858854532241821,
41459.39999997616,0,0.40075910091400146,0.6530008316040039,756.1901309882035,498.1343898933609,0.8049999999999999,0.0012233024001136053,0.07858854532241821,
41459.39999997616,1,0.590182363986969,0.6630478501319885,536.225437088991,505.03628477172873,0.8049999999999999,0.0012233024001136053,0.07858854532241821,
41515,0,0.4002384841442108,0.6537209749221802,756.9459398438239,498.6873737373521,0.8049999999999999,0.0012233024001136053,0.07858854532241821,
41515,1,0.5904076099395752,0.6627991199493408,535.9187980921142,504.8649207198224,0.8049999999999999,0.0012233024001136053,0.07858854532241821,
41568.89999997616,0,0.40064722299575806,0.6522107124328613,756.2434253705482,497.53050305252134,0.8049999999999999,0.0012233024001136053,0.07858854532241821,
41568.89999997616,1,0.5904091596603394,0.6611493825912476,535.9651484309063,503.65671131157313,0.8049999999999999,0.0012233024001136053,0.07858854532241821,
41625.199999928474,0,0.400660902261734,0.6524231433868408,756.1979803423098,497.6725103613555,0.8049999999999999,0.0012233024001136053,0.07858854532241821,
41625.199999928474,1,0.5904665589332581,0.6625396609306335,535.8991248591504,504.65455977193625,0.8049999999999999,0.0012233024001136053,0.07858854532241821,
41678.60000002384,0,0.4007352590560913,0.6522156596183777,756.0674493064901,497.50922674382076,0.8049999999999999,0.0012233024001136053,0.07858854532241821,
41678.60000002384,1,0.590053379535675,0.6627495288848877,536.5632132408466,504.7480246185521,0.8049999999999999,0.0012233024001136053,0.07858854532241821,
41733.60000002384,0,0.4007197618484497,0.6523487567901611,756.1577133205154,497.6326858098793,0.8049999999999999,0.0012233024001136053,0.07858854532241821,
41733.60000002384,1,0.5900532007217407,0.662797749042511,536.4813193859271,504.8178431581046,0.8049999999999999,0.0012233024001136053,0.07858854532241821,
41786.39999997616,0,0.4006219208240509,0.6515687704086304,756.2123243205981,497.0433885777176,0.8049999999999999,0.0012233024001136053,0.07858854532241821,
41786.39999997616,1,0.5898910760879517,0.6614977717399597,536.7312395728911,503.8637731679125,0.8049999999999999,0.0012233024001136053,0.07858854532241821,
41842.199999928474,0,0.40063565969467163,0.6521611213684082,756.3901168242638,497.5460275441517,0.8049999999999999,0.0012233024001136053,0.07858854532241821,
41842.199999928474,1,0.5899240374565125,0.6627285480499268,536.6212200628772,504.77882817333335,0.8049999999999999,0.0012233024001136053,0.07858854532241821,
41896.199999928474,0,0.40038254857063293,0.6531804800033569,756.9279001417677,498.36149726211977,0.8049999999999999,0.0012233024001136053,0.07858854532241821,
41896.199999928474,1,0.5906147360801697,0.6620258092880249,535.6744608118594,504.2993776473369,0.8049999999999999,0.0012233024001136053,0.07858854532241821,
41952.199999928474,0,0.40047287940979004,0.6528720259666443,756.8419974230995,498.1505965494284,0.8049999999999999,0.0012233024001136053,0.07858854532241821,
41952.199999928474,1,0.5905531644821167,0.6618276834487915,535.8868183578403,504.1000048018375,0.8049999999999999,0.0012233024001136053,0.07858854532241821,
42005.39999997616,0,0.40060773491859436,0.6532549262046814,756.6919383394732,498.4347502957921,0.8049999999999999,0.0012233024001136053,0.07858854532241821,
42005.39999997616,1,0.5898869633674622,0.6605657935142517,536.9213693285685,503.1129903517859,0.8049999999999999,0.0012233024001136053,0.07858854532241821,
42061.89999997616,0,0.4003269076347351,0.6531555652618408,757.2074525989171,498.4212153682684,0.8049999999999999,0.0012233024001136053,0.07858854532241821,
42061.89999997616,1,0.5904784202575684,0.6617336869239807,536.0107086832979,504.02024441084535,0.8049999999999999,0.0012233024001136053,0.07858854532241821,
42115.60000002384,0,0.4005482792854309,0.6531618237495422,756.7338470892162,498.35487477632705,0.8049999999999999,0.0012233024001136053,0.07858854532241821,
42115.60000002384,1,0.5908413529396057,0.6621626615524292,535.7096848320969,504.258407607604,0.8049999999999999,0.0012233024001136053,0.07858854532241821,
42172,0,0.4003399908542633,0.6530364751815796,757.052486610511,498.28414498826476,0.8049999999999999,0.0012233024001136053,0.07858854532241821,
42172,1,0.6053667068481445,0.5924866199493408,518.8498988848767,453.2695952901094,0.8049999999999999,0.0012233024001136053,0.07858854532241821,
42226,0,0.40052223205566406,0.6516561508178711,756.9089938290701,497.32373622699447,0.8049999999999999,0.0012233024001136053,0.07858854532241821,
42226,1,0.6268156170845032,0.5805723071098328,490.74449896855685,445.0160348919246,0.8049999999999999,0.0012233024001136053,0.07858854532241821,
42285.299999952316,0,0.40039247274398804,0.6515721678733826,757.0552722026562,497.2559197216375,0.8049999999999999,0.0012233024001136053,0.07858854532241821,
42285.299999952316,1,0.6485669612884521,0.5596624612808228,459.940522964381,431.203459446988,0.8049999999999999,0.0012233024001136053,0.07858854532241821,
42342,0,0.4004669189453125,0.6511361598968506,756.8794080901044,496.911945944586,0.8049999999999999,0.0012233024001136053,0.07858854532241821,
42342,1,0.6423722505569458,0.5583944320678711,467.15794837197234,430.5351248355169,0.8049999999999999,0.0012233024001136053,0.07858854532241821,
42398.5,0,0.4006500244140625,0.6521596908569336,756.6077976374842,497.6349130663911,0.8049999999999999,0.0012233024001136053,0.07858854532241821,
42398.5,1,0.6395214200019836,0.5593048334121704,473.0012222735875,430.3708267139359,0.8049999999999999,0.0012233024001136053,0.07858854532241821,
42452.89999997616,0,0.40090274810791016,0.651910126209259,756.1967149834588,497.422127565335,0.8049999999999999,0.0012233024001136053,0.07858854532241821,
42452.89999997616,1,0.6212706565856934,0.5520788431167603,497.8844730632802,424.48016837488404,0.8049999999999999,0.0012233024001136053,0.07858854532241821,
42508.5,0,0.40098968148231506,0.6518185138702393,755.9955489791737,497.3218751251068,0.8049999999999999,0.0012233024001136053,0.07858854532241821,
42508.5,1,0.60080885887146,0.5644317269325256,527.2006668119109,431.6176565816098,0.8049999999999999,0.0012233024001136053,0.07858854532241821,
42562.5,0,0.4009634852409363,0.6509921550750732,755.7124233010098,496.60345538335173,0.8049999999999999,0.0012233024001136053,0.07858854532241821,
42562.5,1,0.5927985906600952,0.5820971131324768,537.4605749882837,444.33237948712275,0.8049999999999999,0.0012233024001136053,0.07858854532241821,
42618.60000002384,0,0.4010551869869232,0.6507107615470886,755.5447311841767,496.3808567366201,0.8049999999999999,0.0012233024001136053,0.07858854532241821,
42618.60000002384,1,0.5890851616859436,0.6667579412460327,537.8546981658919,507.61163486336255,0.8049999999999999,0.0012233024001136053,0.07858854532241821,
42672,0,0.40099093317985535,0.6513300538063049,755.7782488688161,496.8865480972904,0.8049999999999999,0.0012233024001136053,0.07858854532241821,
42672,1,0.5894529819488525,0.6627550721168518,537.321502498252,504.75639948062116,0.8049999999999999,0.0012233024001136053,0.07858854532241821,
42728.5,0,0.40110960602760315,0.6515756845474243,755.7232738887108,497.1012216613622,0.8049999999999999,0.0012233024001136053,0.07858854532241821,
42728.5,1,0.5894083380699158,0.6650396585464478,537.6379765625179,506.28866909645484,0.8049999999999999,0.0012233024001136053,0.07858854532241821,
42782.299999952316,0,0.4011695384979248,0.6520611047744751,755.702670969987,497.4724411472377,0.85,0.0015091056698320147,0.08466082811355591,
42782.299999952316,1,0.5903522372245789,0.663110613822937,536.4192639997119,504.9043833236063,0.85,0.0015091056698320147,0.08466082811355591,
42842.299999952316,0,0.4007764458656311,0.653128445148468,756.4206888421098,498.3228924572759,0.85,0.0015091056698320147,0.08466082811355591,
42842.299999952316,1,0.589802086353302,0.6631106734275818,537.1798139572753,504.87958964039535,0.85,0.0015091056698320147,0.08466082811355591,
42896.699999928474,0,0.40032902359962463,0.6530390977859497,757.1580047204836,498.3200893363137,0.85,0.0015091056698320147,0.08466082811355591,
42896.699999928474,1,0.5896448493003845,0.6643502712249756,537.3803678540913,505.7724136057092,0.85,0.0015091056698320147,0.08466082811355591,
42953,0,0.40043503046035767,0.6527885794639587,756.9146888621282,498.0996136477166,0.85,0.0015091056698320147,0.08466082811355591,
42953,1,0.5895862579345703,0.664409875869751,537.5535033669602,505.77175162793986,0.85,0.0015091056698320147,0.08466082811355591,
43006.199999928474,0,0.40061455965042114,0.6524337530136108,756.610813394104,497.81626354600326,0.85,0.0015091056698320147,0.08466082811355591,
43006.199999928474,1,0.5899072885513306,0.6633023023605347,537.2634809604392,504.9200361349984,0.85,0.0015091056698320147,0.08466082811355591,
43063.10000002384,0,0.40052735805511475,0.652113676071167,756.6471205747523,497.5572401520216,0.85,0.0015091056698320147,0.08466082811355591,
43063.10000002384,1,0.5899531841278076,0.6651232838630676,537.064962318531,506.2938195239675,0.85,0.0015091056698320147,0.08466082811355591,
43116.799999952316,0,0.40081292390823364,0.6522743105888367,756.1678327142663,497.6293030783931,0.85,0.0015091056698320147,0.08466082811355591,
43116.799999952316,1,0.590212881565094,0.6643370985984802,536.7050686141596,505.7399884831373,0.85,0.0015091056698320147,0.08466082811355591,
43173.5,0,0.4007109999656677,0.651694655418396,756.2305299809443,497.185731592351,0.85,0.0015091056698320147,0.08466082811355591,
43173.5,1,0.5899435877799988,0.6638112664222717,537.133965049296,505.32383617025306,0.85,0.0015091056698320147,0.08466082811355591,
43226.699999928474,0,0.4008479118347168,0.6507751941680908,755.8248973671349,496.4331623069354,0.85,0.0015091056698320147,0.08466082811355591,
43226.699999928474,1,0.5898898839950562,0.6636669039726257,537.1958282613472,505.2229742540234,0.85,0.0015091056698320147,0.08466082811355591,
43282.39999997616,0,0.40100598335266113,0.6515273451805115,755.6909868874342,497.0018344460656,0.85,0.0015091056698320147,0.08466082811355591,
43282.39999997616,1,0.5892825722694397,0.6632010340690613,538.1094969794665,504.8261358406173,0.85,0.0015091056698320147,0.08466082811355591,
43336.39999997616,0,0.4010773301124573,0.6515649557113647,755.6735038533727,497.05796833557247,0.85,0.0015091056698320147,0.08466082811355591,
43336.39999997616,1,0.5897130966186523,0.6617038249969482,537.5524994847331,503.75083232702667,0.85,0.0015091056698320147,0.08466082811355591,
43393.799999952316,0,0.40120646357536316,0.6514531970024109,755.4775216377176,496.9654532487785,0.85,0.0015091056698320147,0.08466082811355591,
43393.799999952316,1,0.5962954163551331,0.6014349460601807,531.6157581939457,459.08632532235407,0.85,0.0015091056698320147,0.08466082811355591,
43447.199999928474,0,0.40116214752197266,0.6517805457115173,755.6707048114661,497.254417473931,0.85,0.0015091056698320147,0.08466082811355591,
43447.199999928474,1,0.6368426084518433,0.5272079706192017,479.64675234513027,405.6819475212957,0.85,0.0015091056698320147,0.08466082811355591,
43502.299999952316,0,0.4006645977497101,0.6525557637214661,756.4588615532059,497.8707440162145,0.85,0.0015091056698320147,0.08466082811355591,
43502.299999952316,1,0.630385160446167,0.541857123374939,485.82473145018025,417.3080539180868,0.85,0.0015091056698320147,0.08466082811355591,
43557,0,0.40054890513420105,0.6523690819740295,756.8126169149514,497.8139103191688,0.85,0.0015091056698320147,0.08466082811355591,
43557,1,0.6348665952682495,0.5157293677330017,478.2855991710137,399.2691287973872,0.85,0.0015091056698320147,0.08466082811355591,
43612.799999952316,0,0.40041375160217285,0.6521916389465332,756.8548658098863,497.6370334360644,0.85,0.0015091056698320147,0.08466082811355591,
43612.799999952316,1,0.6294997930526733,0.5177883505821228,483.317551324414,401.4013682241011,0.85,0.0015091056698320147,0.08466082811355591,
43666.60000002384,0,0.4007527232170105,0.6519525051116943,756.2545055170667,497.401308444364,0.85,0.0015091056698320147,0.08466082811355591,
43666.60000002384,1,0.6245902180671692,0.5240784287452698,489,397,0.85,0.0015091056698320147,0.08466082811355591,
43723.799999952316,0,0.400813490152359,0.6521161794662476,756.2315573777416,497.54021059721174,0.85,0.0015091056698320147,0.08466082811355591,
43723.799999952316,1,0.6125505566596985,0.5470790863037109,510,418,0.85,0.0015091056698320147,0.08466082811355591,
43777.60000002384,0,0.4006665050983429,0.6525461673736572,756.369551992967,497.8305500528421,0.85,0.0015091056698320147,0.08466082811355591,
43777.60000002384,1,0.5939293503761292,0.6149039268493652,534.5957756277252,468.8116473348459,0.85,0.0015091056698320147,0.08466082811355591,
43832.799999952316,0,0.4009861350059509,0.6517916917800903,755.8526708608209,497.24560988824413,0.85,0.0015091056698320147,0.08466082811355591,
43832.799999952316,1,0.5933555364608765,0.6583176851272583,533.0707819230998,501.2302263950319,0.85,0.0015091056698320147,0.08466082811355591,
43887.699999928474,0,0.4011555314064026,0.651373028755188,755.7311605231638,496.98109925337894,0.85,0.0015091056698320147,0.08466082811355591,
43887.699999928474,1,0.5932226777076721,0.6687027215957642,532.4279735734243,509.06789728113694,0.85,0.0015091056698320147,0.08466082811355591,
43947.89999997616,0,0.4005909562110901,0.6527076363563538,756.7440745416897,498.05217541702797,0.20750000000000002,0.00007055673868006394,0.004016399383544922,
43947.89999997616,1,0.5943398475646973,0.6663181185722351,531.1302613117846,507.2942890173933,0.20750000000000002,0.00007055673868006394,0.004016399383544922,
44006,0,0.40045350790023804,0.6525976061820984,756.9388755644375,497.9799954853195,0.85,0.0012606847668305409,0.14462429285049438,
44006,1,0.5945067405700684,0.6674848794937134,530.9396770329475,508.12440464335384,0.85,0.0012606847668305409,0.14462429285049438,
44069.299999952316,0,0.40063899755477905,0.6523211598396301,756.5814449968336,497.7359187843751,0.85,0.0012606847668305409,0.14462429285049438,
44069.299999952316,1,0.5944029092788696,0.6677157878875732,531.1720389088281,508.247432186593,0.85,0.0012606847668305409,0.14462429285049438,
44124.299999952316,0,0.40104103088378906,0.651782214641571,755.9768946581654,497.31373815111806,0.85,0.0012606847668305409,0.14462429285049438,
44124.299999952316,1,0.5941762328147888,0.6673697233200073,531.4994215182759,507.98197169012997,0.85,0.0012606847668305409,0.14462429285049438,
44180.10000002384,0,0.40058964490890503,0.6526035666465759,756.9636041570787,498.05767757061284,0.85,0.0012606847668305409,0.14462429285049438,
44180.10000002384,1,0.5945835709571838,0.6674786806106567,530.9175083145799,508.08687285435263,0.85,0.0012606847668305409,0.14462429285049438,
44233.60000002384,0,0.4005308151245117,0.6527152061462402,757.0119349949116,498.1282038240844,0.85,0.0012606847668305409,0.14462429285049438,
44233.60000002384,1,0.5936322212219238,0.6679359674453735,532.2459302583209,508.36761725354535,0.85,0.0012606847668305409,0.14462429285049438,
44289.89999997616,0,0.4005081057548523,0.6525354385375977,756.9335445871077,497.9592193152308,0.85,0.0012606847668305409,0.14462429285049438,
44289.89999997616,1,0.5941341519355774,0.6682999730110168,531.5057701015198,508.6725324203962,0.85,0.0012606847668305409,0.14462429285049438,
44344.299999952316,0,0.40099072456359863,0.6522486805915833,756.1573846143216,497.69359730130026,0.85,0.0012606847668305409,0.14462429285049438,
44344.299999952316,1,0.5944856405258179,0.6676790714263916,530.7181119886094,508.3703976130471,0.85,0.0012606847668305409,0.14462429285049438,
44401.699999928474,0,0.40120697021484375,0.6516522169113159,755.703345556839,497.1967425281546,0.85,0.0012606847668305409,0.14462429285049438,
44401.699999928474,1,0.5943635702133179,0.6664193272590637,531.0382727072833,507.39366704228837,0.85,0.0012606847668305409,0.14462429285049438,
44456.5,0,0.40090376138687134,0.6521680355072021,756.3300367691779,497.6585602887216,0.85,0.0012606847668305409,0.14462429285049438,
44456.5,1,0.5938906073570251,0.6692562103271484,531.6740336415675,509.4231800740797,0.85,0.0012606847668305409,0.14462429285049438,
44513.39999997616,0,0.4007118046283722,0.652433454990387,756.6017828102086,497.85939235896507,0.85,0.0012606847668305409,0.14462429285049438,
44513.39999997616,1,0.5933157205581665,0.6559668779373169,533.3438023212602,499.4341141516777,0.85,0.0012606847668305409,0.14462429285049438,
44566.799999952316,0,0.40121152997016907,0.6518303155899048,755.7160672185555,497.3320908573498,0.85,0.0012606847668305409,0.14462429285049438,
44566.799999952316,1,0.5923011302947998,0.643345832824707,534.5441560636694,490.3930754822955,0.85,0.0012606847668305409,0.14462429285049438,
44621.89999997616,0,0.4009181261062622,0.6511784791946411,756.077688856778,496.85742560825753,0.85,0.0012606847668305409,0.14462429285049438,
44621.89999997616,1,0.5974867343902588,0.6000958681106567,529.5246869286298,458.43736821639794,0.85,0.0012606847668305409,0.14462429285049438,
44674.799999952316,0,0.4013242721557617,0.6503896117210388,755.2380068429026,496.164622998161,0.85,0.0012606847668305409,0.14462429285049438,
44674.799999952316,1,0.6000505089759827,0.5692999958992004,528.1915990735454,435.109769427601,0.85,0.0012606847668305409,0.14462429285049438,
44731,0,0.4007483720779419,0.6528804898262024,756.5721628976916,498.1876638768911,0.85,0.0012606847668305409,0.14462429285049438,
44731,1,0.6022677421569824,0.5583330392837524,525.1417166305494,427.34887851157396,0.85,0.0012606847668305409,0.14462429285049438,
44784.89999997616,0,0.4005467891693115,0.6525949239730835,756.835137348265,497.9838987899382,0.85,0.0012606847668305409,0.14462429285049438,
44784.89999997616,1,0.6075400710105896,0.5440164804458618,519.0667916327982,416.6018180815939,0.85,0.0012606847668305409,0.14462429285049438,
44840.799999952316,0,0.40124598145484924,0.6518787145614624,755.7981356073099,497.41495127213784,0.85,0.0012606847668305409,0.14462429285049438,
44840.799999952316,1,0.6034774780273438,0.5417466163635254,524,413,0.85,0.0012606847668305409,0.14462429285049438,
44895.699999928474,0,0.40042027831077576,0.6524636745452881,757.1232903237167,497.9360575413173,0.85,0.0012606847668305409,0.14462429285049438,
44895.699999928474,1,0.5968658924102783,0.5532068014144897,533.6019107837413,422.61081046104323,0.85,0.0012606847668305409,0.14462429285049438,
44950.89999997616,0,0.40106573700904846,0.651681661605835,756.0340410472949,497.2750352802101,0.85,0.0012606847668305409,0.14462429285049438,
44950.89999997616,1,0.5926885008811951,0.6199836730957031,535.4865779220933,472.8533839382446,0.85,0.0012606847668305409,0.14462429285049438,
45003.5,0,0.4011513590812683,0.6519584655761719,755.9388045310623,497.47975461306214,0.85,0.0012606847668305409,0.14462429285049438,
45003.5,1,0.5895293354988098,0.6608881950378418,538.1375903750461,503.00227300167285,0.85,0.0012606847668305409,0.14462429285049438,
45058,0,0.4005684554576874,0.6523124575614929,756.9928018311539,497.8488360004613,0.85,0.0012606847668305409,0.14462429285049438,
45058,1,0.5888844728469849,0.661087155342102,538.4750349176503,503.3690087641809,0.85,0.0012606847668305409,0.14462429285049438,
45115.199999928474,0,0.40067529678344727,0.6526545882225037,756.8027229710079,498.07566462722,0.85,0.0012606847668305409,0.14462429285049438,
45115.199999928474,1,0.589926540851593,0.6606089472770691,537.4639662985685,502.87805737962685,0.85,0.0012606847668305409,0.14462429285049438,
45176.299999952316,0,0.4008048176765442,0.6528267860412598,756.5066573459596,498.15150808935005,0.85,0.0012097259352088613,0.041103482246398926,
45176.299999952316,1,0.589738130569458,0.6629935503005981,537.0969246948642,504.8674803033891,0.85,0.0012097259352088613,0.041103482246398926,
45236,0,0.40062904357910156,0.6523526906967163,756.7967997009657,497.83431907103534,0.85,0.0012097259352088613,0.041103482246398926,
45236,1,0.5909531712532043,0.6618213057518005,535.3685897432512,504.0980716620126,0.85,0.0012097259352088613,0.041103482246398926,
45292.799999952316,0,0.40070655941963196,0.6523908376693726,756.6745988697694,497.8532827830443,0.85,0.0012097259352088613,0.041103482246398926,
45292.799999952316,1,0.5897008776664734,0.6603928804397583,537.7233223395239,502.73607960560594,0.85,0.0012097259352088613,0.041103482246398926,
45347.10000002384,0,0.40050187706947327,0.6525712013244629,756.9542015172051,497.98966140976967,0.85,0.0012097259352088613,0.041103482246398926,
45347.10000002384,1,0.5909326076507568,0.6608059406280518,535.4001228093557,503.36478109208787,0.85,0.0012097259352088613,0.041103482246398926,
45402.39999997616,0,0.4004620909690857,0.6525349617004395,757.0380237647616,497.9757094352843,0.85,0.0012097259352088613,0.041103482246398926,
45402.39999997616,1,0.5903306007385254,0.6614444255828857,536.6769831281613,503.60248372839243,0.85,0.0012097259352088613,0.041103482246398926,
45457.299999952316,0,0.40109291672706604,0.6519337296485901,755.995737771869,497.45519682589224,0.85,0.0012097259352088613,0.041103482246398926,
45457.299999952316,1,0.590364933013916,0.6614147424697876,536.5038264076263,503.6388298093201,0.85,0.0012097259352088613,0.041103482246398926,
45513.60000002384,0,0.40069594979286194,0.6519721746444702,756.6862738804748,497.55113953953065,0.85,0.0012097259352088613,0.041103482246398926,
45513.60000002384,1,0.5907074809074402,0.6617199182510376,536.0036059610195,503.8858860738391,0.85,0.0012097259352088613,0.041103482246398926,
45568.10000002384,0,0.40073031187057495,0.6518446207046509,756.6001363390726,497.4436462109305,0.85,0.0012097259352088613,0.041103482246398926,
45568.10000002384,1,0.5892595648765564,0.6619011163711548,538.3651952663023,503.7864497276206,0.85,0.0012097259352088613,0.041103482246398926,
45625.89999997616,0,0.4007127583026886,0.6526036858558655,756.5328989158564,497.956619926279,0.85,0.0012097259352088613,0.041103482246398926,
45625.89999997616,1,0.5906884074211121,0.6614130735397339,536.1749977401375,503.59964369601704,0.85,0.0012097259352088613,0.041103482246398926,
45679.5,0,0.4007178544998169,0.6520748734474182,756.5200683373165,497.5735034933263,0.85,0.0012097259352088613,0.041103482246398926,
45679.5,1,0.5904719233512878,0.6606673002243042,536.5649237330333,503.0119068120937,0.85,0.0012097259352088613,0.041103482246398926,
45733.699999928474,0,0.4007401168346405,0.6524876952171326,756.4486231378132,497.8545438554221,0.85,0.0012097259352088613,0.041103482246398926,
45733.699999928474,1,0.5910729169845581,0.6469024419784546,536.5982915096189,492.72357591841387,0.85,0.0012097259352088613,0.041103482246398926,
45786.199999928474,0,0.4007243812084198,0.6517391204833984,756.4803442854483,497.31994276053086,0.85,0.0012097259352088613,0.041103482246398926,
45786.199999928474,1,0.6182709336280823,0.5551077723503113,502.6280370667796,426.2027630268203,0.85,0.0012097259352088613,0.041103482246398926,
45842.10000002384,0,0.40077969431877136,0.6521508693695068,756.3608149775582,497.59796403219576,0.85,0.0012097259352088613,0.041103482246398926,
45842.10000002384,1,0.6495746374130249,0.5352357029914856,452.16291241974375,415.15068719612754,0.85,0.0012097259352088613,0.041103482246398926,
45896.10000002384,0,0.4010443687438965,0.650922417640686,755.8028023705668,496.62932601079046,0.85,0.0012097259352088613,0.041103482246398926,
45896.10000002384,1,0.6474024057388306,0.5294262766838074,457.25770801932094,410.5944358378813,0.85,0.0012097259352088613,0.041103482246398926,
45951.60000002384,0,0.40095794200897217,0.6511408686637878,755.9446232179447,496.79870530728783,0.85,0.0012097259352088613,0.041103482246398926,
45951.60000002384,1,0.6423583626747131,0.5190502405166626,465.3204687692215,402.75340566036994,0.85,0.0012097259352088613,0.041103482246398926,
46005,0,0.4004475772380829,0.6522117257118225,756.962064322661,497.7079721093574,0.85,0.0012097259352088613,0.041103482246398926,
46005,1,0.6327798366546631,0.5291140079498291,478.0877712356995,409.8629938933746,0.85,0.0012097259352088613,0.041103482246398926,
46061.699999928474,0,0.4007723927497864,0.6514368057250977,756.3626068511226,497.0809712057428,0.85,0.0012097259352088613,0.041103482246398926,
46061.699999928474,1,0.6258202791213989,0.5364478230476379,490.73920523636775,413.8289446476806,0.85,0.0012097259352088613,0.041103482246398926,
46115.299999952316,0,0.40104958415031433,0.6524385213851929,755.9811649093296,497.7920784423761,0.85,0.0012097259352088613,0.041103482246398926,
46115.299999952316,1,0.5986449122428894,0.6219436526298523,527.1258135016308,474.6447842943321,0.85,0.0012097259352088613,0.041103482246398926,
46171.5,0,0.4009304940700531,0.6520946621894836,756.1298011101627,497.54305294689453,0.85,0.0012097259352088613,0.041103482246398926,
46171.5,1,0.5949692726135254,0.6641250252723694,530.3940396595887,505.685194775076,0.85,0.0012097259352088613,0.041103482246398926,
46225.799999952316,0,0.4011330008506775,0.6519520282745361,755.6617362584934,497.3599047756045,0.85,0.0012097259352088613,0.041103482246398926,
46225.799999952316,1,0.5951269865036011,0.6624791026115417,529.529980677027,504.7784587910531,0.85,0.0012097259352088613,0.041103482246398926,
46282.60000002384,0,0.40104737877845764,0.6515111923217773,755.6890014461474,497.01029583394234,0.85,0.0012097259352088613,0.041103482246398926,
46282.60000002384,1,0.5948299169540405,0.6653727889060974,529.8737717740361,506.87669796373075,0.85,0.0012097259352088613,0.041103482246398926,
46339.10000002384,0,0.40117424726486206,0.651131808757782,755.4888494468822,496.72227453897625,0.85,0.0015950714467198672,0.12767720222473145,
46339.10000002384,1,0.5949148535728455,0.6639126539230347,530.4248519219527,505.5491316972371,0.85,0.0015950714467198672,0.12767720222473145,
46400,0,0.4011228084564209,0.652566134929657,755.624662930339,497.78248862245044,0.85,0.0015950714467198672,0.12767720222473145,
46400,1,0.5946347117424011,0.6655253171920776,530.6036927116563,506.78734642857256,0.85,0.0015950714467198672,0.12767720222473145,
46455,0,0.4010610282421112,0.6511013507843018,755.6379905405122,496.7020093096525,0.85,0.0015950714467198672,0.12767720222473145,
46455,1,0.5952946543693542,0.6635757684707642,529.6086006058637,505.4471066137911,0.85,0.0015950714467198672,0.12767720222473145,
46510.5,0,0.4012191891670227,0.6510607004165649,755.4070703763944,496.66149753827517,0.85,0.0015950714467198672,0.12767720222473145,
46510.5,1,0.5939393639564514,0.6662235856056213,531.7486335518295,507.1803535082014,0.85,0.0015950714467198672,0.12767720222473145,
46564.89999997616,0,0.40107858180999756,0.6509760022163391,755.6195287514539,496.6133377890452,0.85,0.0015950714467198672,0.12767720222473145,
46564.89999997616,1,0.5954625010490417,0.6622560620307922,529.3466044984394,504.51661222789045,0.85,0.0015950714467198672,0.12767720222473145,
46621.799999952316,0,0.4011238217353821,0.6510075330734253,755.4066642945467,496.5744715150754,0.85,0.0015950714467198672,0.12767720222473145,
46621.799999952316,1,0.593921959400177,0.6655131578445435,531.8377333492167,506.63961127459135,0.85,0.0015950714467198672,0.12767720222473145,
46676.10000002384,0,0.40073657035827637,0.650239109992981,755.8245797802247,495.9899317327847,0.85,0.0015950714467198672,0.12767720222473145,
46676.10000002384,1,0.5957301259040833,0.6628915071487427,528.751788912813,505.0778974887332,0.85,0.0015950714467198672,0.12767720222473145,
46733.199999928474,0,0.40108102560043335,0.6507151126861572,755.5443073263617,496.39697684044353,0.85,0.0015950714467198672,0.12767720222473145,
46733.199999928474,1,0.5944066643714905,0.6658008694648743,531.0758876732575,506.90840729399474,0.85,0.0015950714467198672,0.12767720222473145,
46787.60000002384,0,0.4008212685585022,0.6505608558654785,755.8805048951396,496.28738431123656,0.85,0.0015950714467198672,0.12767720222473145,
46787.60000002384,1,0.5953999757766724,0.6633858680725098,529.5504155139038,505.278172108192,0.85,0.0015950714467198672,0.12767720222473145,
46844.5,0,0.40099093317985535,0.6513246893882751,755.8150106658732,496.89707531614533,0.85,0.0015950714467198672,0.12767720222473145,
46844.5,1,0.5966920852661133,0.6451824903488159,528.9247802175049,491.7149803579949,0.85,0.0015950714467198672,0.12767720222473145,
46898.10000002384,0,0.40102529525756836,0.6505932807922363,755.5519036154161,496.28386288124955,0.85,0.0015950714467198672,0.12767720222473145,
46898.10000002384,1,0.6035826802253723,0.6097635626792908,520.8218419579598,465.8669466913548,0.85,0.0015950714467198672,0.12767720222473145,
46953.39999997616,0,0.40112772583961487,0.6509687304496765,755.3958089780689,496.5441864831732,0.85,0.0015950714467198672,0.12767720222473145,
46953.39999997616,1,0.6229501962661743,0.5609124898910522,496.73429504618923,430.3313668227501,0.85,0.0015950714467198672,0.12767720222473145,
47006.39999997616,0,0.4008600413799286,0.6511595249176025,755.840638473736,496.72229935126927,0.85,0.0015950714467198672,0.12767720222473145,
47006.39999997616,1,0.6385047435760498,0.5374338030815125,472.64286882450097,415.26163242615803,0.85,0.0015950714467198672,0.12767720222473145,
47063.89999997616,0,0.4008670747280121,0.6506199836730957,755.7574101216776,496.30428171565165,0.85,0.0015950714467198672,0.12767720222473145,
47063.89999997616,1,0.6373804807662964,0.5313092470169067,473.1077560901241,411.1750183539279,0.85,0.0015950714467198672,0.12767720222473145,
47118.39999997616,0,0.4007890522480011,0.6510200500488281,756.1382754988931,496.70298606098214,0.85,0.0015950714467198672,0.12767720222473145,
47118.39999997616,1,0.6283839344978333,0.5275003910064697,484,401,0.85,0.0015950714467198672,0.12767720222473145,
47175.10000002384,0,0.40104925632476807,0.6511656045913696,755.7247830212303,496.77644496444947,0.85,0.0015950714467198672,0.12767720222473145,
47175.10000002384,1,0.5917985439300537,0.5813757181167603,539.2167842344039,443.4999068095607,0.85,0.0015950714467198672,0.12767720222473145,
47229.199999928474,0,0.40036192536354065,0.6525303721427917,757.012115881739,497.91514794285956,0.85,0.0015950714467198672,0.12767720222473145,
47229.199999928474,1,0.594068706035614,0.6399720907211304,532.1449300248992,488.0273888838365,0.85,0.0015950714467198672,0.12767720222473145,
47284.39999997616,0,0.4010876417160034,0.6513524055480957,755.7789990006822,496.951163363668,0.85,0.0015950714467198672,0.12767720222473145,
47284.39999997616,1,0.5932561755180359,0.6647274494171143,533.3466568393992,505.7761746952661,0.85,0.0015950714467198672,0.12767720222473145,
47337.89999997616,0,0.4008975923061371,0.6527390480041504,756.0796165041872,497.97167767286425,0.85,0.0015950714467198672,0.12767720222473145,
47337.89999997616,1,0.594264566898346,0.6646245121955872,530.9517035687913,506.19189365510664,0.85,0.0015950714467198672,0.12767720222473145,
47393.699999928474,0,0.4011051654815674,0.6506274342536926,755.7906178282796,496.442339169126,0.85,0.0015950714467198672,0.12767720222473145,
47393.699999928474,1,0.5941363573074341,0.6645070314407349,531.4631605448566,505.95894024429805,0.85,0.0015950714467198672,0.12767720222473145,
47447.299999952316,0,0.40061408281326294,0.6521454453468323,756.7145286826928,497.6474188840416,0.8359977853298187,0.0010831122496795518,0.024755358695983887,
47447.299999952316,1,0.5941709876060486,0.6644586324691772,531.3483560496319,505.9546158298856,0.8359977853298187,0.0010831122496795518,0.024755358695983887,
47512.799999952316,0,0.4013815224170685,0.651222288608551,755.4691956806895,496.8830752935891,0.8359977853298187,0.0010831122496795518,0.024755358695983887,
47512.799999952316,1,0.5940489768981934,0.6656083464622498,531.5866540378197,506.7468224591666,0.8359977853298187,0.0010831122496795518,0.024755358695983887,
47567.799999952316,0,0.40057462453842163,0.651894211769104,756.866676057698,497.5042955277094,0.8359977853298187,0.0010831122496795518,0.024755358695983887,
47567.799999952316,1,0.5946279764175415,0.6646125316619873,530.5508394062067,506.15619179511083,0.8359977853298187,0.0010831122496795518,0.024755358695983887,
47624.5,0,0.40121564269065857,0.6510223746299744,755.8427483668224,496.80057024719076,0.8359977853298187,0.0010831122496795518,0.024755358695983887,
47624.5,1,0.5943012833595276,0.6648634672164917,531.2612079053962,506.2115943706658,0.8359977853298187,0.0010831122496795518,0.024755358695983887,
47678.199999928474,0,0.4006757140159607,0.6518356204032898,756.7202261115694,497.4558019516081,0.8359977853298187,0.0010831122496795518,0.024755358695983887,
47678.199999928474,1,0.5940432548522949,0.6644302606582642,531.645198350282,505.8762575751498,0.8359977853298187,0.0010831122496795518,0.024755358695983887,
47733.799999952316,0,0.401274174451828,0.6504786610603333,755.633648930369,496.3580438243929,0.8359977853298187,0.0010831122496795518,0.024755358695983887,
47733.799999952316,1,0.5946332216262817,0.6638698577880859,530.6098996725823,505.5935875769864,0.8359977853298187,0.0010831122496795518,0.024755358695983887,
47786.89999997616,0,0.4009494185447693,0.6513177752494812,756.3126212276431,497.06168915758764,0.8359977853298187,0.0010831122496795518,0.024755358695983887,
47786.89999997616,1,0.5946217179298401,0.6654695272445679,530.7724956876903,506.68199634638984,0.8359977853298187,0.0010831122496795518,0.024755358695983887,
47842.39999997616,0,0.40123048424720764,0.6514039039611816,755.8091381514698,497.06974701103655,0.8359977853298187,0.0010831122496795518,0.024755358695983887,
47842.39999997616,1,0.5945584774017334,0.6637182235717773,530.7458124579135,505.46726353641986,0.8359977853298187,0.0010831122496795518,0.024755358695983887,
47896.299999952316,0,0.40107041597366333,0.6513816118240356,756.034407018039,497.0613993579735,0.8359977853298187,0.0010831122496795518,0.024755358695983887,
47896.299999952316,1,0.5947100520133972,0.654450535774231,531.6245074645615,498.3114102297837,0.8359977853298187,0.0010831122496795518,0.024755358695983887,
47952.60000002384,0,0.40139657258987427,0.6512468457221985,755.4070149594156,496.8842244710248,0.8359977853298187,0.0010831122496795518,0.024755358695983887,
47952.60000002384,1,0.6103746294975281,0.5884422063827515,512.2784004248707,450.43997744324463,0.8359977853298187,0.0010831122496795518,0.024755358695983887,
48006.5,0,0.40136536955833435,0.6513435244560242,755.5744607780806,497.00272905713217,0.8359977853298187,0.0010831122496795518,0.024755358695983887,
48006.5,1,0.6292285323143005,0.5469375252723694,486.90688641303973,421.1488514204419,0.8359977853298187,0.0010831122496795518,0.024755358695983887,
48063.299999952316,0,0.40095457434654236,0.6517320871353149,756.1968224664151,497.3190748252925,0.8359977853298187,0.0010831122496795518,0.024755358695983887,
48063.299999952316,1,0.6237216591835022,0.5421353578567505,494.99411523262097,417.1994780124465,0.8359977853298187,0.0010831122496795518,0.024755358695983887,
48116.89999997616,0,0.4010196328163147,0.6513705253601074,756.0742996192886,497.0439250296115,0.8359977853298187,0.0010831122496795518,0.024755358695983887,
48116.89999997616,1,0.592947781085968,0.5830893516540527,537.726792638842,444.74644363271466,0.8359977853298187,0.0010831122496795518,0.024755358695983887,
48171.799999952316,0,0.4014321565628052,0.6509991884231567,755.4623218424097,496.744641793748,0.8359977853298187,0.0010831122496795518,0.024755358695983887,
48171.799999952316,1,0.5939143300056458,0.6681376099586487,531.8483815014526,508.52882940014814,0.8359977853298187,0.0010831122496795518,0.024755358695983887,
48226,0,0.40089336037635803,0.6518007516860962,756.4621067388844,497.438264959685,0.8359977853298187,0.0010831122496795518,0.024755358695983887,
48226,1,0.5948421359062195,0.6634693741798401,530.2380432885393,505.34942375484997,0.8359977853298187,0.0010831122496795518,0.024755358695983887,
48280.799999952316,0,0.4009619951248169,0.6520655155181885,756.2965384357808,497.6000678244887,0.8359977853298187,0.0010831122496795518,0.024755358695983887,
48280.799999952316,1,0.5940834283828735,0.6662479043006897,531.4154692393973,507.2622523720954,0.8359977853298187,0.0010831122496795518,0.024755358695983887,
48334,0,0.40134650468826294,0.6513167023658752,755.6438044305241,497.00058954075365,0.8359977853298187,0.0010831122496795518,0.024755358695983887,
48334,1,0.5940338969230652,0.6661350727081299,531.2399287817809,507.2824477808258,0.8359977853298187,0.0010831122496795518,0.024755358695983887,
48389.89999997616,0,0.40082892775535583,0.652369499206543,756.5423709964382,497.84694697865586,0.8359977853298187,0.0010831122496795518,0.024755358695983887,
48389.89999997616,1,0.5943087339401245,0.6651217937469482,531.1185363314781,506.4551210290514,0.8359977853298187,0.0010831122496795518,0.024755358695983887,
48444,0,0.40076497197151184,0.6519104242324829,756.7057319539624,497.5463881291209,0.8359977853298187,0.0010831122496795518,0.024755358695983887,
48444,1,0.5938658714294434,0.6667318344116211,531.739512616126,507.59105888873455,0.8359977853298187,0.0010831122496795518,0.024755358695983887,
48498.89999997616,0,0.4008617103099823,0.6514042615890503,756.54598277753,497.168770999186,0.8359977853298187,0.0010831122496795518,0.024755358695983887,
48498.89999997616,1,0.5937252044677734,0.6652141213417053,532.1858075956285,506.38186502918,0.8359977853298187,0.0010831122496795518,0.024755358695983887,
48552.89999997616,0,0.4008542001247406,0.6514782905578613,756.5699232642509,497.2273346208138,0.8359977853298187,0.0010831122496795518,0.024755358695983887,
48552.89999997616,1,0.5942156910896301,0.6662633419036865,531.3524781491888,507.22745216838314,0.8359977853298187,0.0010831122496795518,0.024755358695983887,
48612.60000002384,0,0.4009469747543335,0.6523412466049194,756.41061638622,497.8337447240393,0.8359977853298187,0.0010831122496795518,0.024755358695983887,
48612.60000002384,1,0.5938891768455505,0.6652089953422546,531.9597740888686,506.38532468903134,0.8359977853298187,0.0010831122496795518,0.024755358695983887,
48667.199999928474,0,0.400833398103714,0.6520912647247314,756.5853987205921,497.6645806973396,0.8359977853298187,0.0010831122496795518,0.024755358695983887,
48667.199999928474,1,0.5939087867736816,0.6656426787376404,531.9105446914094,506.70823923752084,0.8359977853298187,0.0010831122496795518,0.024755358695983887,
48723.5,0,0.40086331963539124,0.6520392894744873,756.5195803787565,497.6170306180049,0.8359977853298187,0.0010831122496795518,0.024755358695983887,
48723.5,1,0.5939942002296448,0.664926290512085,531.7082560016794,506.2332819809691,0.8359977853298187,0.0010831122496795518,0.024755358695983887,
48777.5,0,0.4007885456085205,0.6522097587585449,756.5614176928568,497.7198526429431,0.8359977853298187,0.0010831122496795518,0.024755358695983887,
48777.5,1,0.5946835875511169,0.6663506031036377,530.4512945273299,507.41956805712067,0.8359977853298187,0.0010831122496795518,0.024755358695983887,
48832.39999997616,0,0.40148523449897766,0.6517719030380249,755.3393639234712,497.27991964478457,0.8359977853298187,0.0010831122496795518,0.024755358695983887,
48832.39999997616,1,0.5940361618995667,0.6643801927566528,531.6992925010828,505.8204784114368,0.8359977853298187,0.0010831122496795518,0.024755358695983887,
48886.299999952316,0,0.40078476071357727,0.652407705783844,756.596657040254,497.87362517832287,0.8359977853298187,0.0010831122496795518,0.024755358695983887,
48886.299999952316,1,0.5942236185073853,0.6661764979362488,531.2290552019398,507.2138335679393,0.8359977853298187,0.0010831122496795518,0.024755358695983887,
48943,0,0.40088319778442383,0.6529991626739502,756.4831301389847,498.304080088621,0.8359977853298187,0.0010831122496795518,0.024755358695983887,
48943,1,0.5942798852920532,0.6644243597984314,531.2815128218158,505.89851776182707,0.8359977853298187,0.0010831122496795518,0.024755358695983887,
48998.10000002384,0,0.40094226598739624,0.6524038910865784,756.396977029088,497.8715905261899,0.8359977853298187,0.0010831122496795518,0.024755358695983887,
48998.10000002384,1,0.5939959287643433,0.6654436588287354,531.7868983471416,506.570284393589,0.8359977853298187,0.0010831122496795518,0.024755358695983887,
49053.5,0,0.40064537525177,0.6531062126159668,756.8083961843818,498.38884283648053,0.8359977853298187,0.0010831122496795518,0.024755358695983887,
49053.5,1,0.5956929922103882,0.6486072540283203,530.5304372604751,494.02582895693223,0.8359977853298187,0.0010831122496795518,0.024755358695983887,
49107.199999928474,0,0.4010331630706787,0.6528391242027283,756.0616469160133,498.103081998567,0.8359977853298187,0.0010831122496795518,0.024755358695983887,
49107.199999928474,1,0.6195012927055359,0.5707783102989197,500.0464748403847,437.9934847323285,0.8359977853298187,0.0010831122496795518,0.024755358695983887,
49163.60000002384,0,0.40082627534866333,0.6528427600860596,756.3764464515639,498.1245598100694,0.8359977853298187,0.0010831122496795518,0.024755358695983887,
49163.60000002384,1,0.6274597644805908,0.5564590692520142,488.9185101009174,428.11664175550834,0.8359977853298187,0.0010831122496795518,0.024755358695983887,
49217.299999952316,0,0.4006885290145874,0.6530484557151794,756.5315558319295,498.2646715352439,0.8359977853298187,0.0010831122496795518,0.024755358695983887,
49217.299999952316,1,0.6019421815872192,0.5635139346122742,525.9026089346615,430.85798041474226,0.8359977853298187,0.0010831122496795518,0.024755358695983887,
49274.199999928474,0,0.40088769793510437,0.6523924469947815,756.1671460770043,497.7508107349898,0.8359977853298187,0.0010831122496795518,0.024755358695983887,
49274.199999928474,1,0.5944505929946899,0.6532695293426514,531.6296411344381,497.61372544672804,0.8359977853298187,0.0010831122496795518,0.024755358695983887,
49328.299999952316,0,0.4009808897972107,0.6523555517196655,756.0022587117869,497.7068003098185,0.8359977853298187,0.0010831122496795518,0.024755358695983887,
49328.299999952316,1,0.593428909778595,0.6638820171356201,532.6250350102343,505.39609681476253,0.8359977853298187,0.0010831122496795518,0.024755358695983887,
49383.699999928474,0,0.40105366706848145,0.6524213552474976,755.9369469465769,497.76484088639336,0.8359977853298187,0.0010831122496795518,0.024755358695983887,
49383.699999928474,1,0.5939728617668152,0.6648386120796204,531.1688338870723,506.4111096740768,0.8359977853298187,0.0010831122496795518,0.024755358695983887,
49437.699999928474,0,0.40110382437705994,0.6526219248771667,755.9469404845429,497.937507895854,0.6768904876708984,0.001577426973075325,0.01061248779296875,
49437.699999928474,1,0.5940581560134888,0.6660230159759521,531.3442423400177,507.14460192913145,0.6768904876708984,0.001577426973075325,0.01061248779296875,
49499.299999952316,0,0.4009329378604889,0.6531246304512024,756.2538203444603,498.3327339591757,0.6768904876708984,0.001577426973075325,0.01061248779296875,
49499.299999952316,1,0.5940095782279968,0.664737343788147,531.6986141742412,506.09284639926705,0.6768904876708984,0.001577426973075325,0.01061248779296875,
49553.199999928474,0,0.4006898105144501,0.652877926826477,756.6223727302641,498.1765892628428,0.6768904876708984,0.001577426973075325,0.01061248779296875,
49553.199999928474,1,0.5934079885482788,0.6665226817131042,532.3385422306792,507.4348807441675,0.6768904876708984,0.001577426973075325,0.01061248779296875,
49608.699999928474,0,0.40065109729766846,0.6524534225463867,756.7250072675456,497.89071064179853,0.6768904876708984,0.001577426973075325,0.01061248779296875,
49608.699999928474,1,0.5940746665000916,0.6654713153839111,531.3860617503699,506.72052570213293,0.6768904876708984,0.001577426973075325,0.01061248779296875,
49663.299999952316,0,0.40073883533477783,0.6525060534477234,756.490891061552,497.88307972404493,0.6768904876708984,0.001577426973075325,0.01061248779296875,
49663.299999952316,1,0.5939521789550781,0.667080283164978,531.2373265482961,508.00771773399515,0.6768904876708984,0.001577426973075325,0.01061248779296875,
49719.199999928474,0,0.40139657258987427,0.6521396040916443,755.4079700334132,497.5273792250743,0.6768904876708984,0.001577426973075325,0.01061248779296875,
49719.199999928474,1,0.593629002571106,0.6635259389877319,532.3778013789799,505.1357582609114,0.6768904876708984,0.001577426973075325,0.01061248779296875,
49773.89999997616,0,0.4009459316730499,0.6524405479431152,756.1226232092785,497.79688033137586,0.6768904876708984,0.001577426973075325,0.01061248779296875,
49773.89999997616,1,0.5940682291984558,0.6640901565551758,531.2221683910844,505.7991111115685,0.6768904876708984,0.001577426973075325,0.01061248779296875,
49830.299999952316,0,0.40102654695510864,0.6529105305671692,755.9357068803347,498.1032732740446,0.6768904876708984,0.001577426973075325,0.01061248779296875,
49830.299999952316,1,0.5931802988052368,0.6656758785247803,532.9066726182778,506.7039553020333,0.6768904876708984,0.001577426973075325,0.01061248779296875,
49885.699999928474,0,0.4010418653488159,0.6530541181564331,755.8554848993252,498.18331512011787,0.6768904876708984,0.001577426973075325,0.01061248779296875,
49885.699999928474,1,0.5931071639060974,0.6642130017280579,533.3272433209689,505.5031183480892,0.6768904876708984,0.001577426973075325,0.01061248779296875,
49939.60000002384,0,0.40086349844932556,0.6530532240867615,756.1717211206177,498.2164806764679,0.6768904876708984,0.001577426973075325,0.01061248779296875,
49939.60000002384,1,0.5953991413116455,0.6478633880615234,531.2113268116764,493.3413389814922,0.6768904876708984,0.001577426973075325,0.01061248779296875,
49996.699999928474,0,0.4011033773422241,0.6521786451339722,755.7720125215054,497.5511440729095,0.6768904876708984,0.001577426973075325,0.01061248779296875,
49996.699999928474,1,0.6045799255371094,0.60737544298172,519.503130130709,464.16856073814347,0.6768904876708984,0.001577426973075325,0.01061248779296875,
50050.799999952316,0,0.4008794128894806,0.6524971723556519,756.2553875599116,497.85571890303834,0.6768904876708984,0.001577426973075325,0.01061248779296875,
50050.799999952316,1,0.6245473623275757,0.5591102838516235,492.9602189101573,429.88548594918325,0.6768904876708984,0.001577426973075325,0.01061248779296875,
50107,0,0.4006730020046234,0.6522612571716309,756.6412768109072,497.73161205361055,0.6768904876708984,0.001577426973075325,0.01061248779296875,
50107,1,0.6178730130195618,0.557367742061615,503.5419076317745,427.6122244321019,0.6768904876708984,0.001577426973075325,0.01061248779296875,
50159.699999928474,0,0.40097132325172424,0.6528049111366272,756.1355798198973,498.0764723018484,0.6768904876708984,0.001577426973075325,0.01061248779296875,
50159.699999928474,1,0.6000686287879944,0.5689166188240051,528.4507733477601,434.64943035287416,0.6768904876708984,0.001577426973075325,0.01061248779296875,
50216,0,0.40054139494895935,0.6520392894744873,756.845059957409,497.5849651077926,0.6768904876708984,0.001577426973075325,0.01061248779296875,
50216,1,0.5961514711380005,0.6513221859931946,529.2356935946591,496.31023268033914,0.6768904876708984,0.001577426973075325,0.01061248779296875,
50270.39999997616,0,0.401067852973938,0.6519370079040527,755.9752869751972,497.437648280769,0.6768904876708984,0.001577426973075325,0.01061248779296875,
50270.39999997616,1,0.5944698452949524,0.6649999618530273,531.2133140240968,506.2362380883626,0.6768904876708984,0.001577426973075325,0.01061248779296875,
50328.10000002384,0,0.4009234607219696,0.6527347564697266,756.2246289619104,498.03646344063867,0.6768904876708984,0.001577426973075325,0.01061248779296875,
50328.10000002384,1,0.5946732759475708,0.6672080755233765,530.4975625168406,508.022994608907,0.6768904876708984,0.001577426973075325,0.01061248779296875,
50381.699999928474,0,0.40142369270324707,0.6521739363670349,755.3166428316828,497.53017681429384,0.7113749784231186,0.0014636868039875385,0.013677775859832764,
50381.699999928474,1,0.5951489210128784,0.6667135953903198,530.0122997570361,507.6144179569982,0.7113749784231186,0.0014636868039875385,0.013677775859832764,
50442.39999997616,0,0.40068140625953674,0.6525135040283203,756.671170829223,497.92838052553594,0.7113749784231186,0.0014636868039875385,0.013677775859832764,
50442.39999997616,1,0.5948402881622314,0.667313277721405,530.461684280179,508.02287383907776,0.7113749784231186,0.0014636868039875385,0.013677775859832764,
50496.39999997616,0,0.40082085132598877,0.6519515514373779,756.4995028877762,497.5263105549298,0.7113749784231186,0.0014636868039875385,0.013677775859832764,
50496.39999997616,1,0.5953737497329712,0.6666175127029419,529.7082098509193,507.5522120916346,0.7113749784231186,0.0014636868039875385,0.013677775859832764,
50552.89999997616,0,0.4007377028465271,0.6519994735717773,756.5414805852529,497.5367799288391,0.7113749784231186,0.0014636868039875385,0.013677775859832764,
50552.89999997616,1,0.5951545238494873,0.6677932143211365,530.1674695733942,508.32170410354524,0.7113749784231186,0.0014636868039875385,0.013677775859832764,
50610.199999928474,0,0.40065091848373413,0.6524049639701843,756.7854109855656,497.8780881721372,0.7113749784231186,0.0014636868039875385,0.013677775859832764,
50610.199999928474,1,0.5948776602745056,0.6677049994468689,530.4055549724828,508.30848028403534,0.7113749784231186,0.0014636868039875385,0.013677775859832764,
50666.89999997616,0,0.4011128842830658,0.6520897150039673,755.845481800188,497.52006437282836,0.7113749784231186,0.0014636868039875385,0.013677775859832764,
50666.89999997616,1,0.5945443511009216,0.6668791770935059,531.1509030518037,507.574673154805,0.7113749784231186,0.0014636868039875385,0.013677775859832764,
50720.60000002384,0,0.4011954665184021,0.6514587998390198,755.7228877628405,497.0593311529512,0.7113749784231186,0.0014636868039875385,0.013677775859832764,
50720.60000002384,1,0.594447910785675,0.6667581796646118,531.2176947932847,507.5126228627435,0.7113749784231186,0.0014636868039875385,0.013677775859832764,
50776.299999952316,0,0.4009186625480652,0.6523842811584473,756.3844875232498,497.8416578486313,0.7113749784231186,0.0014636868039875385,0.013677775859832764,
50776.299999952316,1,0.5951224565505981,0.666387677192688,530.1375058495557,507.34049303804665,0.7113749784231186,0.0014636868039875385,0.013677775859832764,
50829.799999952316,0,0.4009559154510498,0.6527354717254639,756.334356812713,498.0936066432079,0.7113749784231186,0.0014636868039875385,0.013677775859832764,
50829.799999952316,1,0.5950451493263245,0.6660900115966797,530.3610642137756,507.0720256704008,0.7113749784231186,0.0014636868039875385,0.013677775859832764,
50884.699999928474,0,0.40100979804992676,0.652620255947113,756.3426188665284,498.0392058197709,0.7113749784231186,0.0014636868039875385,0.013677775859832764,
50884.699999928474,1,0.597573459148407,0.6336777806282043,528.8185581596549,482.93067412180596,0.7113749784231186,0.0014636868039875385,0.013677775859832764,
50937.299999952316,0,0.400929719209671,0.6523618102073669,756.4716515556996,497.8628787937903,0.7113749784231186,0.0014636868039875385,0.013677775859832764,
50937.299999952316,1,0.6125478148460388,0.5818458199501038,509.8191359800045,445.52478307117104,0.7113749784231186,0.0014636868039875385,0.013677775859832764,
50993.5,0,0.400947242975235,0.6525254249572754,756.3528154417734,497.9451037452204,0.7113749784231186,0.0014636868039875385,0.013677775859832764,
50993.5,1,0.618192732334137,0.5732845067977905,502.35406087898104,439.4843080984127,0.7113749784231186,0.0014636868039875385,0.013677775859832764,
51048,0,0.40113288164138794,0.6523338556289673,756.0130757086193,497.7690764771562,0.7113749784231186,0.0014636868039875385,0.013677775859832764,
51048,1,0.6128001809120178,0.5613193511962891,511.19354715615395,429.7884353534887,0.7113749784231186,0.0014636868039875385,0.013677775859832764,
51103.5,0,0.4010455906391144,0.6527111530303955,756.2217599738917,498.0769092376004,0.7113749784231186,0.0014636868039875385,0.013677775859832764,
51103.5,1,0.5980370044708252,0.5637366771697998,531.3905412995375,430.69234810226567,0.7113749784231186,0.0014636868039875385,0.013677775859832764,
51158.199999928474,0,0.4008648991584778,0.6527117490768433,756.4569829778837,498.07879981917324,0.7113749784231186,0.0014636868039875385,0.013677775859832764,
51158.199999928474,1,0.5954563617706299,0.6407919526100159,530.9834374226476,488.3259997659492,0.7113749784231186,0.0014636868039875385,0.013677775859832764,
51213.799999952316,0,0.40096157789230347,0.6521985530853271,756.2163309919291,497.66564633220037,0.7113749784231186,0.0014636868039875385,0.013677775859832764,
51213.799999952316,1,0.595308780670166,0.6652640104293823,530.0542438588692,506.4638924262177,0.7113749784231186,0.0014636868039875385,0.013677775859832764,
51268.10000002384,0,0.40103206038475037,0.6518456935882568,756.0638578540018,497.3881144286745,0.7113749784231186,0.0014636868039875385,0.013677775859832764,
51268.10000002384,1,0.594541609287262,0.6662918925285339,530.70850492126,507.3453799791592,0.7113749784231186,0.0014636868039875385,0.013677775859832764,
51324.299999952316,0,0.40085113048553467,0.6517138481140137,756.3345974548902,497.3079650989229,0.7113749784231186,0.0014636868039875385,0.013677775859832764,
51324.299999952316,1,0.5945069789886475,0.666635274887085,530.8560250829147,507.5485851227913,0.7113749784231186,0.0014636868039875385,0.013677775859832764,
51378.699999928474,0,0.4009248614311218,0.6523265838623047,756.383342029811,497.8026348800645,0.8443743240833282,0.0014086887667453991,0.025499939918518066,
51378.699999928474,1,0.5946489572525024,0.6662447452545166,530.7188411657547,507.24825492269514,0.8443743240833282,0.0014086887667453991,0.025499939918518066,
51439,0,0.4009254574775696,0.6523423194885254,756.4631720876209,497.84372626368213,0.8443743240833282,0.0014086887667453991,0.025499939918518066,
51439,1,0.5945748686790466,0.6662495732307434,530.840789996178,507.24003381409136,0.8443743240833282,0.0014086887667453991,0.025499939918518066,
51493.39999997616,0,0.40099266171455383,0.6521451473236084,756.3959788192113,497.7086774838042,0.8443743240833282,0.0014086887667453991,0.025499939918518066,
51493.39999997616,1,0.5948634743690491,0.6659084558486938,530.4005224219029,507.024927389979,0.8443743240833282,0.0014086887667453991,0.025499939918518066,
51553.199999928474,0,0.4010086953639984,0.6522598266601562,756.2893640640548,497.759510166791,0.8443743240833282,0.0014086887667453991,0.025499939918518066,
51553.199999928474,1,0.5954705476760864,0.665509819984436,529.1485883869718,506.93678968064705,0.8443743240833282,0.0014086887667453991,0.025499939918518066,
51607.5,0,0.4010731875896454,0.6522088050842285,756.2192711973983,497.72738530528534,0.8443743240833282,0.0014086887667453991,0.025499939918518066,
51607.5,1,0.5950852036476135,0.6646114587783813,530.0664932497431,506.112574070131,0.8443743240833282,0.0014086887667453991,0.025499939918518066,
51664.39999997616,0,0.40089651942253113,0.6522056460380554,756.6069062679859,497.78431894694535,0.8443743240833282,0.0014086887667453991,0.025499939918518066,
51664.39999997616,1,0.5952120423316956,0.6661338806152344,529.7699459145692,507.26560262191657,0.8443743240833282,0.0014086887667453991,0.025499939918518066,
51719.10000002384,0,0.40105965733528137,0.6517370939254761,756.1874117749028,497.369514861989,0.8443743240833282,0.0014086887667453991,0.025499939918518066,
51719.10000002384,1,0.5947707891464233,0.6656346917152405,530.6878463337019,506.7548509469273,0.8443743240833282,0.0014086887667453991,0.025499939918518066,
51774.39999997616,0,0.4004828631877899,0.6513722538948059,757.0448479243981,497.1508463189258,0.8443743240833282,0.0014086887667453991,0.025499939918518066,
51774.39999997616,1,0.5954811573028564,0.6535130739212036,530.3883336183297,497.7531852817308,0.8443743240833282,0.0014086887667453991,0.025499939918518066,
51829.60000002384,0,0.40135201811790466,0.6522883772850037,755.5720719363871,497.6755964781089,0.8443743240833282,0.0014086887667453991,0.025499939918518066,
51829.60000002384,1,0.5999554991722107,0.6313236951828003,524.8980981373189,481.6658840391462,0.8443743240833282,0.0014086887667453991,0.025499939918518066,
51885.199999928474,0,0.4011157155036926,0.6523596048355103,756.0431060653814,497.7906372503342,0.8443743240833282,0.0014086887667453991,0.025499939918518066,
51885.199999928474,1,0.6230282783508301,0.5693591237068176,494.60685069209217,437.3976290610353,0.8443743240833282,0.0014086887667453991,0.025499939918518066,
51939.699999928474,0,0.4009069800376892,0.6522607803344727,756.3825711061751,497.7464695620065,0.8443743240833282,0.0014086887667453991,0.025499939918518066,
51939.699999928474,1,0.6353933811187744,0.5404548645019531,476.044485853099,417.633898919085,0.8443743240833282,0.0014086887667453991,0.025499939918518066,
51993.799999952316,0,0.40089839696884155,0.6524752974510193,756.4305853996512,497.914663725114,0.8443743240833282,0.0014086887667453991,0.025499939918518066,
51993.799999952316,1,0.6342030763626099,0.5348137021064758,476.42388203713335,413.92236116316093,0.8443743240833282,0.0014086887667453991,0.025499939918518066,
52050.799999952316,0,0.40093275904655457,0.6525603532791138,756.3572834607162,497.96502780318013,0.8443743240833282,0.0014086887667453991,0.025499939918518066,
52050.799999952316,1,0.6076322197914124,0.5397264361381531,519.6147261507917,413.05293533874345,0.8443743240833282,0.0014086887667453991,0.025499939918518066,
52105,0,0.4007025957107544,0.6528527140617371,756.6601671984279,498.1786006972822,0.8443743240833282,0.0014086887667453991,0.025499939918518066,
52105,1,0.5936570763587952,0.6371979117393494,533.7353960150706,485.51435361108946,0.8443743240833282,0.0014086887667453991,0.025499939918518066,
52159.60000002384,0,0.400704026222229,0.6526497602462769,756.6370340799439,498.0245569566313,0.8443743240833282,0.0014086887667453991,0.025499939918518066,
52159.60000002384,1,0.5944370627403259,0.6663092970848083,531.269771764978,507.17254344521933,0.8443743240833282,0.0014086887667453991,0.025499939918518066,
52213.10000002384,0,0.40066200494766235,0.6529445648193359,756.662093727464,498.2261104331148,0.8443743240833282,0.0014086887667453991,0.025499939918518066,
52213.10000002384,1,0.5940035581588745,0.6632847785949707,532.004008440466,504.9147487626824,0.8443743240833282,0.0014086887667453991,0.025499939918518066,
52268.5,0,0.4006059169769287,0.6529566049575806,756.7534228565661,498.2420635840918,0.8443743240833282,0.0014086887667453991,0.025499939918518066,
52268.5,1,0.5941219329833984,0.6638377904891968,531.7699674532363,505.3499662323868,0.8443743240833282,0.0014086887667453991,0.025499939918518066,
52324.5,0,0.4005715250968933,0.652907133102417,756.7880307688818,498.2029358554642,0.85,0.0017983667069270016,0.029111385345458984,
52324.5,1,0.5946021676063538,0.6644090414047241,530.8773392818152,505.88385825226123,0.85,0.0017983667069270016,0.029111385345458984,
52383.60000002384,0,0.40072101354599,0.6530094146728516,756.6321385530509,498.28977137782346,0.85,0.0017983667069270016,0.029111385345458984,
52383.60000002384,1,0.5945008993148804,0.6640477776527405,531.4520336303378,505.4258049320209,0.85,0.0017983667069270016,0.029111385345458984,
52439.699999928474,0,0.4009195566177368,0.6526800394058228,756.4961998272312,498.09623748347116,0.85,0.0017983667069270016,0.029111385345458984,
52439.699999928474,1,0.5939628481864929,0.6652594804763794,531.8604492323723,506.4238968704193,0.85,0.0017983667069270016,0.029111385345458984,
52494.5,0,0.4009270966053009,0.653071939945221,756.6383744356892,498.43360671558816,0.85,0.0017983667069270016,0.029111385345458984,
52494.5,1,0.5934762954711914,0.6649609804153442,532.7799676164939,506.0758323929473,0.85,0.0017983667069270016,0.029111385345458984,
52554.89999997616,0,0.40105363726615906,0.6526350975036621,756.2428507433726,498.03378139176385,0.85,0.0017983667069270016,0.029111385345458984,
52554.89999997616,1,0.593959629535675,0.6653280258178711,532.0337890147607,506.39779350730873,0.85,0.0017983667069270016,0.029111385345458984,
52609.299999952316,0,0.40070632100105286,0.6530381441116333,756.7118529250429,498.3330029623163,0.85,0.0017983667069270016,0.029111385345458984,
52609.299999952316,1,0.5936298370361328,0.6660503149032593,532.4869744498803,506.90385953403154,0.85,0.0017983667069270016,0.029111385345458984,
52666.799999952316,0,0.4005713164806366,0.6530380249023438,756.9543580022766,498.3585341304485,0.85,0.0017983667069270016,0.029111385345458984,
52666.799999952316,1,0.5938109755516052,0.6645890474319458,532.6392990838276,505.67522132739657,0.85,0.0017983667069270016,0.029111385345458984,
52720.799999952316,0,0.40075498819351196,0.6529945731163025,756.6095755552992,498.28684804265987,0.85,0.0017983667069270016,0.029111385345458984,
52720.799999952316,1,0.5943364500999451,0.6655827164649963,531.2842748930967,506.6997384473337,0.85,0.0017983667069270016,0.029111385345458984,
52776.10000002384,0,0.40078088641166687,0.6525987982749939,756.5692916657537,497.99924551344134,0.85,0.0017983667069270016,0.029111385345458984,
52776.10000002384,1,0.5942252278327942,0.6663674712181091,531.6158996440824,507.181096351167,0.85,0.0017983667069270016,0.029111385345458984,
52830.199999928474,0,0.40082934498786926,0.6524326801300049,756.4549161016948,497.8601717791859,0.85,0.0017983667069270016,0.029111385345458984,
52830.199999928474,1,0.5940962433815002,0.6655508279800415,531.6007525945016,506.6728296933042,0.85,0.0017983667069270016,0.029111385345458984,
52886.60000002384,0,0.40096548199653625,0.6522166728973389,756.1072313088721,497.63935271174904,0.85,0.0017983667069270016,0.029111385345458984,
52886.60000002384,1,0.5938924551010132,0.6653566360473633,532.2612263940977,506.35435279965753,0.85,0.0017983667069270016,0.029111385345458984,
52940.10000002384,0,0.4013294577598572,0.6506704688072205,755.2785599008057,496.385523403868,0.85,0.0017983667069270016,0.029111385345458984,
52940.10000002384,1,0.5942436456680298,0.666251003742218,531.6121221160129,507.0883977302775,0.85,0.0017983667069270016,0.029111385345458984,
52996.39999997616,0,0.4011540710926056,0.6500028967857361,755.3702210513437,495.8520448978712,0.85,0.0017983667069270016,0.029111385345458984,
52996.39999997616,1,0.5940149426460266,0.6653611660003662,532.1894312927639,506.31871222191154,0.85,0.0017983667069270016,0.029111385345458984,
53050.60000002384,0,0.4012390971183777,0.6513171195983887,755.0992231203699,496.7327970777707,0.85,0.0017983667069270016,0.029111385345458984,
53050.60000002384,1,0.5941424369812012,0.6656938791275024,531.83028794329,506.6474776742124,0.85,0.0017983667069270016,0.029111385345458984,
53105.39999997616,0,0.40123486518859863,0.6493978500366211,753.628563187995,494.7030545337741,0.85,0.0017983667069270016,0.029111385345458984,
53105.39999997616,1,0.5940722823143005,0.665427565574646,532.2206519178966,506.31819327682206,0.85,0.0017983667069270016,0.029111385345458984,
53159,0,0.4026731252670288,0.6422146558761597,750.899008326702,489.09425733781416,0.85,0.0017983667069270016,0.029111385345458984,
53159,1,0.5941303968429565,0.6659579277038574,531.9446842546365,506.7927391893746,0.85,0.0017983667069270016,0.029111385345458984,
53214,0,0.39399632811546326,0.6494258642196655,760.8863542894487,493.68277068711086,0.85,0.0017983667069270016,0.029111385345458984,
53214,1,0.5940072536468506,0.6653732657432556,532.4640947215684,506.2041423180536,0.85,0.0017983667069270016,0.029111385345458984,
53267.89999997616,0,0.38289934396743774,0.674835205078125,776.3450764098836,512.6501069729245,0.85,0.0017983667069270016,0.029111385345458984,
53267.89999997616,1,0.5939595103263855,0.6670145392417908,532.347439365555,507.46896048175256,0.85,0.0017983667069270016,0.029111385345458984,
53324.39999997616,0,0.37274429202079773,0.7552482485771179,789.8379615707067,570.7919691488448,0.85,0.0017983667069270016,0.029111385345458984,
53324.39999997616,1,0.594122052192688,0.6660653352737427,532.4707069232126,506.6295044593289,0.85,0.0017983667069270016,0.029111385345458984,
53378.5,0,0.3607608675956726,0.8609261512756348,807.0009368901971,647.6876116067799,0.85,0.0017983667069270016,0.029111385345458984,
53378.5,1,0.5959265232086182,0.6654131412506104,529.5318039551679,506.45203983130045,0.85,0.0017983667069270016,0.029111385345458984,
53434.699999928474,0,0.35943055152893066,0.9402326345443726,809.8056808573758,705.2079032925194,0.85,0.0017983667069270016,0.029111385345458984,
53434.699999928474,1,0.5962883234024048,0.6655979156494141,528.9575507451713,506.6348566162161,0.85,0.0017983667069270016,0.029111385345458984,
53492.39999997616,0,0.34714582562446594,1.0506596565246582,825.2204780691225,784.6024361462719,0.85,0.0017983667069270016,0.029111385345458984,
53492.39999997616,1,0.5959572792053223,0.6660774946212769,529.3447562299419,506.9963961984363,0.85,0.0017983667069270016,0.029111385345458984,
53548.199999928474,0,0.33285635709762573,1.1719378232955933,849.3566930202744,873.4424564599882,0.85,0.0017983667069270016,0.029111385345458984,
53548.199999928474,1,0.5956605672836304,0.6655086278915405,530.2239161592184,506.35968983405314,0.85,0.0017983667069270016,0.029111385345458984,
53602.699999928474,0,0.3108426630496979,1.2056840658187866,875.9886020328572,897.4589860771028,0.85,0.0017983667069270016,0.029111385345458984,
53602.699999928474,1,0.595711886882782,0.665595531463623,530.0133323621202,506.48929820496204,0.85,0.0017983667069270016,0.029111385345458984,
53658.799999952316,0,0.595673143863678,0.6641308665275574,530.3020599932818,505.32359529597517,0.85,0.0017983667069270016,0.029111385345458984,
53701.39999997616,0,0.595710039138794,0.6644405126571655,530.155453951682,505.59304017745706,0.85,0.0017983667069270016,0.029111385345458984,
53744,0,0.5958489179611206,0.6639243364334106,530.2382243386726,505.0985443818257,0.8200000000000001,0.002855551715269355,0.5150620937347412,
53791.10000002384,0,0.5957802534103394,0.6661320924758911,530.1857181655155,506.7547091806524,0.8200000000000001,0.002855551715269355,0.5150620937347412,
53835.5,0,0.5955221652984619,0.6637857556343079,530.8110745495563,504.9244123366539,0.8200000000000001,0.002855551715269355,0.5150620937347412,
53878.39999997616,0,0.5958787202835083,0.6628439426422119,530.3919435741217,504.22822497947914,0.8200000000000001,0.002855551715269355,0.5150620937347412,
53921.10000002384,0,0.596378743648529,0.6653611063957214,529.0135994870909,506.38718869279774,0.8200000000000001,0.002855551715269355,0.5150620937347412,
53963.299999952316,0,0.5955289006233215,0.664326012134552,530.8512753625122,505.2896907407354,0.8200000000000001,0.002855551715269355,0.5150620937347412,
54009.89999997616,0,0.5962356328964233,0.6634188294410706,529.5247395924829,504.8378092810302,0.8200000000000001,0.002855551715269355,0.5150620937347412,
54052.39999997616,0,0.5957641005516052,0.6634144186973572,530.5383447784762,504.6391194423481,0.8200000000000001,0.002855551715269355,0.5150620937347412,
54095.299999952316,0,0.5957776308059692,0.6634767055511475,530.5158595000951,504.6864770292264,0.8200000000000001,0.002855551715269355,0.5150620937347412,
54137.699999928474,0,0.5963040590286255,0.6638912558555603,529.6268615646684,505.08844840433164,0.8200000000000001,0.002855551715269355,0.5150620937347412,
54183.299999952316,0,0.5957596302032471,0.663141131401062,530.6536588740775,504.38879988031204,0.8200000000000001,0.002855551715269355,0.5150620937347412,
54225.89999997616,0,0.5961758494377136,0.6644760966300964,529.6335349612855,505.58392915555845,0.8200000000000001,0.002855551715269355,0.5150620937347412,
54268.299999952316,0,0.5957886576652527,0.6628824472427368,530.7063547480847,504.1582282443563,0.8200000000000001,0.002855551715269355,0.5150620937347412,
54310.60000002384,0,0.5955734252929688,0.6636804938316345,530.6869586336875,504.8768873706661,0.8200000000000001,0.002855551715269355,0.5150620937347412,
54354.799999952316,0,0.5954182147979736,0.6629371643066406,531.3113429732323,504.1324276798807,0.8200000000000001,0.002855551715269355,0.5150620937347412,
54397.39999997616,0,0.5956205725669861,0.6615082025527954,530.8499649380681,503.20408882190327,0.8200000000000001,0.002855551715269355,0.5150620937347412,
54440.299999952316,0,0.5961199998855591,0.6622582077980042,529.9151519471235,503.88750281979475,0.8200000000000001,0.002855551715269355,0.5150620937347412,
54483.299999952316,0,0.5958248376846313,0.6616570949554443,530.4554749271024,503.37633785160386,0.8200000000000001,0.002855551715269355,0.5150620937347412,
54527.699999928474,0,0.5957082509994507,0.6631907820701599,530.4791610353224,504.54123514995956,0.8200000000000001,0.002855551715269355,0.5150620937347412,